{
"type": "FeatureCollection",
"name": "MO_State_Boundary",
"crs": { "type": "name", "properties": { "name": "urn:ogc:def:crs:OGC:1.3:CRS84" } },
"features": [
{ "type": "Feature", "properties": { "OBJECTID": 1, "PSTATENAME": "MISSOURI", "PSTATEABBR": "MO", "PSTATEFIPS": "29", "PSTATEGNIS": "1779791", "GlobalID": "4c3286e9-d48a-4660-8b4c-7cffc1f4f7a0", "SHAPE__Are": 294379194927.60199, "SHAPE__Len": 3060558.1000658702 }, "geometry": { "type": "Polygon", "coordinates": [ [ [ -91.729110473922589, 40.613632596449662 ], [ -91.721197244098931, 40.603046945129982 ], [ -91.720065159057924, 40.601534530182597 ], [ -91.716776044263284, 40.598537673306438 ], [ -91.716714484424543, 40.598501253392691 ], [ -91.715766597624608, 40.597849792248198 ], [ -91.714700618186896, 40.597013181264153 ], [ -91.713592452380354, 40.596207811341905 ], [ -91.712318500263891, 40.595368861642747 ], [ -91.710755787402363, 40.594399788863932 ], [ -91.708528679788671, 40.593359824872252 ], [ -91.706630795881765, 40.592513832927416 ], [ -91.704979521202105, 40.591829182996506 ], [ -91.703327664415042, 40.591176223781531 ], [ -91.701387696949681, 40.590361395082631 ], [ -91.698082525911985, 40.588964511105715 ], [ -91.696785745929688, 40.588422143137272 ], [ -91.695604752163334, 40.587739233688495 ], [ -91.694356023935157, 40.587075541801475 ], [ -91.692367939938165, 40.585835280479586 ], [ -91.69132315601064, 40.585159208730133 ], [ -91.689624300405455, 40.583985437630993 ], [ -91.688827045231491, 40.583416572813306 ], [ -91.688419528329675, 40.583007035085664 ], [ -91.687583143669301, 40.58228585067684 ], [ -91.687054141974443, 40.581757936569389 ], [ -91.686363961766531, 40.580882687391153 ], [ -91.68585934917445, 40.580273535091017 ], [ -91.68566032574968, 40.579844260766883 ], [ -91.685603373273025, 40.579574753991814 ], [ -91.685467185172527, 40.579114561798811 ], [ -91.685458520883884, 40.578497671601632 ], [ -91.685560041721956, 40.577549914166461 ], [ -91.685758435820262, 40.576951193607968 ], [ -91.686383934906758, 40.575724722749356 ], [ -91.686795865444466, 40.574812124377495 ], [ -91.687228519627112, 40.573899759891582 ], [ -91.687678725663289, 40.573058734364807 ], [ -91.689974135851372, 40.568639994942153 ], [ -91.691080870225775, 40.566490003101514 ], [ -91.6913250426677, 40.565699735134444 ], [ -91.691564207613638, 40.564875081802164 ], [ -91.691578784350284, 40.56441789427906 ], [ -91.691632722192224, 40.56378407677569 ], [ -91.691648162740762, 40.562991216667037 ], [ -91.691598217603939, 40.562230160159608 ], [ -91.691048396519008, 40.560684620354316 ], [ -91.690729635528939, 40.559967275698206 ], [ -91.690449064553647, 40.559424830997266 ], [ -91.689733678803748, 40.558449698875499 ], [ -91.689229740079256, 40.557967677215522 ], [ -91.688707125971135, 40.557398349251834 ], [ -91.685203003698206, 40.555099472625542 ], [ -91.681720882971277, 40.553042587577195 ], [ -91.679178777287149, 40.552451053123654 ], [ -91.676870534962561, 40.551974170468412 ], [ -91.675027208207865, 40.551604106302605 ], [ -91.673204693080876, 40.551234252712348 ], [ -91.671774984138025, 40.550979911852757 ], [ -91.671174941110309, 40.550830263944214 ], [ -91.670511279660076, 40.550743325371293 ], [ -91.669101125436569, 40.550552618432221 ], [ -91.667130010732052, 40.550339563573473 ], [ -91.665447110216036, 40.550272551228929 ], [ -91.663597278038111, 40.550235305127551 ], [ -91.659818442398432, 40.550010220241944 ], [ -91.658197117637471, 40.549934794579777 ], [ -91.65651677527994, 40.549740797238947 ], [ -91.655273306535932, 40.549536000541558 ], [ -91.653906388646575, 40.549266309266741 ], [ -91.652518693585264, 40.548996359487205 ], [ -91.651318417345706, 40.54871271998659 ], [ -91.649207644260727, 40.548212236151251 ], [ -91.647988205696691, 40.547849035732995 ], [ -91.64500255451081, 40.546981338719924 ], [ -91.643717507896056, 40.546695367552765 ], [ -91.640518431669037, 40.546013514176366 ], [ -91.638089305223417, 40.545548488548334 ], [ -91.63491819113294, 40.545169548714654 ], [ -91.632831646479829, 40.544736422993275 ], [ -91.629392452032661, 40.544140546099598 ], [ -91.627277786963475, 40.543845804735966 ], [ -91.625167839530846, 40.543507748839239 ], [ -91.623923143221035, 40.543187325445906 ], [ -91.622581173588074, 40.542727234153631 ], [ -91.621777691345557, 40.54236871569173 ], [ -91.621503996669247, 40.542235191852491 ], [ -91.620674331514095, 40.541659724737855 ], [ -91.620177909862264, 40.541302812533459 ], [ -91.619688185819243, 40.540852863160424 ], [ -91.61918289064856, 40.540148954749121 ], [ -91.618821799030073, 40.539510210985455 ], [ -91.618504882450154, 40.538745107992739 ], [ -91.618180226793328, 40.537345485071285 ], [ -91.617994875890702, 40.536248879921565 ], [ -91.617873508406859, 40.535073735688044 ], [ -91.61785149538666, 40.53412183087962 ], [ -91.617780746221854, 40.533518277642862 ], [ -91.617730783819397, 40.532914973023296 ], [ -91.617751641006976, 40.531900138010982 ], [ -91.617790671710111, 40.531012404959 ], [ -91.617935563365521, 40.530030774458204 ], [ -91.618076542253306, 40.529239425257607 ], [ -91.618238297113763, 40.52844832425577 ], [ -91.618465648397162, 40.527499400699348 ], [ -91.618659471308547, 40.526881359466756 ], [ -91.618769087694801, 40.526614150723425 ], [ -91.621768821816133, 40.51822553752087 ], [ -91.621808582119272, 40.518138230375939 ], [ -91.622202842585139, 40.517047565387351 ], [ -91.622368860270512, 40.514369640701076 ], [ -91.621880949031322, 40.512332346057306 ], [ -91.621641641636813, 40.511252703321183 ], [ -91.62078751700129, 40.508887191045268 ], [ -91.620090050281433, 40.507902416088946 ], [ -91.619025017750701, 40.506584588060655 ], [ -91.618058652636805, 40.505629929135118 ], [ -91.616313305528067, 40.504322989491115 ], [ -91.612790847312482, 40.502307980384479 ], [ -91.610639548381869, 40.501338416582428 ], [ -91.609569360473614, 40.500841789564376 ], [ -91.608163657504761, 40.499992175155434 ], [ -91.605104292286924, 40.498821334802692 ], [ -91.602373587336402, 40.497838114520007 ], [ -91.602200375578391, 40.497753558144225 ], [ -91.601328563667394, 40.497460697767252 ], [ -91.600024891118537, 40.497059494895318 ], [ -91.599437741609194, 40.496841260264254 ], [ -91.598318171858082, 40.496446789165738 ], [ -91.594644901219809, 40.494665861077998 ], [ -91.592470084681622, 40.493354666759586 ], [ -91.591385527883517, 40.492564272149856 ], [ -91.589778917291568, 40.490911015066722 ], [ -91.586713829180127, 40.486495991249491 ], [ -91.585176502318689, 40.483618837776255 ], [ -91.584600717371742, 40.481984663583717 ], [ -91.584413557049217, 40.481406189024938 ], [ -91.583322413719912, 40.479125924310928 ], [ -91.582835385537209, 40.476986959408229 ], [ -91.582444360323308, 40.474710995257951 ], [ -91.581535318663313, 40.472884032721161 ], [ -91.580362266441568, 40.47102307425088 ], [ -91.577882163605736, 40.468462143829626 ], [ -91.576020088066898, 40.466775191834081 ], [ -91.575937438124527, 40.466667733732535 ], [ -91.574753036443724, 40.465672224508502 ], [ -91.570922886623947, 40.463701304978706 ], [ -91.567749764074762, 40.462298367280404 ], [ -91.567659362074835, 40.462224127422928 ], [ -91.567005735431536, 40.462108380505704 ], [ -91.563851613837031, 40.460995439751713 ], [ -91.560577491091749, 40.460398493310194 ], [ -91.55681234877558, 40.45950755743889 ], [ -91.552698194565593, 40.458776623861723 ], [ -91.548752161243243, 40.458235085218192 ], [ -91.548373032982752, 40.458237691962182 ], [ -91.543791864819255, 40.458156756846428 ], [ -91.538355666725039, 40.458409829947527 ], [ -91.535661569777929, 40.458749863532603 ], [ -91.5339325074724, 40.458931885776941 ], [ -91.53376850158925, 40.458948888109482 ], [ -91.530541383855962, 40.459027932411303 ], [ -91.529675971239413, 40.45898027759835 ], [ -91.529299959420626, 40.45895956959496 ], [ -91.527799926897941, 40.458847564266847 ], [ -91.527006006210101, 40.458682572032806 ], [ -91.525962553514844, 40.45818398671824 ], [ -91.524970042619302, 40.457211088325849 ], [ -91.523962734156953, 40.455680435768357 ], [ -91.52340794447224, 40.45385612827873 ], [ -91.523297424708701, 40.452314329938325 ], [ -91.523295515567739, 40.451583165091328 ], [ -91.52329601451811, 40.450943014394447 ], [ -91.523334790068262, 40.450406603201756 ], [ -91.523540224468263, 40.449665819153545 ], [ -91.524207984236753, 40.448796711390251 ], [ -91.525139891694835, 40.447590241834952 ], [ -91.525552676669619, 40.447254779774035 ], [ -91.529105253297317, 40.444844121214686 ], [ -91.529859682939446, 40.44426951534026 ], [ -91.53052843007589, 40.443871746464481 ], [ -91.531214745606604, 40.443384862764717 ], [ -91.531919345339674, 40.442738108327468 ], [ -91.532462128211492, 40.441955187851839 ], [ -91.532914208617541, 40.441052314647237 ], [ -91.533175789799699, 40.440208972692403 ], [ -91.533532332114234, 40.438726675158186 ], [ -91.533350666141317, 40.437758967575768 ], [ -91.532883108330637, 40.437132918133003 ], [ -91.532276487336247, 40.436454939940582 ], [ -91.531848024833764, 40.43598868263345 ], [ -91.531446668018532, 40.43553673242932 ], [ -91.5311512899588, 40.435253697525575 ], [ -91.530899462925646, 40.43506896375942 ], [ -91.530474832153757, 40.434847122267421 ], [ -91.530374768348949, 40.434806916454676 ], [ -91.52995478672517, 40.434563069087673 ], [ -91.529338782144919, 40.43430742932464 ], [ -91.528601430080016, 40.434039915892114 ], [ -91.52764614522971, 40.433852224006877 ], [ -91.526663623195873, 40.433674501873199 ], [ -91.525611310084628, 40.43359913199906 ], [ -91.524139331443379, 40.433559696742435 ], [ -91.523314634840432, 40.433580138961496 ], [ -91.522731283846483, 40.433686261288656 ], [ -91.521905229146228, 40.433768627630229 ], [ -91.521066115739089, 40.433830169550063 ], [ -91.520351066880778, 40.433779718049017 ], [ -91.519853514992903, 40.43367009597727 ], [ -91.519519879785506, 40.433479970258126 ], [ -91.519296576167918, 40.433188005352896 ], [ -91.519105274192427, 40.432669297948522 ], [ -91.519020455171685, 40.43222422914674 ], [ -91.519050723304204, 40.431460555856297 ], [ -91.519156830127159, 40.430935331948866 ], [ -91.519303004497729, 40.430431272595605 ], [ -91.519503814509889, 40.429961425889203 ], [ -91.519969789842975, 40.428983964966463 ], [ -91.520534978865584, 40.427855432836317 ], [ -91.520913247457202, 40.427240764016048 ], [ -91.521294901787414, 40.426471259473907 ], [ -91.522717800104417, 40.424424420372219 ], [ -91.523533657563448, 40.423567530127251 ], [ -91.524065769381238, 40.423100293431105 ], [ -91.524552989662382, 40.422671931053706 ], [ -91.525076378605178, 40.422213977865567 ], [ -91.525490358619564, 40.42181657745455 ], [ -91.52589127763278, 40.421398358386263 ], [ -91.526282740237292, 40.420794164916025 ], [ -91.526550842691663, 40.420270998129553 ], [ -91.52670886658376, 40.419839354840732 ], [ -91.526759751060126, 40.418745534723584 ], [ -91.526678507381803, 40.417515802117052 ], [ -91.526539866788951, 40.416440215640321 ], [ -91.526509486789237, 40.41597519614043 ], [ -91.526451205282953, 40.414931609033253 ], [ -91.526326077701981, 40.413856194144586 ], [ -91.526096072289448, 40.412634890339056 ], [ -91.525822393155806, 40.412177091997947 ], [ -91.525203470790018, 40.41144643301876 ], [ -91.524592203960509, 40.410984325281397 ], [ -91.523189405266521, 40.410274625485705 ], [ -91.521783473840813, 40.409709420142683 ], [ -91.520064948772685, 40.409233124464876 ], [ -91.518505319608337, 40.408903391220207 ], [ -91.516510196065141, 40.408722928184559 ], [ -91.515066569604443, 40.4086476044817 ], [ -91.514092884820869, 40.408553660975635 ], [ -91.514000488313968, 40.408544745657046 ], [ -91.513498412238135, 40.408400295713953 ], [ -91.512706536800408, 40.408123293219077 ], [ -91.512319205491295, 40.407972119190092 ], [ -91.511890396479856, 40.407816884848657 ], [ -91.511507827569432, 40.407708707468565 ], [ -91.510761915097078, 40.407529692518281 ], [ -91.510037721378396, 40.407319791686334 ], [ -91.509120925495012, 40.406885506273674 ], [ -91.507881650846727, 40.406083333641185 ], [ -91.507022872512223, 40.405300621292476 ], [ -91.5066049402771, 40.404822056739157 ], [ -91.506121664810109, 40.404284410597505 ], [ -91.505808943023894, 40.403785364732393 ], [ -91.505514299934305, 40.403330228495882 ], [ -91.505075581525219, 40.402931464199796 ], [ -91.504588787913292, 40.402553914308392 ], [ -91.503989056495882, 40.402116666124201 ], [ -91.503369006081456, 40.401737386593652 ], [ -91.502737507737379, 40.401445309943824 ], [ -91.501762358858912, 40.401192453469513 ], [ -91.500769631461282, 40.400873845207485 ], [ -91.499928572793735, 40.400586314410198 ], [ -91.498621413395469, 40.400278166266943 ], [ -91.497521741929773, 40.400060054635688 ], [ -91.496431272324358, 40.399856610268287 ], [ -91.495319016917705, 40.399776623380163 ], [ -91.494509099464295, 40.399802476765018 ], [ -91.493735797084938, 40.399894316237187 ], [ -91.493283702555544, 40.400099529683921 ], [ -91.492632312578095, 40.400463393695865 ], [ -91.49260877134482, 40.400476543900055 ], [ -91.492122753814428, 40.400921533001281 ], [ -91.491560346245421, 40.401802292508215 ], [ -91.49136021357107, 40.402236449260243 ], [ -91.491220930507609, 40.402503971863091 ], [ -91.49091705572647, 40.402893097032816 ], [ -91.490410993864373, 40.403381493685423 ], [ -91.489720313054988, 40.404034905057451 ], [ -91.489225218660408, 40.404457924097827 ], [ -91.488914407619561, 40.404730481893459 ], [ -91.488469994145817, 40.405015850928478 ], [ -91.487997344400242, 40.405286289111004 ], [ -91.487497759414694, 40.405483579316282 ], [ -91.486846183893789, 40.405664318187206 ], [ -91.486129271114805, 40.405785963058371 ], [ -91.485479973324388, 40.405864811725166 ], [ -91.484879577789684, 40.405886062086005 ], [ -91.484413110831113, 40.405879947464669 ], [ -91.483843889061859, 40.405785129966588 ], [ -91.483256934409681, 40.405631840524542 ], [ -91.482701158284044, 40.405362487070548 ], [ -91.482305747473362, 40.405160751014932 ], [ -91.481875040879586, 40.404834799032862 ], [ -91.481504399634247, 40.404378604377214 ], [ -91.481206647795233, 40.404068955145732 ], [ -91.480904123959931, 40.40354813796344 ], [ -91.480527740616807, 40.402924436901351 ], [ -91.480160720153378, 40.402308136678876 ], [ -91.479951601986969, 40.401868619300295 ], [ -91.479791883405127, 40.401349676730398 ], [ -91.479733274071265, 40.400992212430715 ], [ -91.479659206354654, 40.400052186801062 ], [ -91.479659162673158, 40.399207766956444 ], [ -91.479710499866314, 40.39861880495436 ], [ -91.479866540867533, 40.398031219684079 ], [ -91.480008149198554, 40.397661828950085 ], [ -91.480443166002473, 40.396946879265791 ], [ -91.480689636197454, 40.3965715859607 ], [ -91.481070829798838, 40.396132547578283 ], [ -91.481409367782902, 40.395896771521677 ], [ -91.481987331315082, 40.395598624729793 ], [ -91.482410220519526, 40.395422189821403 ], [ -91.482965219914135, 40.395298442763995 ], [ -91.483491334406608, 40.395188873953124 ], [ -91.483959359895493, 40.395122217763699 ], [ -91.484625960117711, 40.39511639840336 ], [ -91.485329165156131, 40.395176569490246 ], [ -91.485858598167184, 40.395343653798932 ], [ -91.486319939753756, 40.3955753588844 ], [ -91.487137440452429, 40.396059226005342 ], [ -91.487709754628028, 40.39643796693602 ], [ -91.48839711039254, 40.396781812440373 ], [ -91.48887880827958, 40.396955537820041 ], [ -91.489399722560492, 40.397078816950163 ], [ -91.489856122886607, 40.397106618482702 ], [ -91.490447733303, 40.397048829358013 ], [ -91.490850273481527, 40.396930334425193 ], [ -91.491322202825856, 40.396688991405277 ], [ -91.491719605861789, 40.396373879514847 ], [ -91.492052488365445, 40.395963291178724 ], [ -91.492173852691693, 40.39564457770102 ], [ -91.492297651175704, 40.39521670248979 ], [ -91.492296413590992, 40.394845432261114 ], [ -91.492172738637919, 40.394414330369088 ], [ -91.492085026601771, 40.394078330011475 ], [ -91.491940356986561, 40.393719772985435 ], [ -91.491760238308714, 40.393273350152043 ], [ -91.491337843668163, 40.392576287209799 ], [ -91.491138198706253, 40.392136912792587 ], [ -91.490911953460952, 40.391609837174691 ], [ -91.49032125795712, 40.39035005295495 ], [ -91.490018558691602, 40.389836536069389 ], [ -91.489677305403191, 40.389344352684162 ], [ -91.489454742568739, 40.389079384044045 ], [ -91.488840911806363, 40.388430767138665 ], [ -91.488412881938814, 40.387988402469297 ], [ -91.488088567725356, 40.387591069404692 ], [ -91.487772799356762, 40.387237524036181 ], [ -91.487458172882555, 40.386833035982917 ], [ -91.487348039522132, 40.386649607830911 ], [ -91.486549872329064, 40.385307015473771 ], [ -91.486285290360641, 40.384793987611928 ], [ -91.485945230931421, 40.384250851927639 ], [ -91.485529044207325, 40.383706718948027 ], [ -91.485120260269539, 40.383257314181826 ], [ -91.484805341479031, 40.382867374841446 ], [ -91.484329788870738, 40.382424371251616 ], [ -91.483709704047243, 40.382059545880836 ], [ -91.483275378387333, 40.381900979551538 ], [ -91.482709134382333, 40.381682444649904 ], [ -91.481630159558236, 40.381406217804901 ], [ -91.480587623254181, 40.381203255441307 ], [ -91.47992197869479, 40.381172666950057 ], [ -91.479234846101434, 40.381250984557774 ], [ -91.478659287893763, 40.381447238749175 ], [ -91.478159201275474, 40.381673601382012 ], [ -91.477718230322864, 40.381999406980064 ], [ -91.477713915234844, 40.382002595996347 ], [ -91.4773447556788, 40.382332590553084 ], [ -91.476770337157447, 40.382900103730279 ], [ -91.476404453223651, 40.383506760022506 ], [ -91.476232174887997, 40.383970376576997 ], [ -91.476048737618797, 40.384506641331043 ], [ -91.475957017266609, 40.384774773102833 ], [ -91.475864969206327, 40.385057459402809 ], [ -91.47567414158172, 40.385498992483576 ], [ -91.475417677555555, 40.385895982889245 ], [ -91.474940352396928, 40.386377412223965 ], [ -91.474610043842361, 40.386671514119271 ], [ -91.474223945687456, 40.386906642167752 ], [ -91.473991046075582, 40.386991877715047 ], [ -91.473820781213917, 40.387054190041376 ], [ -91.473304888810077, 40.387134732331553 ], [ -91.472724844123931, 40.387105232455184 ], [ -91.472204203397951, 40.386974602194222 ], [ -91.471247101251336, 40.386779963408017 ], [ -91.470516927842155, 40.38665383465414 ], [ -91.469701437556907, 40.386512013123735 ], [ -91.468810141973435, 40.386354622085804 ], [ -91.467396744418522, 40.38613206947899 ], [ -91.466173032326154, 40.385941133239754 ], [ -91.46514984129206, 40.385723729340377 ], [ -91.464826600389301, 40.385704878742644 ], [ -91.464294652143053, 40.385654137322476 ], [ -91.463857836901141, 40.385509520480014 ], [ -91.463464249392004, 40.385310564117155 ], [ -91.463179834284858, 40.385085382102616 ], [ -91.46295283827078, 40.384722587686291 ], [ -91.462924834658125, 40.384362438545395 ], [ -91.462915236675855, 40.383988695849212 ], [ -91.462906895575912, 40.38355961961782 ], [ -91.46310037339498, 40.383008688557055 ], [ -91.463289446135533, 40.382651423923555 ], [ -91.463623546247163, 40.382282249814544 ], [ -91.464030631300972, 40.381886368756845 ], [ -91.464365353095275, 40.381489524201307 ], [ -91.464665149507937, 40.381036865493748 ], [ -91.465041693503082, 40.380391498537278 ], [ -91.465326217451874, 40.379814096452456 ], [ -91.465683404052527, 40.379223820539508 ], [ -91.465806501015166, 40.378931892450119 ], [ -91.465905918417448, 40.378188953455989 ], [ -91.465774392790678, 40.377606027982985 ], [ -91.465566750008307, 40.377188144839558 ], [ -91.465321677248753, 40.376825114781624 ], [ -91.464874497525386, 40.376597776218446 ], [ -91.464299135307641, 40.376437921987034 ], [ -91.463745006049052, 40.376139970846694 ], [ -91.462951653204286, 40.376018726211711 ], [ -91.46203043000186, 40.375951125583036 ], [ -91.460893098613639, 40.375839128110279 ], [ -91.459480672279497, 40.375889505272447 ], [ -91.458286245119865, 40.375901260200393 ], [ -91.457346310793426, 40.37586104744144 ], [ -91.45677099335758, 40.375766576603397 ], [ -91.456532928404073, 40.375713838429832 ], [ -91.456065374403167, 40.375669472943585 ], [ -91.455206239881292, 40.375642815874002 ], [ -91.45444232324013, 40.375582978780194 ], [ -91.45376651212689, 40.37574404034735 ], [ -91.453147100073267, 40.375929481378968 ], [ -91.452510545687375, 40.376073176721356 ], [ -91.451860016859186, 40.376036793361685 ], [ -91.451371647083036, 40.37603025310581 ], [ -91.450699545961598, 40.37614578675236 ], [ -91.449952554835363, 40.376371013858346 ], [ -91.449295681963605, 40.376611283047033 ], [ -91.448748285998477, 40.376811503566337 ], [ -91.448344317595641, 40.3770689975332 ], [ -91.447920990726601, 40.377381579506789 ], [ -91.447480841271627, 40.377638583792333 ], [ -91.447058778770582, 40.377895829311186 ], [ -91.446691927953111, 40.378112303054948 ], [ -91.446306671286962, 40.378342365600076 ], [ -91.446101506829805, 40.378536943406921 ], [ -91.445918231587029, 40.378710759990824 ], [ -91.445865595477585, 40.378777363479394 ], [ -91.44558278149708, 40.379135215649193 ], [ -91.445377763348517, 40.379395372722691 ], [ -91.445203514114525, 40.379891182137932 ], [ -91.445177791470798, 40.380222938196376 ], [ -91.445064759913535, 40.381203885677948 ], [ -91.445046626239119, 40.381992383217117 ], [ -91.445077395936124, 40.38222803590056 ], [ -91.445049238727734, 40.383034468086116 ], [ -91.445152879138931, 40.3836970052865 ], [ -91.445406068517514, 40.384435931566415 ], [ -91.445432021186548, 40.38471726620508 ], [ -91.44547521347539, 40.385188911845191 ], [ -91.445424017634835, 40.385535323684863 ], [ -91.44532241071839, 40.38572403569966 ], [ -91.445091341979065, 40.385902742882806 ], [ -91.444752039588877, 40.386088257312529 ], [ -91.444393407463338, 40.386174339689724 ], [ -91.443905694303538, 40.386233890915932 ], [ -91.443354867178257, 40.386218211200912 ], [ -91.442707181979685, 40.386184696046293 ], [ -91.441994862781726, 40.386142041727453 ], [ -91.441100015819245, 40.386047336537388 ], [ -91.440000653694725, 40.385916807755393 ], [ -91.43961303695491, 40.385853726882821 ], [ -91.438750802054116, 40.385751179135511 ], [ -91.437900899309085, 40.385582677947802 ], [ -91.437287547063107, 40.385466952708171 ], [ -91.436567110336085, 40.385308456162889 ], [ -91.436031658794988, 40.385193262400179 ], [ -91.434771819260149, 40.384895742853054 ], [ -91.433837612372741, 40.384635163226974 ], [ -91.432764302930281, 40.384314840525256 ], [ -91.431927729787205, 40.384039039889423 ], [ -91.430887808151937, 40.38367783084967 ], [ -91.429600565055708, 40.383263667922613 ], [ -91.428956950175788, 40.383056580291665 ], [ -91.428623956193903, 40.382969412177303 ], [ -91.427850318852535, 40.382777081113737 ], [ -91.427323246753289, 40.382670740910449 ], [ -91.426644732558145, 40.38257060203501 ], [ -91.425956188281162, 40.382437266271928 ], [ -91.42525626570567, 40.382328563255328 ], [ -91.424591258509068, 40.382112896375396 ], [ -91.423885160043824, 40.381805759188126 ], [ -91.423533268454847, 40.381602618883612 ], [ -91.422924410165834, 40.381296800822597 ], [ -91.422232409035104, 40.380849352309134 ], [ -91.421510899439355, 40.380277533204627 ], [ -91.42084457579405, 40.379656877040816 ], [ -91.420017764476071, 40.378967910354682 ], [ -91.419243739201733, 40.378240647499645 ], [ -91.419472891256035, 40.378032707492721 ], [ -91.420945088475349, 40.376740957445051 ], [ -91.422224794342526, 40.375617956640177 ], [ -91.423022608465345, 40.374769355193891 ], [ -91.423905662814576, 40.373971495510155 ], [ -91.424785235017097, 40.373322338843082 ], [ -91.425224628880216, 40.373014281250889 ], [ -91.426146999544756, 40.372382225103266 ], [ -91.427308914415903, 40.37167077802733 ], [ -91.428622412258548, 40.370944850147183 ], [ -91.429936649218803, 40.370185859805922 ], [ -91.431464972440452, 40.369512401640968 ], [ -91.433188456039161, 40.368808510449171 ], [ -91.434693585108718, 40.368200809508053 ], [ -91.436413178362656, 40.367578659140051 ], [ -91.436807375224205, 40.36743603324382 ], [ -91.437090880179852, 40.36732416541065 ], [ -91.438465564292301, 40.366747708910573 ], [ -91.440169591377298, 40.365944277619803 ], [ -91.441746632523902, 40.365023410098694 ], [ -91.442975345372162, 40.364213531115162 ], [ -91.443226404935075, 40.36405534968015 ], [ -91.443874308657826, 40.363647130673684 ], [ -91.44475279578262, 40.363030862033163 ], [ -91.445325056744693, 40.362575755801572 ], [ -91.445700244944007, 40.362233698254066 ], [ -91.446208829179326, 40.361728145870437 ], [ -91.446521861017246, 40.361269549774406 ], [ -91.446790172598497, 40.360876466925255 ], [ -91.4471474348274, 40.360426760165502 ], [ -91.447517274545547, 40.359742163347306 ], [ -91.44821486680047, 40.358803379246204 ], [ -91.448679260094337, 40.358206243504817 ], [ -91.449143642728799, 40.35760910565412 ], [ -91.449526717371825, 40.357047816741527 ], [ -91.449890590034315, 40.3566217186061 ], [ -91.450424108217661, 40.355816170323372 ], [ -91.450853460700856, 40.355341691341486 ], [ -91.451186544198961, 40.354853609088799 ], [ -91.451616167899701, 40.354366817663468 ], [ -91.453049528311823, 40.352920679547161 ], [ -91.453791304852587, 40.352154841896386 ], [ -91.454879662622957, 40.351011908826557 ], [ -91.455803998945967, 40.350002223754466 ], [ -91.455815285512159, 40.34998692631558 ], [ -91.456019902432686, 40.349709579143564 ], [ -91.456073369442436, 40.349651693978529 ], [ -91.456547957319401, 40.349137887359156 ], [ -91.457078528431239, 40.348455403997697 ], [ -91.458532218020068, 40.346812449190637 ], [ -91.459722260433637, 40.345436863707704 ], [ -91.460169249432994, 40.344888702031398 ], [ -91.460898966113533, 40.34393795022104 ], [ -91.461695528096229, 40.342877261793738 ], [ -91.462362526875793, 40.341851785237274 ], [ -91.46309664965176, 40.340704059782276 ], [ -91.463728357599749, 40.339813555795267 ], [ -91.464296817837464, 40.338872953849673 ], [ -91.465749375113361, 40.33655263623681 ], [ -91.466388991190399, 40.335113495019414 ], [ -91.46661015315965, 40.334468862360261 ], [ -91.467006160465175, 40.333292873835809 ], [ -91.467145162683821, 40.332884877432939 ], [ -91.468632178511157, 40.326511940972964 ], [ -91.469111183500488, 40.324436961815202 ], [ -91.469663192905699, 40.322416981350209 ], [ -91.47023291027277, 40.321117368779895 ], [ -91.47029686034881, 40.320971485106718 ], [ -91.470790221498859, 40.319846005367317 ], [ -91.471833247059521, 40.317348028555436 ], [ -91.4730982831381, 40.315010050114438 ], [ -91.474070471034665, 40.31310999423124 ], [ -91.475310483770215, 40.31075152438688 ], [ -91.47600973368364, 40.309645604325056 ], [ -91.476876326478063, 40.308294076694033 ], [ -91.47819881134707, 40.306510407098372 ], [ -91.478857037965597, 40.305622600418616 ], [ -91.479851745183623, 40.304288000127201 ], [ -91.480723905581655, 40.303133198799294 ], [ -91.48159690499449, 40.30193952581844 ], [ -91.482456433876806, 40.300590168917786 ], [ -91.483041739402694, 40.299392709450423 ], [ -91.483747773596164, 40.298093162124978 ], [ -91.484370346272399, 40.296740682485087 ], [ -91.484958765081487, 40.295400710931617 ], [ -91.485668189883341, 40.293945692826277 ], [ -91.486200889367311, 40.292825278378288 ], [ -91.486546337599464, 40.292188240395888 ], [ -91.486800952377138, 40.291718700706689 ], [ -91.487663996590854, 40.290200886102383 ], [ -91.488256752609843, 40.289209287071181 ], [ -91.488559761457253, 40.288564292525365 ], [ -91.48987480197313, 40.286056317275055 ], [ -91.490907830727394, 40.283543341603249 ], [ -91.490977832742715, 40.283372343521613 ], [ -91.49149394237088, 40.281464656478775 ], [ -91.492295727738053, 40.279358405220563 ], [ -91.49273387566484, 40.278224395946921 ], [ -91.492861752692463, 40.277624729184041 ], [ -91.492935048444551, 40.277281006219646 ], [ -91.493006470404382, 40.275278811378037 ], [ -91.493013853276821, 40.272616457421286 ], [ -91.49305461296828, 40.27087752399293 ], [ -91.492900969063001, 40.269904934625018 ], [ -91.49262421513086, 40.269013345040797 ], [ -91.492175956820986, 40.267954312296297 ], [ -91.491372372836153, 40.266508604849029 ], [ -91.490528167596551, 40.265072686739089 ], [ -91.490170386190812, 40.264190358717379 ], [ -91.490035480862076, 40.263589724384623 ], [ -91.489989342040715, 40.263206219026749 ], [ -91.489955851832732, 40.262927858209707 ], [ -91.489947957952751, 40.262070746487815 ], [ -91.490022283493971, 40.26115275460856 ], [ -91.490317007359167, 40.260020804881528 ], [ -91.490547271808083, 40.259362982883324 ], [ -91.490876203595661, 40.258510263694745 ], [ -91.491115114820559, 40.25806938607797 ], [ -91.4913136020472, 40.257627981707401 ], [ -91.491761939804093, 40.256859420872935 ], [ -91.492292022479461, 40.256050620386105 ], [ -91.492905677397516, 40.25511900221715 ], [ -91.49325675205138, 40.254649655048269 ], [ -91.494246228385819, 40.253203643438781 ], [ -91.494964450585996, 40.252132635732941 ], [ -91.49526935014454, 40.251668986752328 ], [ -91.495747907186256, 40.2509657239803 ], [ -91.495976840994857, 40.250605894822286 ], [ -91.495999773805465, 40.250582277009954 ], [ -91.496278336580758, 40.250295383300639 ], [ -91.49652741187748, 40.249976126856431 ], [ -91.496765429889521, 40.249680913276045 ], [ -91.496908597526982, 40.249392529099453 ], [ -91.497062817454506, 40.249080101201507 ], [ -91.497198620992521, 40.248834142066734 ], [ -91.497336844971898, 40.248583795327292 ], [ -91.497684499712534, 40.248088444741946 ], [ -91.498030723732469, 40.247657573694994 ], [ -91.498332017263024, 40.247355115996839 ], [ -91.498429001518204, 40.247251564195423 ], [ -91.498858651138036, 40.246854022353794 ], [ -91.49916867622845, 40.246632298150296 ], [ -91.499628806382077, 40.246283522931883 ], [ -91.500014057099577, 40.245990211428392 ], [ -91.500578829064963, 40.245666975050206 ], [ -91.501186380135479, 40.245312041737293 ], [ -91.501733125418497, 40.24485150641258 ], [ -91.50211818126985, 40.244566247290308 ], [ -91.502516771654015, 40.244144102290065 ], [ -91.502916423771396, 40.243673595358928 ], [ -91.503252427930533, 40.24322645170561 ], [ -91.503610884096787, 40.242715097179492 ], [ -91.50400142093082, 40.242179970018661 ], [ -91.504449684479667, 40.241411779260311 ], [ -91.504788859396214, 40.240819548144572 ], [ -91.505076504739108, 40.240178276848056 ], [ -91.505470382972717, 40.239490002616684 ], [ -91.505735208415146, 40.238929058250179 ], [ -91.505956542776502, 40.238432050121901 ], [ -91.506167356887602, 40.237934906599278 ], [ -91.506275297945493, 40.237331623114756 ], [ -91.50634973824468, 40.23681659355902 ], [ -91.50637176888263, 40.236292824428645 ], [ -91.506352263024453, 40.235744332840461 ], [ -91.506353437215054, 40.23521223231598 ], [ -91.506253518003959, 40.234493392479152 ], [ -91.506188720181513, 40.234324099002585 ], [ -91.506058272957972, 40.233983279336336 ], [ -91.505792021856848, 40.233625315130247 ], [ -91.505558006860781, 40.233359681104361 ], [ -91.505157916437426, 40.232855551228248 ], [ -91.504807192158836, 40.232443971418945 ], [ -91.504360351494668, 40.231729144692999 ], [ -91.504214295203155, 40.23135959976279 ], [ -91.50408825599834, 40.230859007366519 ], [ -91.504050742923397, 40.230228254119503 ], [ -91.504114253724168, 40.22967758988068 ], [ -91.504069145485133, 40.228613427638102 ], [ -91.504062706827384, 40.228127511594508 ], [ -91.504108223756759, 40.227616006109663 ], [ -91.504172599794131, 40.227025961210238 ], [ -91.504206765296274, 40.226251696584839 ], [ -91.504170405217991, 40.225568434817156 ], [ -91.504098063398573, 40.22496349190201 ], [ -91.504114236486387, 40.224228386043777 ], [ -91.504214301005376, 40.223573148558437 ], [ -91.504383441206841, 40.222892542613849 ], [ -91.504588849020308, 40.222120491269692 ], [ -91.504861305231557, 40.221414957494254 ], [ -91.505337415252569, 40.22001613141493 ], [ -91.505380504443565, 40.219898410389661 ], [ -91.505720098568816, 40.218970623049067 ], [ -91.505975694219657, 40.218251738811311 ], [ -91.50623416864218, 40.217401584711254 ], [ -91.506539275189638, 40.2159874136497 ], [ -91.506675854519926, 40.215227598899034 ], [ -91.506779049708101, 40.214427962378643 ], [ -91.506901381755284, 40.213536656875903 ], [ -91.507040255060289, 40.212671825600673 ], [ -91.507128623875403, 40.21176695176959 ], [ -91.507231806093728, 40.210967313274878 ], [ -91.50724563287902, 40.210337221145544 ], [ -91.507225792369653, 40.209680432666865 ], [ -91.507147547651343, 40.208563317427469 ], [ -91.506997652452569, 40.207589715676086 ], [ -91.506850642037918, 40.206484844235874 ], [ -91.506714994117743, 40.205642732250432 ], [ -91.506638735191856, 40.205190886381061 ], [ -91.506457370919918, 40.204116251733225 ], [ -91.506325477779768, 40.203103488199915 ], [ -91.505722019944827, 40.201730109546951 ], [ -91.505156129392773, 40.20041763957915 ], [ -91.50477696429779, 40.199538213561098 ], [ -91.504390341395606, 40.198430242040637 ], [ -91.50429657195123, 40.198021979501547 ], [ -91.504433421278264, 40.19724903803985 ], [ -91.504580752697791, 40.19677823793959 ], [ -91.504760587850257, 40.196386641050083 ], [ -91.505270854843005, 40.195762959279435 ], [ -91.505639844382983, 40.195334411826991 ], [ -91.506886897450798, 40.193906130969566 ], [ -91.507727538279568, 40.193050347725055 ], [ -91.508447185279664, 40.192245521385424 ], [ -91.508647302136481, 40.192040379831042 ], [ -91.508902585364027, 40.191778684792027 ], [ -91.509502388396939, 40.190972307596986 ], [ -91.510312746804587, 40.189932284536873 ], [ -91.510665993011699, 40.189437863749873 ], [ -91.51104410091267, 40.188589232468246 ], [ -91.511323236929897, 40.187568628926144 ], [ -91.511695688004764, 40.1861946950769 ], [ -91.511925176345201, 40.185094666582508 ], [ -91.512092698010704, 40.184479676525861 ], [ -91.512357837102599, 40.183314451961074 ], [ -91.512577555622016, 40.182660739944673 ], [ -91.512926042682324, 40.180813786600481 ], [ -91.512950694616862, 40.179684861911134 ], [ -91.51299245887995, 40.178556155939873 ], [ -91.513010515746601, 40.17772915251863 ], [ -91.512974548147639, 40.17740327231742 ], [ -91.512880932227134, 40.1765550512117 ], [ -91.512765882938737, 40.175698613100543 ], [ -91.512607759884332, 40.174773224850256 ], [ -91.512508816629008, 40.173859995871538 ], [ -91.512417267278323, 40.173288846757764 ], [ -91.512181467799607, 40.17183808215902 ], [ -91.512104031979192, 40.171301312282942 ], [ -91.51193870714549, 40.170706414255818 ], [ -91.511709066170539, 40.169654710880387 ], [ -91.511506901533039, 40.168705954988567 ], [ -91.511217853754701, 40.1676534855699 ], [ -91.511116198273541, 40.166865614463823 ], [ -91.510925167151782, 40.166087992662511 ], [ -91.510788078681557, 40.165561853267469 ], [ -91.510619789637403, 40.165103708804068 ], [ -91.51018322259911, 40.164003740873412 ], [ -91.509920432325885, 40.163111198739273 ], [ -91.509813796162575, 40.16284120198582 ], [ -91.509667018536447, 40.162469565569211 ], [ -91.509474020635125, 40.161783111391102 ], [ -91.508998667719638, 40.160420451082487 ], [ -91.508760374087387, 40.159767610452803 ], [ -91.508521835422613, 40.159126166165187 ], [ -91.508330604767934, 40.158359935941604 ], [ -91.508231237131412, 40.157469495014738 ], [ -91.50820389083043, 40.156682576036395 ], [ -91.508241578095891, 40.156318278442114 ], [ -91.508431280792607, 40.155796346150005 ], [ -91.508635084224849, 40.1553087934629 ], [ -91.509103835753706, 40.154254677599702 ], [ -91.509819170398444, 40.152793350188631 ], [ -91.510024200975195, 40.152248813875275 ], [ -91.510600602504184, 40.151025083957506 ], [ -91.511132430815451, 40.149800777596653 ], [ -91.511463463874776, 40.148927271536039 ], [ -91.511577550090152, 40.148562291482769 ], [ -91.511591229186124, 40.148518531992785 ], [ -91.51162747582876, 40.147538638967021 ], [ -91.511582828903371, 40.146181522723182 ], [ -91.51142809077011, 40.144424007417236 ], [ -91.511373247482041, 40.143534139535099 ], [ -91.511353576820753, 40.14239393398325 ], [ -91.511418278205468, 40.141471404464276 ], [ -91.511478497583511, 40.140754008509951 ], [ -91.511619426029981, 40.139741261637084 ], [ -91.511653177786968, 40.138875332257811 ], [ -91.511619575123376, 40.138373320409571 ], [ -91.511459300142121, 40.137550493169243 ], [ -91.511215661068604, 40.136464405404602 ], [ -91.510880453840002, 40.135491133807541 ], [ -91.510764239082746, 40.1346916712357 ], [ -91.510700846885655, 40.134137105010524 ], [ -91.510652009232317, 40.13370986649651 ], [ -91.510514565135239, 40.132522546423985 ], [ -91.510415529231267, 40.130936735967943 ], [ -91.510349093263514, 40.129898522686126 ], [ -91.510377875772122, 40.129260517644369 ], [ -91.51044232122949, 40.128349383517886 ], [ -91.510541930745504, 40.127187910283851 ], [ -91.510632580685865, 40.126436706055223 ], [ -91.510692541426351, 40.125730704611165 ], [ -91.510617894909913, 40.125068570272795 ], [ -91.510597158613109, 40.124657919778819 ], [ -91.510458155911167, 40.124222948601776 ], [ -91.510233317240775, 40.123638678776167 ], [ -91.509904565060538, 40.123053071264117 ], [ -91.509675502340983, 40.122662538671101 ], [ -91.509151376855115, 40.121504435117096 ], [ -91.508741792336039, 40.120541597970679 ], [ -91.508547914375001, 40.119900724666174 ], [ -91.508385382919158, 40.119217420154762 ], [ -91.508275932722128, 40.11875726618949 ], [ -91.507437828970183, 40.114984608604878 ], [ -91.507099891898847, 40.113464108856618 ], [ -91.506941965381444, 40.112538707262466 ], [ -91.506809489672165, 40.111807426561434 ], [ -91.506678013744661, 40.111030559846732 ], [ -91.506533193230439, 40.110185122760704 ], [ -91.506303812058135, 40.109133403246354 ], [ -91.505970791444796, 40.108068945917587 ], [ -91.505611090192005, 40.106867347965895 ], [ -91.505502139160924, 40.106479460085652 ], [ -91.505225462442596, 40.10549442112795 ], [ -91.50500346913374, 40.1047847815314 ], [ -91.504822760516078, 40.104223868119142 ], [ -91.504672485715318, 40.103629148779085 ], [ -91.504390890111722, 40.102930137451075 ], [ -91.504043087761715, 40.10186548292355 ], [ -91.503705889632869, 40.100994758470733 ], [ -91.50323638710077, 40.100065323228193 ], [ -91.50271253336426, 40.098907192211009 ], [ -91.502317006938597, 40.097990109646148 ], [ -91.502051548313233, 40.097234302925131 ], [ -91.501752916385783, 40.096637660267071 ], [ -91.501543075169877, 40.096053565865688 ], [ -91.501345575707347, 40.095583626808086 ], [ -91.501311060207229, 40.0951271959444 ], [ -91.501216603099806, 40.094020211532609 ], [ -91.501185089588802, 40.093427023896623 ], [ -91.501085634777937, 40.092547967521526 ], [ -91.500970842940418, 40.091691510934048 ], [ -91.500958333760849, 40.091600642402241 ], [ -91.500881228832156, 40.09104057379497 ], [ -91.500662326974748, 40.090194168281791 ], [ -91.500474104440215, 40.089302561583999 ], [ -91.500099751851977, 40.088100755111164 ], [ -91.499722087093545, 40.086374521317644 ], [ -91.499598061121972, 40.08593972920584 ], [ -91.499451621374689, 40.085174057148429 ], [ -91.499373611164259, 40.084671463544367 ], [ -91.499139908639989, 40.083824862720014 ], [ -91.499019395065005, 40.083230521160843 ], [ -91.498853373009325, 40.082681187550818 ], [ -91.498731361494507, 40.082155222691839 ], [ -91.498564844506618, 40.08162868161962 ], [ -91.498386998933853, 40.080942398236893 ], [ -91.498082395354928, 40.079946681521946 ], [ -91.497706127207266, 40.078836037133492 ], [ -91.497594958369589, 40.078492606140031 ], [ -91.497128642506766, 40.076963388769343 ], [ -91.496778315664429, 40.075814496827888 ], [ -91.496540159183382, 40.075173025379662 ], [ -91.496107360644174, 40.073936245724646 ], [ -91.495439450842667, 40.071921235830715 ], [ -91.49488146617567, 40.070306635932837 ], [ -91.494682111626517, 40.069689114438773 ], [ -91.494478643996203, 40.069058839789015 ], [ -91.494045918239394, 40.067822053466642 ], [ -91.493627537814106, 40.066608249611335 ], [ -91.493270259362546, 40.065315442084795 ], [ -91.49285266144264, 40.064067447392262 ], [ -91.492434071977598, 40.062865036206453 ], [ -91.492330289653253, 40.062466610054052 ], [ -91.492133147065331, 40.061709754142612 ], [ -91.492035103783593, 40.061446285822761 ], [ -91.491359883367423, 40.060445722872331 ], [ -91.49037674414069, 40.0592815485779 ], [ -91.490032870837567, 40.058729882862494 ], [ -91.489793322731401, 40.058156776812865 ], [ -91.489639493176682, 40.057732984303549 ], [ -91.489558560285801, 40.05736713956518 ], [ -91.489655347592532, 40.057015011459839 ], [ -91.489837860715397, 40.056139617523414 ], [ -91.490079691008617, 40.055264996367221 ], [ -91.490355451210021, 40.054197022168822 ], [ -91.490551017190825, 40.053401593717638 ], [ -91.490764424856721, 40.052469601899467 ], [ -91.491009496831154, 40.051446824772363 ], [ -91.49111280145928, 40.050798388672973 ], [ -91.49140234900905, 40.049776188793238 ], [ -91.491675048928727, 40.048844966781466 ], [ -91.491985760774014, 40.047859664745722 ], [ -91.492025904127786, 40.047732365888258 ], [ -91.492405400341795, 40.046665735521991 ], [ -91.492692900889722, 40.045734702220059 ], [ -91.492913802142738, 40.045133392971493 ], [ -91.493134949142458, 40.044520687087967 ], [ -91.493301297491413, 40.043702072797409 ], [ -91.493496544656537, 40.042918033762042 ], [ -91.493728464925965, 40.041815278905922 ], [ -91.493937023282072, 40.041099809738348 ], [ -91.494101096724819, 40.04038376363291 ], [ -91.494326729475389, 40.039565917832867 ], [ -91.494508880040001, 40.038701907218979 ], [ -91.494748577267416, 40.037918442025095 ], [ -91.494878718793359, 40.03739574684797 ], [ -91.494903318430687, 40.03695147844946 ], [ -91.494881685683509, 40.036586406595426 ], [ -91.494715798570041, 40.03603706546911 ], [ -91.494319714819696, 40.035165540788775 ], [ -91.4935244713662, 40.033616584790963 ], [ -91.492205857264992, 40.031411909963829 ], [ -91.491464018753945, 40.030052819758374 ], [ -91.490820671968137, 40.029032365807701 ], [ -91.490090680094113, 40.02782465136552 ], [ -91.488879981696726, 40.025773082826305 ], [ -91.487990847728412, 40.024237553534213 ], [ -91.487261211736367, 40.023018191015986 ], [ -91.486626436401892, 40.022300286359531 ], [ -91.485603784724375, 40.021333013094733 ], [ -91.484645011219058, 40.020215336617355 ], [ -91.48398492877908, 40.01927605690522 ], [ -91.48361603336366, 40.018707628649544 ], [ -91.483266263713944, 40.018168659280299 ], [ -91.483238743332038, 40.018126251162116 ], [ -91.481030327990339, 40.014688834305467 ], [ -91.480358573873715, 40.013598150845809 ], [ -91.47854510228791, 40.01078241700931 ], [ -91.478209131638636, 40.01024288357096 ], [ -91.47766608448427, 40.009491234256878 ], [ -91.477032048165938, 40.008750018259661 ], [ -91.476562315465685, 40.008104024545467 ], [ -91.476245376588707, 40.00739023932605 ], [ -91.47598919469192, 40.006665619617245 ], [ -91.475743225161281, 40.006162163504726 ], [ -91.475210587776075, 40.004945315112295 ], [ -91.474784170105082, 40.004020540912222 ], [ -91.474546784506984, 40.003505710160567 ], [ -91.474129468149641, 40.002546302817507 ], [ -91.473591446213206, 40.001573671140747 ], [ -91.472978607571804, 40.000565151858773 ], [ -91.471789529549113, 39.998944110754962 ], [ -91.471025787516197, 39.997921957073004 ], [ -91.47042398733619, 39.997099699814129 ], [ -91.469707205523477, 39.996008359006538 ], [ -91.469283767050442, 39.995328047567206 ], [ -91.468746905957445, 39.994308876431965 ], [ -91.468040315820005, 39.992763968471102 ], [ -91.467669031003595, 39.991781880125039 ], [ -91.467413773417547, 39.991022353550001 ], [ -91.467219258448566, 39.990251996182565 ], [ -91.467112605104077, 39.989610765423251 ], [ -91.467075915756411, 39.989418490210213 ], [ -91.46695015581804, 39.988759400594581 ], [ -91.466744954225419, 39.987791138683576 ], [ -91.466622408716987, 39.987184596147095 ], [ -91.466397674721861, 39.98641383716906 ], [ -91.46595293447065, 39.985337705777866 ], [ -91.465620305125725, 39.984658582435628 ], [ -91.465128413063425, 39.983663254476546 ], [ -91.464981531650466, 39.983427199741492 ], [ -91.464807272119955, 39.983147143972545 ], [ -91.464498910857657, 39.982735899416518 ], [ -91.464070653692986, 39.982276533079116 ], [ -91.463654653519342, 39.981945291596666 ], [ -91.463192262544197, 39.981659966262271 ], [ -91.462758807253877, 39.981433188522153 ], [ -91.46217418044742, 39.981204402296846 ], [ -91.461214755318537, 39.980831041219105 ], [ -91.460616065102428, 39.980555528492971 ], [ -91.460198786685439, 39.980282423270999 ], [ -91.459649114543879, 39.97984469285344 ], [ -91.45892640670607, 39.979032400744487 ], [ -91.458353053648608, 39.978303522185044 ], [ -91.458049197006247, 39.977694558071335 ], [ -91.457569963394789, 39.976815697449837 ], [ -91.457267426570738, 39.976148583167621 ], [ -91.456892193677533, 39.975352536106136 ], [ -91.456421992469927, 39.974518662402573 ], [ -91.456383281769149, 39.97445000881401 ], [ -91.456006759137736, 39.97371210723184 ], [ -91.455602368141356, 39.972869134499845 ], [ -91.455227696353845, 39.972049823779535 ], [ -91.454922060265702, 39.971522258633129 ], [ -91.454572393413812, 39.970935940772719 ], [ -91.454101811526243, 39.97034800901767 ], [ -91.453601010012477, 39.969759671216643 ], [ -91.452877166272046, 39.969005490662234 ], [ -91.452524905141303, 39.968535463252913 ], [ -91.451803448761751, 39.967676610197238 ], [ -91.451053093082777, 39.966759200724482 ], [ -91.450378589727023, 39.965831167821435 ], [ -91.4498955904713, 39.965126721507382 ], [ -91.449549152193285, 39.964400833664556 ], [ -91.449347547879086, 39.96395607741605 ], [ -91.448670600247866, 39.962469611207432 ], [ -91.447887627593403, 39.960993353816171 ], [ -91.447396459224692, 39.960021512755361 ], [ -91.447106266506665, 39.95944731496391 ], [ -91.446159495816758, 39.957864153052221 ], [ -91.445255469033285, 39.956397888117642 ], [ -91.444261076117783, 39.954918770297162 ], [ -91.443207597571813, 39.953380683574998 ], [ -91.442092666004882, 39.951888294158636 ], [ -91.441125719810358, 39.950537481478207 ], [ -91.440065506706986, 39.949301737934185 ], [ -91.438398255161189, 39.947511049216956 ], [ -91.437629744071259, 39.94674453840728 ], [ -91.436590338311547, 39.945927836860996 ], [ -91.435598714047799, 39.9452002502913 ], [ -91.434458376031557, 39.944390444244604 ], [ -91.432754149759489, 39.9431987507716 ], [ -91.431062124222407, 39.942058454064671 ], [ -91.43043224401363, 39.941611506413174 ], [ -91.429515671108291, 39.940961111888264 ], [ -91.428467682145438, 39.940198552935605 ], [ -91.42791882665783, 39.939740047421523 ], [ -91.427370920605014, 39.93924054638898 ], [ -91.426823724331797, 39.938710298272603 ], [ -91.42640779078711, 39.938263840313915 ], [ -91.425823254979974, 39.937620314813806 ], [ -91.425150471853073, 39.936760306696087 ], [ -91.424747873996395, 39.936314024850802 ], [ -91.424373082985383, 39.935816862079548 ], [ -91.422776312657632, 39.934021647318964 ], [ -91.422425820024017, 39.933627323852733 ], [ -91.421973305461279, 39.933036832154691 ], [ -91.421599257129728, 39.93250891633275 ], [ -91.421407581065225, 39.932157757106154 ], [ -91.420985241176979, 39.931413900769719 ], [ -91.420731016088467, 39.930887614223295 ], [ -91.420628014829489, 39.930615164244116 ], [ -91.420286440652063, 39.929672370281246 ], [ -91.419757582286095, 39.927729079570469 ], [ -91.419361061256538, 39.925787591436134 ], [ -91.419267804563333, 39.924088001858706 ], [ -91.419103534188324, 39.921640181144994 ], [ -91.419091460480544, 39.920247393450474 ], [ -91.419196040438806, 39.919136590508714 ], [ -91.419410472977347, 39.91777628358831 ], [ -91.41993003701225, 39.916420134207414 ], [ -91.419977401939661, 39.916300538632676 ], [ -91.420254081043922, 39.915601911682259 ], [ -91.420758495571874, 39.914903663822052 ], [ -91.421417086307201, 39.914137001565436 ], [ -91.422105635176365, 39.913394247569322 ], [ -91.423164631399402, 39.912468495602049 ], [ -91.424347803767162, 39.911450405391939 ], [ -91.425249875334188, 39.910710532906563 ], [ -91.425902995686087, 39.910178809871681 ], [ -91.427040320945991, 39.909160069732188 ], [ -91.427848114213461, 39.908536417780773 ], [ -91.428876986055982, 39.907586699009343 ], [ -91.430031623446808, 39.906474147059853 ], [ -91.431259036765226, 39.905229523287289 ], [ -91.431312550353539, 39.90517525790117 ], [ -91.432311884060567, 39.90417810069485 ], [ -91.433450083532179, 39.903112299239595 ], [ -91.434541950379881, 39.902069363335826 ], [ -91.434637419528414, 39.901983848106148 ], [ -91.435756883139959, 39.900981069975224 ], [ -91.437033326669194, 39.899870088153911 ], [ -91.43846546088993, 39.898620164333764 ], [ -91.439182575355971, 39.897948201518126 ], [ -91.440244300002362, 39.896881300621992 ], [ -91.440933535366753, 39.896091430628822 ], [ -91.441901027122526, 39.895140766801191 ], [ -91.442245096888101, 39.894769325284791 ], [ -91.442961600838416, 39.894120833664296 ], [ -91.443435120690353, 39.893422068418552 ], [ -91.443751326295938, 39.892932726269663 ], [ -91.443977610453558, 39.892371663705902 ], [ -91.444330687069524, 39.891600765284757 ], [ -91.444660686936913, 39.890500498448375 ], [ -91.444893326808128, 39.889657469582758 ], [ -91.445391747697414, 39.887854334151349 ], [ -91.445717763751233, 39.886686801814996 ], [ -91.445823300036182, 39.886308845607381 ], [ -91.446515808634189, 39.884014717846327 ], [ -91.446714190986114, 39.883335754724499 ], [ -91.447126720512387, 39.881954534588765 ], [ -91.447435138180808, 39.8804543974016 ], [ -91.447657346056744, 39.878718062302966 ], [ -91.447661821735679, 39.877166845979424 ], [ -91.447561029732213, 39.876225328690168 ], [ -91.447455590640502, 39.87481366532397 ], [ -91.447128858164092, 39.873069979759329 ], [ -91.447069621460315, 39.872883423351766 ], [ -91.446701643396381, 39.871724517845031 ], [ -91.446057806322671, 39.870517177670735 ], [ -91.445235801914038, 39.869095906984754 ], [ -91.444677122468434, 39.868171751046958 ], [ -91.443972896998659, 39.866940084417081 ], [ -91.443183592614716, 39.865425220781937 ], [ -91.44224611944486, 39.863720326807965 ], [ -91.441631326628155, 39.86258386372733 ], [ -91.440845312570985, 39.860928002590498 ], [ -91.440209655593094, 39.859368175170651 ], [ -91.439905546313952, 39.858552869123884 ], [ -91.439663359983342, 39.857903563299139 ], [ -91.439090859933742, 39.856250561172516 ], [ -91.438436512475974, 39.854173378474094 ], [ -91.438007444049063, 39.852921874158923 ], [ -91.43726543162596, 39.85067897229397 ], [ -91.436759876900581, 39.848768313956228 ], [ -91.436216399189092, 39.847186201394138 ], [ -91.435815761151829, 39.846029088460554 ], [ -91.435446757498397, 39.84530479338131 ], [ -91.435261120016136, 39.84494040968967 ], [ -91.43455622242594, 39.843755683142213 ], [ -91.433911775662949, 39.842595273216368 ], [ -91.433561933907271, 39.842075880140719 ], [ -91.433144891195624, 39.841456709485563 ], [ -91.432164667482581, 39.840315257004605 ], [ -91.431088222562224, 39.839384033709095 ], [ -91.429887745325502, 39.838545138630522 ], [ -91.428475549955422, 39.8376328494764 ], [ -91.427014452816522, 39.836860905739606 ], [ -91.42556755563929, 39.83613614590822 ], [ -91.424602976175862, 39.835652962961397 ], [ -91.422552483762757, 39.834661418318703 ], [ -91.420076975998256, 39.83359353585427 ], [ -91.417364207205964, 39.832240312350415 ], [ -91.415103288179949, 39.831128243434783 ], [ -91.414596230857825, 39.830876889599836 ], [ -91.413445471836312, 39.830306432920189 ], [ -91.411814382021731, 39.829649494288773 ], [ -91.410245359113375, 39.828946377650595 ], [ -91.408981659656106, 39.828223921716287 ], [ -91.407655952416974, 39.827547609426908 ], [ -91.406786844479896, 39.826901060108696 ], [ -91.406067407143908, 39.826374081145197 ], [ -91.405202677243381, 39.825539544111656 ], [ -91.404333616441818, 39.824892977134837 ], [ -91.402950338031147, 39.824074793664423 ], [ -91.401955617039249, 39.823591008314921 ], [ -91.400782430996358, 39.822916718100693 ], [ -91.399638651534275, 39.822289833062058 ], [ -91.398400748584677, 39.821779156422387 ], [ -91.397068171997745, 39.821408185902037 ], [ -91.39591721355383, 39.820989521087967 ], [ -91.395859134968916, 39.820968394435639 ], [ -91.39450049440272, 39.820408998956694 ], [ -91.392901937768727, 39.819681734489109 ], [ -91.391365453726422, 39.818908299457696 ], [ -91.390069476116651, 39.81827920891687 ], [ -91.388567365106184, 39.817341684563765 ], [ -91.386909601481108, 39.816434942928787 ], [ -91.386671392330015, 39.81630464663629 ], [ -91.385135607276737, 39.815507634502133 ], [ -91.384203724180068, 39.814954060054397 ], [ -91.382914496814081, 39.814042930871295 ], [ -91.381806457703206, 39.813204829254794 ], [ -91.380846372500343, 39.812556817445085 ], [ -91.379404344673461, 39.811667022217563 ], [ -91.378018319028698, 39.810989530265196 ], [ -91.376694911348267, 39.81024238570302 ], [ -91.375945966995317, 39.809691305048375 ], [ -91.375317792398036, 39.809188917804022 ], [ -91.374691288442591, 39.808616038185036 ], [ -91.37389196702938, 39.80761765758659 ], [ -91.372794112845611, 39.806356535021862 ], [ -91.371966596780425, 39.805263725789573 ], [ -91.371171235732078, 39.804100850579289 ], [ -91.370403587367079, 39.803055880165246 ], [ -91.369571153137088, 39.802174524667656 ], [ -91.368882463730117, 39.801531438171345 ], [ -91.368676703137453, 39.801339299761125 ], [ -91.36799828802917, 39.800389585316239 ], [ -91.367382483010573, 39.7993702355366 ], [ -91.367025838693237, 39.798989147216496 ], [ -91.366822613610736, 39.79856320905683 ], [ -91.366103008058914, 39.797424869132428 ], [ -91.36539643244005, 39.796380725502644 ], [ -91.364987240319465, 39.795646325426269 ], [ -91.364486120624221, 39.794934131839035 ], [ -91.364137305834262, 39.794224084611365 ], [ -91.363725354861671, 39.793607162216055 ], [ -91.363318981179262, 39.792755274761909 ], [ -91.362999533488221, 39.792092646027982 ], [ -91.362740452991233, 39.791454373075197 ], [ -91.362334660653531, 39.790578985466681 ], [ -91.361981252099284, 39.789422284063065 ], [ -91.361818577231929, 39.788573830544891 ], [ -91.361652562337596, 39.787866355533986 ], [ -91.361601357758261, 39.787236157631561 ], [ -91.361581819685583, 39.786995695782274 ], [ -91.361533172447253, 39.786477913416071 ], [ -91.361579238047824, 39.785820441594232 ], [ -91.361685655676197, 39.785187326694839 ], [ -91.361944343268945, 39.784556361518092 ], [ -91.362292165522035, 39.784020671253636 ], [ -91.36279503824899, 39.783369646568723 ], [ -91.363390936123906, 39.782649418282674 ], [ -91.364103980724948, 39.781484255256224 ], [ -91.364459558343171, 39.780619606278137 ], [ -91.364820132869838, 39.779543486687174 ], [ -91.365180138353281, 39.778490862526851 ], [ -91.365391210492888, 39.777295111759749 ], [ -91.365605607662957, 39.775958381768675 ], [ -91.365663851865776, 39.774783981952233 ], [ -91.365707982541934, 39.773562374301733 ], [ -91.365732009283178, 39.772546639194395 ], [ -91.36573688405484, 39.772340550992062 ], [ -91.365781344435177, 39.770460824155904 ], [ -91.365821355213797, 39.768769069355734 ], [ -91.365850249792601, 39.76754724586575 ], [ -91.365864696410966, 39.766936334467758 ], [ -91.365921034316898, 39.76519779884002 ], [ -91.365822027998931, 39.764232722616633 ], [ -91.36563890959664, 39.762960903457042 ], [ -91.365427018613019, 39.761618164737591 ], [ -91.365206802573354, 39.760627876083838 ], [ -91.365083478049485, 39.759403906698324 ], [ -91.365054989286378, 39.758780711600437 ], [ -91.365053374104733, 39.758745357168891 ], [ -91.365195151443885, 39.757901193541542 ], [ -91.365207345168358, 39.757868617571084 ], [ -91.365422701993367, 39.757293283268631 ], [ -91.365900453323547, 39.756406842504894 ], [ -91.366534291527401, 39.755358064186936 ], [ -91.367102230702756, 39.754519895513276 ], [ -91.367425514222489, 39.753725292070769 ], [ -91.367693455042982, 39.752694863494419 ], [ -91.367954731911865, 39.751946394114462 ], [ -91.368438262963934, 39.750166851657731 ], [ -91.368539006873391, 39.749768692160579 ], [ -91.368882204030754, 39.748128200191225 ], [ -91.369214300555257, 39.74695764161094 ], [ -91.369478307231816, 39.746091684165975 ], [ -91.369745077544778, 39.745108241790483 ], [ -91.369710233639438, 39.744003039879999 ], [ -91.369696386837859, 39.743547222603155 ], [ -91.369667373559281, 39.742592165990089 ], [ -91.369727715409141, 39.741323768673467 ], [ -91.369786394096508, 39.740125861725787 ], [ -91.369711704125876, 39.739419675805827 ], [ -91.369488713569382, 39.738546875088666 ], [ -91.369319949464668, 39.737956890196401 ], [ -91.369278469000946, 39.737133647269921 ], [ -91.36935484308728, 39.736476593288714 ], [ -91.369488763602845, 39.735961374911724 ], [ -91.369633202853194, 39.734999717284374 ], [ -91.369769885262457, 39.734367013135845 ], [ -91.369871703868711, 39.733921855480432 ], [ -91.369883883318053, 39.733404928218263 ], [ -91.369871720316851, 39.732629105760566 ], [ -91.369730077575881, 39.732180530147119 ], [ -91.369295747171961, 39.731234244409961 ], [ -91.368885767297144, 39.730546850721019 ], [ -91.36823567060263, 39.729715052587366 ], [ -91.36779250864285, 39.729144711746876 ], [ -91.367676346621209, 39.729033004836765 ], [ -91.367197199925343, 39.728572228903531 ], [ -91.366303147564054, 39.727760491827425 ], [ -91.36531893411572, 39.726900469856517 ], [ -91.364156617283541, 39.725849892075729 ], [ -91.362724362986796, 39.724630962772864 ], [ -91.36132203369398, 39.723435943383066 ], [ -91.360127180305298, 39.722478884333682 ], [ -91.359816593650152, 39.72220672470241 ], [ -91.359172987963575, 39.721642738727219 ], [ -91.358103245464306, 39.720546400058282 ], [ -91.357542421126595, 39.719809823181052 ], [ -91.357070652107282, 39.719168522458183 ], [ -91.356448997950338, 39.718431079249584 ], [ -91.355831262166518, 39.717529156597301 ], [ -91.354969025489751, 39.716670773997478 ], [ -91.354522143928889, 39.716264861423461 ], [ -91.35362113239367, 39.715758488357203 ], [ -91.352779865948477, 39.715299965365737 ], [ -91.351757183341974, 39.714791851200815 ], [ -91.351096806049767, 39.71440639783907 ], [ -91.350946498292501, 39.714285964356392 ], [ -91.350320340756198, 39.713784246911672 ], [ -91.349847559958093, 39.713189911681582 ], [ -91.348810197507206, 39.71202343373227 ], [ -91.347740765842104, 39.710927004257158 ], [ -91.347113672666381, 39.710424480540489 ], [ -91.345701793504162, 39.709652219812362 ], [ -91.344168825729312, 39.708854710636032 ], [ -91.343027989973621, 39.708203807010001 ], [ -91.342041534195587, 39.707461078989546 ], [ -91.341275368943741, 39.70686454626491 ], [ -91.340995943876507, 39.706646983283193 ], [ -91.34025063666563, 39.706001704696966 ], [ -91.338963422134015, 39.705113622403459 ], [ -91.337316852380653, 39.70398533338696 ], [ -91.334574175938954, 39.702253684492206 ], [ -91.332865778322841, 39.701171454832014 ], [ -91.330825674888288, 39.699966907661327 ], [ -91.330480083862611, 39.699778222171645 ], [ -91.329233958619753, 39.699097843429961 ], [ -91.326050081612465, 39.69738314940485 ], [ -91.323681320551657, 39.69593869184947 ], [ -91.322827147057666, 39.695480736095881 ], [ -91.321473682115212, 39.694755066078088 ], [ -91.320244331792779, 39.694008641616243 ], [ -91.318895060528334, 39.693189954362964 ], [ -91.317363910534866, 39.692345109523828 ], [ -91.315181413058752, 39.690762151620383 ], [ -91.313056983574626, 39.689297520133984 ], [ -91.311142085002217, 39.687976924984454 ], [ -91.308446322297399, 39.686245346709825 ], [ -91.306620536483507, 39.685019993279951 ], [ -91.306390068979425, 39.684854859344696 ], [ -91.305783403281268, 39.684420165346204 ], [ -91.305008255873702, 39.683774225429239 ], [ -91.304473523833721, 39.683249316983606 ], [ -91.304181500841466, 39.682751453926691 ], [ -91.303896382661591, 39.681971636734019 ], [ -91.30385721529143, 39.681861922673789 ], [ -91.303668635471766, 39.681333683761721 ], [ -91.303261893736973, 39.680552087783816 ], [ -91.302730651116491, 39.679886193773079 ], [ -91.301715196975493, 39.679119196926031 ], [ -91.300812181015914, 39.678729909657022 ], [ -91.299309097593522, 39.678002763313593 ], [ -91.297865708336573, 39.6773234820119 ], [ -91.2968170527582, 39.676673478385489 ], [ -91.296128673550285, 39.676216790044371 ], [ -91.295320413286433, 39.675687823277748 ], [ -91.294598177158434, 39.675371656409943 ], [ -91.292194061928555, 39.674184592012168 ], [ -91.289098255630449, 39.672681727171948 ], [ -91.287742809915358, 39.672144644259653 ], [ -91.286204959430407, 39.67160485239981 ], [ -91.285063547187193, 39.671023888305506 ], [ -91.284162477443857, 39.670563988597486 ], [ -91.283292986123769, 39.670057537864267 ], [ -91.282992946136517, 39.669890359633996 ], [ -91.282512970780715, 39.669622919401732 ], [ -91.28176627992174, 39.669071265477406 ], [ -91.281019018514897, 39.668543103378582 ], [ -91.280032627844079, 39.6678468608388 ], [ -91.279343282393853, 39.667437068483153 ], [ -91.278354589983223, 39.666834797849774 ], [ -91.277303362935157, 39.666302103471054 ], [ -91.276432808014277, 39.66584259599761 ], [ -91.275803137250435, 39.665480678672978 ], [ -91.274521602535501, 39.664427437907641 ], [ -91.272408792739796, 39.662562661286458 ], [ -91.270534601538287, 39.660889436749628 ], [ -91.268517894576192, 39.658837984274953 ], [ -91.267447029407393, 39.657881825578485 ], [ -91.266850811392658, 39.657402835711828 ], [ -91.266407174122619, 39.656902615887013 ], [ -91.265356268021037, 39.655758699148237 ], [ -91.265109357472809, 39.655486998226529 ], [ -91.264468461198561, 39.654781742613473 ], [ -91.263645583711011, 39.653641219334474 ], [ -91.263117866982498, 39.652857673416285 ], [ -91.262441128232041, 39.651954373534572 ], [ -91.261825782626261, 39.651028483641731 ], [ -91.261270065525324, 39.650150491670637 ], [ -91.260411011392762, 39.649244449854393 ], [ -91.259875704015997, 39.648766335922467 ], [ -91.258622751418883, 39.647807368254718 ], [ -91.257457470559459, 39.646990729625387 ], [ -91.256203402768591, 39.646078728523896 ], [ -91.255007788034362, 39.645261609044589 ], [ -91.254170402483666, 39.644708416696609 ], [ -91.253092854351308, 39.644034081246787 ], [ -91.251924743542745, 39.643334868440668 ], [ -91.250996232570742, 39.642780280658066 ], [ -91.249892500152242, 39.641940989437529 ], [ -91.249086770978835, 39.64134122761638 ], [ -91.248803727282947, 39.641080106619846 ], [ -91.2480766269735, 39.640409311827078 ], [ -91.247829301979451, 39.64012191934664 ], [ -91.247072445500862, 39.639242431064829 ], [ -91.246184508092085, 39.638288838448943 ], [ -91.245568903267539, 39.637386362963937 ], [ -91.244984300297858, 39.636460848543187 ], [ -91.244326963314222, 39.634805587504928 ], [ -91.24386394314736, 39.633881905367915 ], [ -91.243455765097181, 39.633194097244882 ], [ -91.243077978404102, 39.632506746553375 ], [ -91.242519667937032, 39.631746150232857 ], [ -91.241815390953377, 39.630748294137085 ], [ -91.24110458614787, 39.630008886424896 ], [ -91.240304428451623, 39.629197606128102 ], [ -91.239202827393939, 39.628287731760878 ], [ -91.237950526708701, 39.627328552243533 ], [ -91.236911336833018, 39.626509841352167 ], [ -91.236490349282079, 39.626178164843161 ], [ -91.235387055049202, 39.625338743192714 ], [ -91.234283786341024, 39.624499311518036 ], [ -91.233003035851766, 39.623469132059661 ], [ -91.23121240973876, 39.622172622723845 ], [ -91.229630327900765, 39.621043797180825 ], [ -91.229558551696584, 39.620995888350599 ], [ -91.228405077268278, 39.620225955646106 ], [ -91.22711669398538, 39.619501155272239 ], [ -91.22582654111568, 39.618846828066516 ], [ -91.224057540663949, 39.617903108804526 ], [ -91.222194445416022, 39.617075447081533 ], [ -91.22005738296086, 39.616267061504779 ], [ -91.21746770885936, 39.615334167516757 ], [ -91.21520984775249, 39.614500335005708 ], [ -91.212497587419207, 39.61361245621476 ], [ -91.211074787020351, 39.613135469256136 ], [ -91.209484655321603, 39.612602356877751 ], [ -91.206022228591536, 39.611350190630915 ], [ -91.203010100310934, 39.610316432459399 ], [ -91.200631691407764, 39.609456947864238 ], [ -91.19782809060186, 39.608590818254761 ], [ -91.196351293720838, 39.608121306460127 ], [ -91.194087219041705, 39.607545519354709 ], [ -91.19219035118239, 39.607044980688499 ], [ -91.192004819363547, 39.606996021487994 ], [ -91.190257790770318, 39.606404702294277 ], [ -91.188660212804109, 39.605909706147074 ], [ -91.187003749847037, 39.60534325564587 ], [ -91.185678966759639, 39.604875981524643 ], [ -91.184808570674377, 39.604462803595716 ], [ -91.184209701807632, 39.604124378558524 ], [ -91.18325189117499, 39.603568795748821 ], [ -91.181790670690233, 39.602511727961044 ], [ -91.180784458912754, 39.601485274350303 ], [ -91.179809876623281, 39.600412298517483 ], [ -91.178662332100842, 39.598984032122182 ], [ -91.177971195389262, 39.598069617132424 ], [ -91.177781391317694, 39.597818489180817 ], [ -91.177727875178164, 39.597740272755324 ], [ -91.176903559072841, 39.596535464842418 ], [ -91.175876381319995, 39.595156070175427 ], [ -91.175322184270044, 39.594277694622356 ], [ -91.174795904861256, 39.593493773548687 ], [ -91.174622332629099, 39.593161980527057 ], [ -91.174325676582924, 39.592311152073094 ], [ -91.174189262618128, 39.591721392005816 ], [ -91.173691400195239, 39.589856698833557 ], [ -91.173357241687725, 39.588699716486289 ], [ -91.172943109449321, 39.587118392693938 ], [ -91.172667236409666, 39.586056344227032 ], [ -91.172446542464471, 39.585206704430007 ], [ -91.171961479674351, 39.583436222591516 ], [ -91.1716261428287, 39.582326226204025 ], [ -91.171193454722101, 39.580298013319961 ], [ -91.170922572569424, 39.579048001271275 ], [ -91.170737225787363, 39.578010876848573 ], [ -91.170608895287472, 39.57711567787635 ], [ -91.170587802400846, 39.576762775263418 ], [ -91.17023531517043, 39.573419558588149 ], [ -91.170099503333773, 39.571654566963147 ], [ -91.169808815118529, 39.570004658893666 ], [ -91.169710867749927, 39.569109936651351 ], [ -91.169569584793194, 39.568708130504135 ], [ -91.169227205292273, 39.567292452971657 ], [ -91.168949599512004, 39.566300879750543 ], [ -91.168377721723616, 39.564952096702946 ], [ -91.167594614358691, 39.563552969080632 ], [ -91.167150709906309, 39.562890219082441 ], [ -91.166161693815624, 39.56146194497866 ], [ -91.165513100085235, 39.560723058262866 ], [ -91.163816718811347, 39.558839387898509 ], [ -91.161988811609746, 39.556765572714028 ], [ -91.160366015414652, 39.554977035125553 ], [ -91.160102060769418, 39.554696089325041 ], [ -91.158505470293363, 39.552996668400681 ], [ -91.158035406277364, 39.552401598776648 ], [ -91.156601376311343, 39.550945066498173 ], [ -91.155120636522412, 39.549534785333599 ], [ -91.153665321721348, 39.548312926367188 ], [ -91.152856826239926, 39.547728143347328 ], [ -91.152801427173188, 39.547688072625405 ], [ -91.151302747805261, 39.546959094630246 ], [ -91.14986104849315, 39.546372033100958 ], [ -91.149290070393576, 39.546151397972913 ], [ -91.147995767936976, 39.545731194585663 ], [ -91.146302594597287, 39.545469147660356 ], [ -91.144246530175252, 39.545154271464092 ], [ -91.143188157225794, 39.5449963349079 ], [ -91.141571983477462, 39.544794294112783 ], [ -91.141463425194317, 39.544780721843892 ], [ -91.141039828112042, 39.544726936176311 ], [ -91.139949242013103, 39.544638969382937 ], [ -91.138737274247731, 39.544549047167884 ], [ -91.137347003155071, 39.54431522685784 ], [ -91.135776552869558, 39.544007983857689 ], [ -91.133570744546574, 39.543620002079933 ], [ -91.131851121906962, 39.543216292085148 ], [ -91.129768006213141, 39.542783201530838 ], [ -91.127622964539853, 39.542396086171927 ], [ -91.126201801194853, 39.542185138445163 ], [ -91.125082199528407, 39.542049555120819 ], [ -91.123433280897061, 39.541926650237301 ], [ -91.122633016740565, 39.541866992204554 ], [ -91.119007733071726, 39.541587874907016 ], [ -91.116766410898734, 39.541415561697235 ], [ -91.114600089760529, 39.541254138226591 ], [ -91.113302581633491, 39.540980492038877 ], [ -91.11195517975419, 39.540696304778692 ], [ -91.109930806274789, 39.5403913780384 ], [ -91.108618156104029, 39.540214581915535 ], [ -91.107287508232346, 39.54002052090604 ], [ -91.106893490149005, 39.539963053834747 ], [ -91.105193391576421, 39.539731331793405 ], [ -91.104516833732305, 39.5396272571463 ], [ -91.103356671428458, 39.539448779849593 ], [ -91.100326592085693, 39.538758102298431 ], [ -91.098219847895365, 39.538257328559176 ], [ -91.09224748823523, 39.536886783574957 ], [ -91.087228183073861, 39.535084743541411 ], [ -91.086038167576504, 39.534559977617562 ], [ -91.085697250773634, 39.534415700051234 ], [ -91.085393271183378, 39.534287053556312 ], [ -91.084651796444192, 39.533876525670706 ], [ -91.084035197216963, 39.533487482191774 ], [ -91.083303875380864, 39.533164547398805 ], [ -91.082250527513708, 39.532690571350244 ], [ -91.080699340089396, 39.532072355675901 ], [ -91.078119165686388, 39.531009653916236 ], [ -91.076720941543513, 39.530306482883574 ], [ -91.074954611851382, 39.529305752724888 ], [ -91.073620494220748, 39.52855503161571 ], [ -91.073010180566655, 39.527942593592968 ], [ -91.07257676731389, 39.527284512527771 ], [ -91.072075112806658, 39.526372712812332 ], [ -91.070656284536113, 39.524153614606213 ], [ -91.069695433328135, 39.522612430632854 ], [ -91.069108771895046, 39.521602056706762 ], [ -91.068846121202043, 39.521121665553878 ], [ -91.068642501013557, 39.520321665654841 ], [ -91.068118939860099, 39.518846024385866 ], [ -91.068031924492615, 39.518565971314345 ], [ -91.067612243631103, 39.517215223418106 ], [ -91.067103415960432, 39.515662102939451 ], [ -91.067088804568598, 39.514379501270191 ], [ -91.067031584863798, 39.512824176261987 ], [ -91.06697609574455, 39.510753992167338 ], [ -91.066906843264633, 39.508275555251167 ], [ -91.066858084816658, 39.505962611185822 ], [ -91.066675558746383, 39.505308680220033 ], [ -91.06636905878257, 39.504310455433483 ], [ -91.066042945612793, 39.503248321827058 ], [ -91.065537205821855, 39.501588379984909 ], [ -91.064843334114855, 39.499478420497219 ], [ -91.064619379546585, 39.498521176531973 ], [ -91.064585496764053, 39.498376348908344 ], [ -91.064405689824966, 39.496721828402393 ], [ -91.064273598613482, 39.495155536494245 ], [ -91.06403773721928, 39.492810326018898 ], [ -91.063749464360043, 39.490095076365044 ], [ -91.063686999526169, 39.489601397838356 ], [ -91.063512959942784, 39.488225881442077 ], [ -91.06334828853916, 39.48693106022602 ], [ -91.0630658532165, 39.484458776188028 ], [ -91.062881524334358, 39.482065844400616 ], [ -91.06270502085809, 39.478487826721995 ], [ -91.062622296366328, 39.47604801136174 ], [ -91.062626473769541, 39.475445757989718 ], [ -91.062494441778611, 39.474782944812745 ], [ -91.062140255003058, 39.4735432503293 ], [ -91.062102855063728, 39.47343961890801 ], [ -91.061791062199333, 39.472575653827626 ], [ -91.060919045270325, 39.471026158283784 ], [ -91.060306241038887, 39.470073589874538 ], [ -91.059047797998929, 39.46844962802745 ], [ -91.058173299451482, 39.467444104230253 ], [ -91.056147414368894, 39.465476982010586 ], [ -91.0541826565413, 39.463569138432653 ], [ -91.051926293884492, 39.461335783469224 ], [ -91.049919259539422, 39.459381828937509 ], [ -91.047631598094995, 39.457154337011509 ], [ -91.046339663324403, 39.455850266737187 ], [ -91.04482801988263, 39.454338475192507 ], [ -91.044170899610336, 39.453746628984398 ], [ -91.043672252025786, 39.453297503294415 ], [ -91.04341011728016, 39.453061399396418 ], [ -91.041159881391422, 39.451080528111326 ], [ -91.039604340210218, 39.449801087238917 ], [ -91.039457154925927, 39.449686921024465 ], [ -91.038439283059176, 39.448897380659226 ], [ -91.036658128176171, 39.447623808232279 ], [ -91.035356745591969, 39.446669194327086 ], [ -91.032787833432366, 39.444896504548396 ], [ -91.032709472036359, 39.444841483045565 ], [ -91.030760513171614, 39.443472954559724 ], [ -91.029496858772035, 39.442518914676569 ], [ -91.02785159317574, 39.441325231353375 ], [ -91.026389019104116, 39.440319209246951 ], [ -91.025859852343814, 39.43997991910323 ], [ -91.024797182596089, 39.439395557317425 ], [ -91.024638463407967, 39.439308276656405 ], [ -91.0234062236715, 39.438578148309333 ], [ -91.021840844593143, 39.437667470866621 ], [ -91.020435822447567, 39.436846936730205 ], [ -91.018857451187074, 39.435955427552969 ], [ -91.017459515865141, 39.435329276616685 ], [ -91.015692284463896, 39.434473364829408 ], [ -91.013439785049712, 39.433502272467166 ], [ -91.011954849643317, 39.432855139260084 ], [ -91.011214601293162, 39.432453884255381 ], [ -91.009576054148368, 39.431483502937098 ], [ -91.007925305845518, 39.430503173723956 ], [ -91.007509041200677, 39.430240001377513 ], [ -91.006204741480431, 39.429415370050151 ], [ -91.004861291994317, 39.428565951739934 ], [ -91.003726566932244, 39.427944152106626 ], [ -91.002740722638336, 39.427373474230585 ], [ -91.001591018433004, 39.42683883146362 ], [ -90.99937319633068, 39.425984643951132 ], [ -90.997954768324263, 39.425212184382978 ], [ -90.996710818262045, 39.424471858030081 ], [ -90.995417929920805, 39.423691816349134 ], [ -90.994319814947133, 39.423109417138924 ], [ -90.993626789129735, 39.422815729688878 ], [ -90.992784368349405, 39.422490314219445 ], [ -90.991852926919321, 39.422211930752319 ], [ -90.990833856350534, 39.421932025818748 ], [ -90.989514050520924, 39.421656626967959 ], [ -90.988293012677218, 39.42143149729192 ], [ -90.987410627392308, 39.421268388879419 ], [ -90.986785436634577, 39.42115281899369 ], [ -90.98531487367265, 39.420894192638094 ], [ -90.984018749025722, 39.420667716379313 ], [ -90.982950218621468, 39.420367455050332 ], [ -90.981871699578264, 39.419979576806739 ], [ -90.980620731417986, 39.419491545166458 ], [ -90.97948216795443, 39.419015168387432 ], [ -90.97876533215836, 39.418682119879193 ], [ -90.977839053472877, 39.41822884606006 ], [ -90.977371203256098, 39.417948692966938 ], [ -90.976930360029556, 39.417601003317998 ], [ -90.976429735866589, 39.417155123802523 ], [ -90.975905767446648, 39.416650545436966 ], [ -90.975442149149146, 39.416224735062833 ], [ -90.975137341464901, 39.415937696481222 ], [ -90.974875450208543, 39.415729950297354 ], [ -90.97458638686598, 39.41550064687415 ], [ -90.97404542701905, 39.415151203489636 ], [ -90.973343144478562, 39.414750370876618 ], [ -90.972652825578862, 39.414369172762207 ], [ -90.971838460990483, 39.413946947840572 ], [ -90.971036060151562, 39.413544355231458 ], [ -90.970245061127272, 39.413180816397158 ], [ -90.968476634935286, 39.412498262923783 ], [ -90.9683996520005, 39.412468549481567 ], [ -90.967110799883244, 39.411999141998322 ], [ -90.965897068038643, 39.411531033431146 ], [ -90.96235102217743, 39.410303169660637 ], [ -90.959842371149563, 39.409579144626427 ], [ -90.957245024017098, 39.408892368007074 ], [ -90.954889551348018, 39.408501232778057 ], [ -90.951845120919131, 39.408117348061111 ], [ -90.950524314161456, 39.407888112569417 ], [ -90.949976151680048, 39.407792970372036 ], [ -90.947617357983404, 39.407090755518176 ], [ -90.945819284241992, 39.406485831621659 ], [ -90.944346664079688, 39.405886633432608 ], [ -90.942544413640263, 39.404999854612775 ], [ -90.941447903983857, 39.404387844334778 ], [ -90.939975426102123, 39.4033611409738 ], [ -90.939402050156488, 39.402845809781645 ], [ -90.9388898308911, 39.402380134895516 ], [ -90.93829258338728, 39.401825516848795 ], [ -90.937823359481143, 39.401176017344696 ], [ -90.937497461400383, 39.400762213502986 ], [ -90.937126655732783, 39.400172745938661 ], [ -90.936753203887079, 39.399508099260103 ], [ -90.936674546397384, 39.399368107412336 ], [ -90.936115539751242, 39.398367272852241 ], [ -90.935810766874013, 39.397662394176102 ], [ -90.935598755997646, 39.396784294091994 ], [ -90.935524611774198, 39.396326379817758 ], [ -90.935242675940884, 39.395272169558723 ], [ -90.934971257651199, 39.394286149707618 ], [ -90.934528088788795, 39.393180501182378 ], [ -90.933809631427621, 39.392069959693039 ], [ -90.933238971447537, 39.391467213898224 ], [ -90.931728298781849, 39.39005113385268 ], [ -90.93084771048234, 39.389345715827709 ], [ -90.930212808302159, 39.388800100913684 ], [ -90.92962481127546, 39.388362181296891 ], [ -90.928767281414167, 39.387725162605008 ], [ -90.928176718472031, 39.387374623702009 ], [ -90.927883856326602, 39.387196397845138 ], [ -90.92676246639472, 39.386513944443145 ], [ -90.92554413436288, 39.385802465763987 ], [ -90.92444893812339, 39.38516117543751 ], [ -90.923473989924062, 39.384687174937277 ], [ -90.9227083074978, 39.384333481902829 ], [ -90.920602274856705, 39.383586664040614 ], [ -90.918791381572319, 39.383019957907926 ], [ -90.917288985511135, 39.382604470328218 ], [ -90.915586417997133, 39.38218537722782 ], [ -90.913484365938388, 39.381729948479943 ], [ -90.912747913850666, 39.381658445487467 ], [ -90.912355057363555, 39.381601742984287 ], [ -90.911825524244236, 39.381525310443678 ], [ -90.911014874013475, 39.381423320151811 ], [ -90.910392189904812, 39.38131498628092 ], [ -90.909720911674327, 39.38115720150634 ], [ -90.908900368584796, 39.380967585205248 ], [ -90.907907567263919, 39.380677716305826 ], [ -90.906767829938516, 39.38027833112136 ], [ -90.90581722794289, 39.379833766092304 ], [ -90.905017061167385, 39.379382188923607 ], [ -90.904256471038053, 39.378863314175724 ], [ -90.903671338897794, 39.378337883718025 ], [ -90.903243915520619, 39.37798044450885 ], [ -90.902992230874915, 39.37760674309358 ], [ -90.902690795397078, 39.377222429031548 ], [ -90.902629936955748, 39.375492088696816 ], [ -90.902444304260584, 39.375002999335209 ], [ -90.901707049293691, 39.37412507978334 ], [ -90.90104138291332, 39.373365026103443 ], [ -90.900592765140786, 39.372880902014991 ], [ -90.89983532998545, 39.372116197554249 ], [ -90.899681582740655, 39.371960972057444 ], [ -90.899013921732958, 39.37126887434124 ], [ -90.898309035542425, 39.370566386103825 ], [ -90.897464811347447, 39.369919664444922 ], [ -90.896523734451975, 39.369164320806611 ], [ -90.895238252615158, 39.368208442957261 ], [ -90.89412180651648, 39.367459621792783 ], [ -90.893335533113017, 39.366969356624111 ], [ -90.892968833326577, 39.366752270730409 ], [ -90.892032080122291, 39.366197699462852 ], [ -90.890491867409509, 39.365392590243488 ], [ -90.889145686238251, 39.364794993217117 ], [ -90.887922855407552, 39.36425790978236 ], [ -90.887276078783017, 39.364005272550088 ], [ -90.886723012661705, 39.363789235570337 ], [ -90.882678278928267, 39.362209882817027 ], [ -90.880823222752312, 39.361476634006273 ], [ -90.878276594518738, 39.360439299427789 ], [ -90.876424576012113, 39.359608887959745 ], [ -90.875079217343711, 39.358991714463052 ], [ -90.873639423393357, 39.358188218404223 ], [ -90.872296771769328, 39.357483629981282 ], [ -90.870080021766768, 39.356306427147047 ], [ -90.867415179965164, 39.355052965453979 ], [ -90.864688788430868, 39.353769168439811 ], [ -90.86180857767701, 39.352608774433513 ], [ -90.859883416008785, 39.351728183363178 ], [ -90.858133677900824, 39.350841076558751 ], [ -90.856161853485929, 39.349852701938289 ], [ -90.854070084025423, 39.348696930082433 ], [ -90.851718453973618, 39.347448889284024 ], [ -90.851153336379653, 39.347108148098471 ], [ -90.850019868937409, 39.346526129205316 ], [ -90.849995428813045, 39.346513579485674 ], [ -90.848330205619149, 39.345734750995469 ], [ -90.84701425521321, 39.344991508266389 ], [ -90.845675114155, 39.344189531298916 ], [ -90.844263962059514, 39.343289057339462 ], [ -90.842780807620684, 39.342290083065109 ], [ -90.842132732616165, 39.34186625705599 ], [ -90.841664747595487, 39.341560200900517 ], [ -90.841075614328417, 39.341189821611124 ], [ -90.840257585508382, 39.340533460490988 ], [ -90.83924489689386, 39.339698611028226 ], [ -90.838026556695453, 39.338636490696587 ], [ -90.837502379376772, 39.338189582315351 ], [ -90.83681361828333, 39.337564117024954 ], [ -90.836650502526425, 39.337415988674991 ], [ -90.835412625334229, 39.336178611450755 ], [ -90.834709930625124, 39.335436924271718 ], [ -90.833921528858511, 39.334635348091105 ], [ -90.832973011902084, 39.333753065275062 ], [ -90.831563234589197, 39.332415297372684 ], [ -90.828202174308274, 39.329457589369923 ], [ -90.826323532857344, 39.327916710133998 ], [ -90.825561076935244, 39.327268140542991 ], [ -90.821302580862181, 39.323645425946609 ], [ -90.819581018944888, 39.32229196197175 ], [ -90.818175170647493, 39.321245551460805 ], [ -90.817976816365203, 39.321123107454106 ], [ -90.817168880925891, 39.320624358790219 ], [ -90.816111399300141, 39.320041056727817 ], [ -90.814929241025226, 39.319445687976987 ], [ -90.813669383546554, 39.318936280646653 ], [ -90.81265711636766, 39.318509233571817 ], [ -90.810959811920313, 39.317991572879244 ], [ -90.809264653082849, 39.317405924768288 ], [ -90.807868597049065, 39.316855032532757 ], [ -90.806671032510721, 39.316356438605574 ], [ -90.804129006524221, 39.315259293807593 ], [ -90.802081843260396, 39.314336594805503 ], [ -90.800565785928498, 39.31362791166395 ], [ -90.799223219235685, 39.312971063588066 ], [ -90.798250600708343, 39.312400516415728 ], [ -90.797802395443981, 39.312137589735627 ], [ -90.796570770101255, 39.311415071773155 ], [ -90.795087757422849, 39.310454358356012 ], [ -90.793360929386438, 39.309294706644465 ], [ -90.792740020452101, 39.308758330641801 ], [ -90.792305365192234, 39.308264345179722 ], [ -90.791981360699907, 39.307830745946568 ], [ -90.791735093704759, 39.307311187938573 ], [ -90.79158850311596, 39.306803236141398 ], [ -90.79146965605328, 39.306208376637457 ], [ -90.791405683922704, 39.305459122163846 ], [ -90.791479770573133, 39.305091365602102 ], [ -90.791426444316812, 39.304798909880638 ], [ -90.791279555082198, 39.304300666006192 ], [ -90.791012279874693, 39.303654415328282 ], [ -90.79071543493977, 39.303153324918867 ], [ -90.790487771268147, 39.302838127830242 ], [ -90.790137282074184, 39.302452594672793 ], [ -90.789616428905632, 39.301918103186551 ], [ -90.788910888782866, 39.301292666262803 ], [ -90.788072488250904, 39.300518977512198 ], [ -90.786964394501808, 39.299575002900255 ], [ -90.785394036570295, 39.298223913861918 ], [ -90.785040750740293, 39.297961810760491 ], [ -90.784587687650969, 39.297625677573123 ], [ -90.783495486129624, 39.296973416564299 ], [ -90.782165279849082, 39.296336039743551 ], [ -90.781203518747432, 39.2959096846714 ], [ -90.780216777496491, 39.295482845237139 ], [ -90.778985057339284, 39.294895885052235 ], [ -90.778555741974472, 39.294689162577619 ], [ -90.777913643343851, 39.294379977083267 ], [ -90.776770656044022, 39.293755828885011 ], [ -90.775988501063082, 39.293187139106166 ], [ -90.775355370865512, 39.292650438900061 ], [ -90.774776532832377, 39.291978765315349 ], [ -90.774395771905446, 39.291369166201378 ], [ -90.773859051597313, 39.290552571345124 ], [ -90.773339758700018, 39.289580871145695 ], [ -90.773088766592522, 39.289216620076637 ], [ -90.77238977895928, 39.28799860661131 ], [ -90.771916804743142, 39.287144363905909 ], [ -90.771301001146568, 39.286063943703873 ], [ -90.770829591919622, 39.285161152459466 ], [ -90.770051546664618, 39.283679311087766 ], [ -90.769988273227497, 39.283562612473382 ], [ -90.769295744926765, 39.282285323147363 ], [ -90.768868192046654, 39.281577660940322 ], [ -90.76840132224757, 39.280927532405755 ], [ -90.767860429803036, 39.28024683825479 ], [ -90.767074327624741, 39.279415714137336 ], [ -90.766129548913923, 39.278464961982259 ], [ -90.765168601036436, 39.27763047000802 ], [ -90.764170816235151, 39.276775832560595 ], [ -90.762487740713837, 39.275461132281521 ], [ -90.76162278928696, 39.274754749191615 ], [ -90.761520560803717, 39.274670188917781 ], [ -90.760672889634662, 39.273969006278229 ], [ -90.760114066962586, 39.273462798062006 ], [ -90.758435788877875, 39.272002410877988 ], [ -90.757416279677884, 39.271050149701573 ], [ -90.756640725913812, 39.270287163424634 ], [ -90.755684648126874, 39.269306964853776 ], [ -90.75481261899516, 39.268435243947756 ], [ -90.753938130809786, 39.267641186452792 ], [ -90.75359160850067, 39.267316351035831 ], [ -90.752615497010879, 39.266401304366347 ], [ -90.751839735414379, 39.265647997524475 ], [ -90.751401280615013, 39.265289795188231 ], [ -90.750788597732509, 39.264908794606384 ], [ -90.750249616474392, 39.264568074495095 ], [ -90.74964384471852, 39.264362067942713 ], [ -90.748876957823043, 39.264114083290927 ], [ -90.747699793040255, 39.263799866299209 ], [ -90.745773597512667, 39.263461419527822 ], [ -90.743559237263241, 39.263146498260163 ], [ -90.741930426514031, 39.262861740296792 ], [ -90.741434189854061, 39.262774980797204 ], [ -90.740120642671457, 39.262428897030865 ], [ -90.738923565140382, 39.261958768004234 ], [ -90.738367807970107, 39.261753674691512 ], [ -90.73660814060635, 39.260903428048969 ], [ -90.735270315265609, 39.260148795625035 ], [ -90.734131082010094, 39.259436873966607 ], [ -90.733188245039202, 39.258835629185334 ], [ -90.732224827689421, 39.258097967909272 ], [ -90.731362899745648, 39.25731370279378 ], [ -90.730442311979132, 39.256411710549166 ], [ -90.729562340856347, 39.255413355307141 ], [ -90.728889670568648, 39.254574475346708 ], [ -90.728196426964573, 39.253599182921938 ], [ -90.727937449495371, 39.253146704642695 ], [ -90.727510414799468, 39.252400586485741 ], [ -90.727116271257415, 39.251450555471919 ], [ -90.726738388317955, 39.25038426347777 ], [ -90.726210171694945, 39.248557278984251 ], [ -90.725787453302473, 39.246946078308021 ], [ -90.725417833226899, 39.245238766181366 ], [ -90.724755862675522, 39.242913706011571 ], [ -90.724512253707246, 39.241947177781391 ], [ -90.723941113173396, 39.239905617419851 ], [ -90.723103553706167, 39.237471727395651 ], [ -90.722981878706562, 39.23711813714668 ], [ -90.722595410678423, 39.235935084678871 ], [ -90.722513084234649, 39.235685518568403 ], [ -90.721753574231514, 39.23338304674499 ], [ -90.721470070065493, 39.232493449973632 ], [ -90.721289266702513, 39.231518428493523 ], [ -90.721154945470957, 39.230651180694579 ], [ -90.721124804811183, 39.230038556814982 ], [ -90.721107002509115, 39.228658703792753 ], [ -90.721257904395031, 39.227855326707036 ], [ -90.721426856703971, 39.227266029285431 ], [ -90.721664500887499, 39.226483779080603 ], [ -90.72187591816072, 39.225739874236695 ], [ -90.72201738249359, 39.225227756158844 ], [ -90.722008746377014, 39.224722416131868 ], [ -90.721922879575672, 39.224018460791633 ], [ -90.721704296327346, 39.223295448799007 ], [ -90.721692340514494, 39.223255904283782 ], [ -90.721428529313144, 39.222726283696886 ], [ -90.721206817381784, 39.222284896463854 ], [ -90.720556808232587, 39.221188292134428 ], [ -90.719853494610305, 39.220003230334648 ], [ -90.719704486468231, 39.219697704878627 ], [ -90.719242306891829, 39.218750041172946 ], [ -90.718714188120529, 39.217708260740167 ], [ -90.71792090750121, 39.2161805274405 ], [ -90.717627421863, 39.215527942246965 ], [ -90.717322801167569, 39.214525499756192 ], [ -90.716967705265503, 39.213347246672114 ], [ -90.716792755598007, 39.212504682989071 ], [ -90.716604975614914, 39.211364672862572 ], [ -90.716517407498756, 39.210252851793236 ], [ -90.716508926912894, 39.210111814364431 ], [ -90.716458998123599, 39.209281457205989 ], [ -90.716540139403847, 39.208164203244536 ], [ -90.716579577300735, 39.207640516998289 ], [ -90.716817056836547, 39.206552550625467 ], [ -90.717218683912662, 39.204558740389352 ], [ -90.717484536272295, 39.203287766762969 ], [ -90.71761310493082, 39.20209277142682 ], [ -90.717653548628206, 39.20084360183035 ], [ -90.717611527886234, 39.199365550411862 ], [ -90.717396300872267, 39.198032700775343 ], [ -90.717091552485812, 39.19668935448906 ], [ -90.716869297373762, 39.195730258804232 ], [ -90.716776153928464, 39.195328316213207 ], [ -90.716414256664009, 39.1936691707565 ], [ -90.716118786176608, 39.192387190306036 ], [ -90.715701637162809, 39.190700736174811 ], [ -90.715334594878414, 39.189548463630473 ], [ -90.714875974097481, 39.187756300927433 ], [ -90.714566497040465, 39.186561451461372 ], [ -90.714221373834945, 39.185427087507676 ], [ -90.713922574554942, 39.184249927963194 ], [ -90.713697439722552, 39.183572450726807 ], [ -90.713385913526622, 39.18278838422134 ], [ -90.713153423945357, 39.182338028091259 ], [ -90.712661193647605, 39.181585375690702 ], [ -90.712156447818288, 39.180659825929446 ], [ -90.711548137393777, 39.17954433630721 ], [ -90.7111947628309, 39.179012931632776 ], [ -90.710704219880952, 39.17751731716583 ], [ -90.710455952691589, 39.176515962376556 ], [ -90.710293958309734, 39.175970833867616 ], [ -90.710040716408429, 39.174777077160286 ], [ -90.709897557010322, 39.173305771670286 ], [ -90.709845098785266, 39.17076984404067 ], [ -90.709681791354839, 39.167497490765143 ], [ -90.709539044543945, 39.165791228566164 ], [ -90.70950379907012, 39.16536992084724 ], [ -90.70939165558643, 39.164327533683966 ], [ -90.709290687538342, 39.162594824473267 ], [ -90.709258393377851, 39.161859942849809 ], [ -90.709271383447145, 39.160767569114185 ], [ -90.709224869192894, 39.159778916972357 ], [ -90.709198762858051, 39.158161312074888 ], [ -90.70915803591646, 39.156648312222032 ], [ -90.709098886106716, 39.155703115862181 ], [ -90.709004260205873, 39.155159311227983 ], [ -90.708762599684363, 39.153957034834228 ], [ -90.70846229890897, 39.152832274668924 ], [ -90.708109258758313, 39.151610115118622 ], [ -90.708068689971412, 39.151469669183321 ], [ -90.707708627535681, 39.150457364330073 ], [ -90.706891819163204, 39.148299732324396 ], [ -90.706535191530264, 39.147182598262965 ], [ -90.706201579670974, 39.146048434814041 ], [ -90.705849381823853, 39.145141171000517 ], [ -90.705518209979303, 39.144278026060235 ], [ -90.705076704712354, 39.143010617469692 ], [ -90.704784462081093, 39.142331799980447 ], [ -90.704546891771415, 39.1416977630807 ], [ -90.704249265629173, 39.141184916739213 ], [ -90.703951359730013, 39.140680806197558 ], [ -90.703294503530088, 39.139479074563219 ], [ -90.702838862356757, 39.138648431709811 ], [ -90.702563694800915, 39.138136024835006 ], [ -90.702006267419975, 39.137329593995247 ], [ -90.702005024393259, 39.13732790268913 ], [ -90.701576348469928, 39.136744203685815 ], [ -90.701132377658098, 39.136245944430037 ], [ -90.700656753821519, 39.135685871484768 ], [ -90.699437472806721, 39.134525463455944 ], [ -90.698215100487815, 39.133461132856034 ], [ -90.696722614994783, 39.132076773006709 ], [ -90.696181750766343, 39.131454204045752 ], [ -90.695534436009623, 39.130654707235088 ], [ -90.69473143877201, 39.129467520381432 ], [ -90.693782568473139, 39.127936538510546 ], [ -90.692943323776319, 39.126486389482331 ], [ -90.692508886854654, 39.125699832447232 ], [ -90.692344935466011, 39.125400920551414 ], [ -90.692222911478993, 39.125178445301806 ], [ -90.691889798709283, 39.124726053028368 ], [ -90.691297237824131, 39.12397132265145 ], [ -90.690495608613787, 39.123090070606388 ], [ -90.68948349684166, 39.122125969568899 ], [ -90.688278127540698, 39.120895793061436 ], [ -90.687413572447824, 39.11988215579202 ], [ -90.686676682274182, 39.118739931210285 ], [ -90.686117516252537, 39.117653676881915 ], [ -90.685603791646969, 39.116550841060196 ], [ -90.685143836491449, 39.115456915043715 ], [ -90.684900197387407, 39.114736205105046 ], [ -90.684163513899932, 39.112562523311709 ], [ -90.683815181093848, 39.111550377456382 ], [ -90.683252234096415, 39.109554964802371 ], [ -90.683038811415159, 39.108877659186689 ], [ -90.682632969510209, 39.107567168538345 ], [ -90.682282914735254, 39.10626652902392 ], [ -90.682220223855595, 39.105998144345541 ], [ -90.681751628827641, 39.103992022951637 ], [ -90.681509707818037, 39.102815905957293 ], [ -90.681186650397962, 39.10103503985551 ], [ -90.681114715947459, 39.100491661821252 ], [ -90.681054894412611, 39.100263204021665 ], [ -90.681041063335158, 39.100000695763079 ], [ -90.68107722703003, 39.099581843665391 ], [ -90.681109051769567, 39.098953120178244 ], [ -90.681184000543965, 39.098377700107221 ], [ -90.68122932283535, 39.097679316398256 ], [ -90.681365570892112, 39.095575427285027 ], [ -90.681401587833733, 39.094133865211596 ], [ -90.68145458364117, 39.092858721627749 ], [ -90.681536054024619, 39.091741483201147 ], [ -90.68168854484253, 39.090852925960682 ], [ -90.682014605742921, 39.089801740728035 ], [ -90.682296444964223, 39.089073094977159 ], [ -90.682426633170238, 39.088870546850217 ], [ -90.682568267576642, 39.088650187867991 ], [ -90.683265110518036, 39.087921050186154 ], [ -90.68449297254584, 39.086730440088168 ], [ -90.685441790562791, 39.085840214569743 ], [ -90.687345140712793, 39.084225932187195 ], [ -90.68837092088468, 39.08338091415731 ], [ -90.689820781246496, 39.082255837046631 ], [ -90.690831591160361, 39.081524134786143 ], [ -90.691402280101244, 39.081067397750395 ], [ -90.691833449496272, 39.080722316338665 ], [ -90.693032363463161, 39.079723344115322 ], [ -90.694026378834693, 39.078816456909912 ], [ -90.695612697506675, 39.077283172094383 ], [ -90.696237216781824, 39.076701122275772 ], [ -90.696735323934533, 39.076212722684112 ], [ -90.697546236610805, 39.07541582058056 ], [ -90.698451045742431, 39.07448964991022 ], [ -90.699102471723492, 39.073768256270583 ], [ -90.699662812338204, 39.073088768234399 ], [ -90.700171081260351, 39.072285873249989 ], [ -90.700555500238522, 39.071498015001104 ], [ -90.700941326961157, 39.070666477709345 ], [ -90.700965788887643, 39.070585066162536 ], [ -90.701280754650156, 39.069536823904663 ], [ -90.701486132951274, 39.06873668863382 ], [ -90.701611648069061, 39.067978685240796 ], [ -90.701700839752647, 39.06695773031997 ], [ -90.701857414983778, 39.066279008390502 ], [ -90.702137813212133, 39.065585244781118 ], [ -90.702541747324489, 39.064885174156295 ], [ -90.703138996258403, 39.064101500664727 ], [ -90.704086137516853, 39.063246045828805 ], [ -90.70570594990113, 39.062045437656394 ], [ -90.707714018433506, 39.060625172636492 ], [ -90.709606571399718, 39.059307495657869 ], [ -90.711108795061605, 39.058270581707653 ], [ -90.711926027760512, 39.057613556417188 ], [ -90.712355533815199, 39.057158703785063 ], [ -90.712661225276392, 39.056718903447887 ], [ -90.712898841599568, 39.056303989546599 ], [ -90.713092768345419, 39.055853252827923 ], [ -90.713286199064925, 39.055070342457626 ], [ -90.713346588503953, 39.054241116368061 ], [ -90.713324394769671, 39.053191739706122 ], [ -90.71324244766555, 39.052604473773989 ], [ -90.713142887619782, 39.051868261156329 ], [ -90.713046710614989, 39.051027221952609 ], [ -90.712745080286282, 39.050156497106272 ], [ -90.71270829670803, 39.050050311325286 ], [ -90.712527785235523, 39.049391181262237 ], [ -90.712195229907294, 39.04858046683475 ], [ -90.71186993680864, 39.047892270322926 ], [ -90.711764981378863, 39.047635481878153 ], [ -90.711599816516269, 39.047231378964689 ], [ -90.711044923486668, 39.046363849562461 ], [ -90.710304399984324, 39.045344070525147 ], [ -90.709084834726426, 39.04388655664853 ], [ -90.708429744157101, 39.042999564186246 ], [ -90.707911255350808, 39.042394970072699 ], [ -90.707276999276715, 39.04121117942627 ], [ -90.706549579444641, 39.039789541120335 ], [ -90.705879041127687, 39.038342793723004 ], [ -90.70479007123987, 39.036319628903712 ], [ -90.703877710360601, 39.034728249888026 ], [ -90.702942139220667, 39.033162629483989 ], [ -90.702494108682203, 39.032453673465952 ], [ -90.702035963224148, 39.03172869967986 ], [ -90.701388994743724, 39.03059707439202 ], [ -90.700628193633378, 39.029174741121103 ], [ -90.699682980740732, 39.027565198992178 ], [ -90.699195291845342, 39.026707680053647 ], [ -90.698630351524898, 39.025813669942842 ], [ -90.697758798655698, 39.024354167588172 ], [ -90.697205094157411, 39.023460372501503 ], [ -90.696466131544355, 39.022405573098439 ], [ -90.695103222454307, 39.020551729403842 ], [ -90.693862992543842, 39.018717779112897 ], [ -90.692601849628105, 39.016839695393259 ], [ -90.69149213697473, 39.01513067949432 ], [ -90.690719508363273, 39.013643140399637 ], [ -90.690526034426696, 39.013241861725618 ], [ -90.690202652050957, 39.012601688551435 ], [ -90.689893383854908, 39.011951051717986 ], [ -90.689771162462208, 39.01147599026713 ], [ -90.689455002891691, 39.010191449722086 ], [ -90.689340475156158, 39.009480219270927 ], [ -90.689089758545791, 39.008723322846237 ], [ -90.688926969648989, 39.008225972535534 ], [ -90.688595455906537, 39.007413764348655 ], [ -90.688254386310106, 39.006472464208819 ], [ -90.687858640941656, 39.005519337426271 ], [ -90.687451367102398, 39.004920459959571 ], [ -90.68689730815764, 39.004179026435075 ], [ -90.686252902280557, 39.003253186850138 ], [ -90.685210482552691, 39.001868286323933 ], [ -90.684913552399976, 39.00149445624816 ], [ -90.684430293652426, 39.000886032081951 ], [ -90.683617010243069, 39.000074983794875 ], [ -90.682475678046927, 38.999192960093026 ], [ -90.681718514429861, 38.998350789575667 ], [ -90.681113742678576, 38.997479418343332 ], [ -90.680299403320262, 38.996281621547944 ], [ -90.679579628620161, 38.995139409210076 ], [ -90.678868721180351, 38.994147754473424 ], [ -90.678549034114354, 38.993400203235566 ], [ -90.678201419484395, 38.992243908139045 ], [ -90.677770447432152, 38.990269570807172 ], [ -90.67773225084261, 38.990111955595786 ], [ -90.677236829172884, 38.988067608377399 ], [ -90.676514541434898, 38.985743725180292 ], [ -90.6762512718485, 38.984535392925423 ], [ -90.675964425441151, 38.983627362374911 ], [ -90.675780182829627, 38.982528022347509 ], [ -90.675696842838278, 38.981709981239938 ], [ -90.675720020167617, 38.981001480672951 ], [ -90.675790075947091, 38.980122045473713 ], [ -90.676047344079535, 38.978988536072947 ], [ -90.676302850234819, 38.977908700132986 ], [ -90.676354576039159, 38.977168542287814 ], [ -90.676363990880091, 38.976459767757945 ], [ -90.676321769714079, 38.975644953003879 ], [ -90.676304930015263, 38.975319954436884 ], [ -90.67623422445557, 38.974115457055824 ], [ -90.676205414872655, 38.97247137889255 ], [ -90.676195397076199, 38.971515153440116 ], [ -90.676267121442194, 38.97016310710783 ], [ -90.676321229820303, 38.96892886997982 ], [ -90.676427466525283, 38.967362673491742 ], [ -90.676511458322523, 38.965634904888113 ], [ -90.676513010475688, 38.964324427275201 ], [ -90.676492810143444, 38.963679512526085 ], [ -90.676121293740465, 38.961996378361555 ], [ -90.675791018537637, 38.960907334515156 ], [ -90.675649336492683, 38.960440144463703 ], [ -90.675016621880005, 38.958751801382512 ], [ -90.674513698574302, 38.957302363639094 ], [ -90.673776716712311, 38.955858998748283 ], [ -90.672949849885626, 38.954220481914348 ], [ -90.671408747368204, 38.951708353684737 ], [ -90.669409842288644, 38.948897028175963 ], [ -90.669114877563558, 38.948134885128233 ], [ -90.668940595788982, 38.94768456050641 ], [ -90.668859466123934, 38.946802104711466 ], [ -90.668771302461593, 38.946134344765611 ], [ -90.668637679209326, 38.945594580332617 ], [ -90.668612270391151, 38.945110687100509 ], [ -90.668598496948718, 38.944691478423017 ], [ -90.668437384391751, 38.944151163423307 ], [ -90.66827416429372, 38.943675258126923 ], [ -90.667612876496108, 38.942448205593649 ], [ -90.667188122685573, 38.941558876822249 ], [ -90.666591725972594, 38.9404512759805 ], [ -90.666072891595192, 38.939495611110388 ], [ -90.665625975447369, 38.938863638029837 ], [ -90.665057476196722, 38.938164780560143 ], [ -90.664421671226748, 38.937421605801951 ], [ -90.663691427801993, 38.936203890539971 ], [ -90.663309752743132, 38.935261702592541 ], [ -90.663211078530551, 38.934497050732404 ], [ -90.66314197366988, 38.933716219129771 ], [ -90.663083509108517, 38.933355854267241 ], [ -90.662955937332029, 38.933052525973032 ], [ -90.66298483891859, 38.932591203042627 ], [ -90.663085983012238, 38.932023907819669 ], [ -90.66309514902791, 38.931325867705212 ], [ -90.663199109332794, 38.930672693380131 ], [ -90.663416891487785, 38.929903638434894 ], [ -90.663620925680178, 38.929134306742149 ], [ -90.663683999843101, 38.928469571362577 ], [ -90.663645234672074, 38.927974667254382 ], [ -90.663471858337331, 38.927391132110444 ], [ -90.663256551427182, 38.926828240973187 ], [ -90.662916504979549, 38.926295075604109 ], [ -90.662301963407231, 38.925745669129839 ], [ -90.6613653682723, 38.924953481882014 ], [ -90.660060574942179, 38.924067969203577 ], [ -90.659243117614139, 38.923417799444309 ], [ -90.656574185267417, 38.920947295187361 ], [ -90.653232939259652, 38.917603859552308 ], [ -90.651757601795126, 38.916059568484144 ], [ -90.650170279571128, 38.914577455205723 ], [ -90.649210736135032, 38.91365580737434 ], [ -90.648209070606327, 38.912770228006998 ], [ -90.647954965161745, 38.912545567987209 ], [ -90.647295889979333, 38.912102605490709 ], [ -90.645419053242009, 38.91106575054043 ], [ -90.64407100839712, 38.910254381984693 ], [ -90.64278043906846, 38.9093689654459 ], [ -90.64117745651771, 38.908369801542676 ], [ -90.640050401647031, 38.907530627715204 ], [ -90.639313614491286, 38.906946404198614 ], [ -90.638915370362753, 38.90661261478666 ], [ -90.637868978734758, 38.90573556025327 ], [ -90.636783931719719, 38.904875722591164 ], [ -90.636411010215113, 38.904513687101101 ], [ -90.635980799192225, 38.903806748838129 ], [ -90.635096488892216, 38.902284964196291 ], [ -90.634312849164999, 38.901044503648841 ], [ -90.633584897783606, 38.899783683154112 ], [ -90.63322556584707, 38.89901372091721 ], [ -90.632978821994726, 38.898579039953162 ], [ -90.632480688815122, 38.897798647543965 ], [ -90.631881269104127, 38.896859551123924 ], [ -90.631046006015538, 38.895521344472755 ], [ -90.629872908687574, 38.89359620725719 ], [ -90.629300897973664, 38.892772644771149 ], [ -90.62928263456098, 38.892746348745028 ], [ -90.628983847595066, 38.892224666902898 ], [ -90.628686851616536, 38.891649311916666 ], [ -90.627109633075108, 38.890306740772466 ], [ -90.625745332824394, 38.889151957621763 ], [ -90.625679271415478, 38.889096039020153 ], [ -90.625014326493684, 38.888427253209734 ], [ -90.624052234157148, 38.887602027163766 ], [ -90.622868260367298, 38.886836725400059 ], [ -90.621839101521118, 38.886375340535849 ], [ -90.620077249192278, 38.885630460374855 ], [ -90.618505205158911, 38.884964619988835 ], [ -90.617891962118421, 38.884759782795236 ], [ -90.616792620600336, 38.88439256568595 ], [ -90.614104858913066, 38.883392362821986 ], [ -90.611700552141684, 38.882548286764631 ], [ -90.609302782884967, 38.881510941181745 ], [ -90.60911447216013, 38.881388922924955 ], [ -90.608384741332927, 38.881019489455113 ], [ -90.607937657283713, 38.880827714259524 ], [ -90.607438525222435, 38.880548936146219 ], [ -90.60358981250333, 38.878525693300482 ], [ -90.602548254716154, 38.87803166009207 ], [ -90.600978356155224, 38.877311921632192 ], [ -90.599398008871503, 38.876495268938605 ], [ -90.59734213006746, 38.875518421669646 ], [ -90.594486252977703, 38.874224280219742 ], [ -90.592372320698431, 38.873342827447196 ], [ -90.590676871177806, 38.872684812263699 ], [ -90.589019384019139, 38.872124234335452 ], [ -90.587458044616113, 38.871565620479821 ], [ -90.586725262386153, 38.871292666697826 ], [ -90.58649437145128, 38.871212699090165 ], [ -90.58633431628509, 38.871069745777142 ], [ -90.586229549804244, 38.870917192309811 ], [ -90.586050390551378, 38.870526780092092 ], [ -90.58585677354823, 38.870157551638655 ], [ -90.585698901894517, 38.869950190711805 ], [ -90.585323151632807, 38.869684612847244 ], [ -90.584794182328508, 38.869480315346621 ], [ -90.583742348051643, 38.869297417226974 ], [ -90.582264132278922, 38.869127163238169 ], [ -90.581891657252271, 38.86909577022562 ], [ -90.579222425835724, 38.868870763779299 ], [ -90.577480795570281, 38.868770178273678 ], [ -90.57545155456863, 38.868642108840582 ], [ -90.573558900105354, 38.868538327613166 ], [ -90.572156538956477, 38.868562875424736 ], [ -90.570147467198197, 38.868649969888693 ], [ -90.568260138828265, 38.868793275482432 ], [ -90.566909036380466, 38.868926246653885 ], [ -90.565130811332097, 38.869093259598571 ], [ -90.564010313013156, 38.869210658765851 ], [ -90.563420865565689, 38.869272413107829 ], [ -90.561875682694534, 38.869454982366776 ], [ -90.560951682323463, 38.869553837342643 ], [ -90.55967926743196, 38.869795787192018 ], [ -90.55740793226326, 38.870317592313199 ], [ -90.555909915824174, 38.870726647465645 ], [ -90.554549191519556, 38.871138560679633 ], [ -90.5527157025452, 38.871712414044218 ], [ -90.551409500732177, 38.872136173901104 ], [ -90.550075820007052, 38.872559343017592 ], [ -90.548948463639306, 38.872976087373615 ], [ -90.548158811440288, 38.87334313750145 ], [ -90.547887168394809, 38.873469401555809 ], [ -90.546837743825336, 38.874016663599939 ], [ -90.54566330618043, 38.875001701478027 ], [ -90.544958613831923, 38.875513228155896 ], [ -90.54280439669715, 38.87701471225509 ], [ -90.541510332663336, 38.877879027550435 ], [ -90.540312735808115, 38.878734620590699 ], [ -90.538804102204921, 38.879841443829292 ], [ -90.537886282963456, 38.880552525191483 ], [ -90.535080012208212, 38.883017603938612 ], [ -90.533135066472681, 38.884813349174188 ], [ -90.531561593897919, 38.886197991188354 ], [ -90.529946859341379, 38.887581735850645 ], [ -90.529775070255184, 38.887722150142075 ], [ -90.529267912521192, 38.888136676395312 ], [ -90.528174687484551, 38.889091785294944 ], [ -90.528091508244941, 38.889164454677228 ], [ -90.526500755357574, 38.890645333686642 ], [ -90.524611812501277, 38.892399150397694 ], [ -90.523261124722097, 38.893691724481094 ], [ -90.522634243093336, 38.894129569836871 ], [ -90.522154000629783, 38.894500705545013 ], [ -90.521182524073168, 38.895360894378925 ], [ -90.520406725419349, 38.895929835737846 ], [ -90.519093641919255, 38.896927760363361 ], [ -90.517986233412259, 38.897742064977592 ], [ -90.516975137506236, 38.89855303744617 ], [ -90.516079333993403, 38.899210699700923 ], [ -90.515592902661268, 38.899560191928799 ], [ -90.515013121678251, 38.89982713025146 ], [ -90.514561080462101, 38.899978628751114 ], [ -90.513893878813306, 38.900189991592562 ], [ -90.512544978856695, 38.900633879361017 ], [ -90.511711055981763, 38.900895384023478 ], [ -90.510533329918104, 38.901324548144025 ], [ -90.510318670671737, 38.901402768317311 ], [ -90.509539301400636, 38.901676162528823 ], [ -90.508829547315003, 38.901924183402457 ], [ -90.508293935650102, 38.902106098009568 ], [ -90.507922971813429, 38.902296897299067 ], [ -90.507401576622101, 38.902661719769007 ], [ -90.507136181795133, 38.902978300707382 ], [ -90.506883957440692, 38.903311275330296 ], [ -90.506697410858848, 38.903731585375333 ], [ -90.50654134031295, 38.904066613724829 ], [ -90.506466081142776, 38.904252984495024 ], [ -90.506316395458072, 38.904405540604664 ], [ -90.506099151355272, 38.90452442675609 ], [ -90.505649422267922, 38.904804839200487 ], [ -90.504912540536651, 38.905433585137452 ], [ -90.503814628351378, 38.90636074143692 ], [ -90.503191753140527, 38.906873756529521 ], [ -90.502395174299139, 38.907635479643233 ], [ -90.501867875632186, 38.908166646037103 ], [ -90.501365409135985, 38.908773532818003 ], [ -90.500365058569272, 38.910051848280432 ], [ -90.499696945278686, 38.910871481840267 ], [ -90.499517402563768, 38.911091738984368 ], [ -90.498700778339639, 38.912030243057565 ], [ -90.497916464542683, 38.913028675166025 ], [ -90.497779665578804, 38.913202816513412 ], [ -90.496912157047163, 38.914414128563948 ], [ -90.496286595464881, 38.915195588132462 ], [ -90.495139910445104, 38.916524423542519 ], [ -90.493927955425931, 38.917948519435704 ], [ -90.49251603565898, 38.919583136766271 ], [ -90.491541650741055, 38.920700804115057 ], [ -90.491183401092087, 38.921112025135614 ], [ -90.491073911280253, 38.921239623949909 ], [ -90.490567508481433, 38.921829771501777 ], [ -90.490079257608997, 38.92239875525523 ], [ -90.489440943606709, 38.923147676389462 ], [ -90.488543547770746, 38.924224007640071 ], [ -90.488019291547658, 38.924857217923282 ], [ -90.487319149498447, 38.92579814481531 ], [ -90.487028797152519, 38.926232297080681 ], [ -90.486799187246675, 38.926893331211495 ], [ -90.486587959439817, 38.927812559627704 ], [ -90.486526338880367, 38.928004967892612 ], [ -90.48642567220088, 38.928319290129835 ], [ -90.485929275381181, 38.929135697432869 ], [ -90.485335725481434, 38.929976863263398 ], [ -90.484897874968908, 38.930692482890485 ], [ -90.484485220981057, 38.931473093433013 ], [ -90.483978871871855, 38.932375209801307 ], [ -90.483432609958811, 38.93323886827919 ], [ -90.482972432822393, 38.934195683896299 ], [ -90.482768913678186, 38.934894866877421 ], [ -90.482700537168881, 38.93566141594944 ], [ -90.482718983499211, 38.93630630944984 ], [ -90.482757591881878, 38.936575682169909 ], [ -90.482946345167136, 38.937460565317274 ], [ -90.483009023093075, 38.937827132203303 ], [ -90.483087152889908, 38.93814569497065 ], [ -90.483440531271555, 38.939431568176452 ], [ -90.483496189737608, 38.939996702861272 ], [ -90.483434723833909, 38.940956748923291 ], [ -90.483351880921745, 38.941937817022485 ], [ -90.483249958939169, 38.942585788190044 ], [ -90.48323653610916, 38.942671126779715 ], [ -90.4830625657859, 38.943311868048532 ], [ -90.482872534688482, 38.943823363803943 ], [ -90.482599463640611, 38.944349178994251 ], [ -90.482155756306426, 38.945032434509436 ], [ -90.481562211095891, 38.945868205784109 ], [ -90.481199970060544, 38.946386722382627 ], [ -90.480794399528563, 38.946963379705018 ], [ -90.480401616299062, 38.947567165703681 ], [ -90.480104254222908, 38.948001146466332 ], [ -90.479891829876266, 38.948367141663788 ], [ -90.479633768681452, 38.94866232961629 ], [ -90.479159825423864, 38.949226762164351 ], [ -90.478421689206982, 38.950064761836302 ], [ -90.477633714126654, 38.950950016124963 ], [ -90.477176720803769, 38.951423503462145 ], [ -90.476609010881177, 38.952109424577813 ], [ -90.476027164450329, 38.952805778962457 ], [ -90.475651671776049, 38.9533078765418 ], [ -90.475350634297698, 38.953843809869248 ], [ -90.474947271047654, 38.95454939210601 ], [ -90.47481459798658, 38.954798945728733 ], [ -90.474669510893705, 38.955010636144223 ], [ -90.474433546847209, 38.955263324421502 ], [ -90.47429304443844, 38.955539561803356 ], [ -90.473762698857612, 38.956333692790935 ], [ -90.473576176330866, 38.956624897424966 ], [ -90.473165522829177, 38.957266013603352 ], [ -90.47270751022657, 38.957959661213721 ], [ -90.472366143452177, 38.958467858202013 ], [ -90.472083002152516, 38.958886012200288 ], [ -90.471904485424147, 38.959070120393541 ], [ -90.471177802461227, 38.95958070242434 ], [ -90.470054725535448, 38.960404928140598 ], [ -90.468766271897394, 38.9612362957606 ], [ -90.468168623937217, 38.961599277398946 ], [ -90.467488866679417, 38.961949730927707 ], [ -90.466459290433761, 38.962464447381734 ], [ -90.465368982057086, 38.962945609339627 ], [ -90.464363634846961, 38.96335878850325 ], [ -90.463426250242918, 38.963794920219556 ], [ -90.462768987463704, 38.964092127977828 ], [ -90.461813645046647, 38.964452664802778 ], [ -90.460599543393485, 38.964931087098172 ], [ -90.459840488405931, 38.965188466608282 ], [ -90.458434653762012, 38.965641206663491 ], [ -90.456695193575669, 38.966188699368047 ], [ -90.45568061538998, 38.966472703335832 ], [ -90.454714148699964, 38.966757748352677 ], [ -90.454076723206086, 38.966883474171034 ], [ -90.453416482119124, 38.966994021763988 ], [ -90.453225424867156, 38.967026010489199 ], [ -90.452785425390431, 38.96720974868213 ], [ -90.452338548528658, 38.967393334047308 ], [ -90.450934669449722, 38.967795809562723 ], [ -90.449715850050438, 38.967485062048631 ], [ -90.448732076166635, 38.967280860455155 ], [ -90.44778803088893, 38.967120504451202 ], [ -90.446787042167131, 38.96701262612558 ], [ -90.4458277073998, 38.966894904914625 ], [ -90.44488020112712, 38.966831165046159 ], [ -90.444423604148994, 38.966896383986985 ], [ -90.443911990475655, 38.966960395350398 ], [ -90.44349627034191, 38.96703725306682 ], [ -90.443286091963145, 38.967140107594666 ], [ -90.443035422030135, 38.967220580889517 ], [ -90.44288257875823, 38.967260215097816 ], [ -90.442798893875803, 38.967290618968583 ], [ -90.442688085452119, 38.967309681484274 ], [ -90.442550154674748, 38.967317402594048 ], [ -90.442411064715841, 38.967357337766458 ], [ -90.442257448085201, 38.967418445481599 ], [ -90.442106149708962, 38.967415127248309 ], [ -90.441942255782863, 38.967379293808008 ], [ -90.441779134965742, 38.967321984902121 ], [ -90.441463556894448, 38.967293570025554 ], [ -90.441270222282995, 38.967310820709734 ], [ -90.441006181323132, 38.96738025150038 ], [ -90.440358950845479, 38.967387540487174 ], [ -90.439591025440038, 38.96730620655606 ], [ -90.438618334044961, 38.967177386262755 ], [ -90.437310692295398, 38.966794037814196 ], [ -90.435991248561393, 38.966356682664895 ], [ -90.434457570274844, 38.965753409384781 ], [ -90.434177343535765, 38.96566019935787 ], [ -90.432866188030488, 38.965224068171963 ], [ -90.431646183352655, 38.964702885317244 ], [ -90.430201700441771, 38.963918835234928 ], [ -90.429969054337164, 38.963881470180354 ], [ -90.427657670947184, 38.963852005758085 ], [ -90.426378588894394, 38.963823787503614 ], [ -90.425937696556034, 38.963835549726248 ], [ -90.425674434493018, 38.963883470796603 ], [ -90.425384442977887, 38.963909307258731 ], [ -90.42506888900661, 38.963880848714766 ], [ -90.424602045468887, 38.963849048628433 ], [ -90.423049063098333, 38.963782506541847 ], [ -90.42119233899524, 38.963741466684091 ], [ -90.418511970228067, 38.963639184171981 ], [ -90.415365167860358, 38.963494267364162 ], [ -90.415352418244012, 38.963493828050183 ], [ -90.412739447623807, 38.963403808825277 ], [ -90.410244165518918, 38.963133505273056 ], [ -90.40760036289187, 38.962784623593272 ], [ -90.404195433725405, 38.962171583988003 ], [ -90.401209043877316, 38.961406581361388 ], [ -90.398807407776616, 38.960837229027838 ], [ -90.39673508672972, 38.960296671546196 ], [ -90.396212340007793, 38.960126944903919 ], [ -90.395633322788598, 38.959938944169544 ], [ -90.393688762009006, 38.959293725583485 ], [ -90.392139113664683, 38.958764764188118 ], [ -90.390159276032222, 38.957957506876738 ], [ -90.38865133558707, 38.957418687331895 ], [ -90.386844825113755, 38.956765699225421 ], [ -90.385090986005196, 38.956178341308366 ], [ -90.383380802671226, 38.955527459715633 ], [ -90.381743757539226, 38.954759988644597 ], [ -90.380160567325689, 38.95402594217034 ], [ -90.379101826430812, 38.953626043445723 ], [ -90.37655969146968, 38.952773682620091 ], [ -90.376040719050849, 38.952603122491027 ], [ -90.375050385389486, 38.952277642358283 ], [ -90.374439925442019, 38.952038234641918 ], [ -90.372365822054078, 38.951185571726128 ], [ -90.37019114901905, 38.950448811240683 ], [ -90.368426646180424, 38.94978574156292 ], [ -90.366162171792297, 38.948874943833935 ], [ -90.365777527575972, 38.948713746806504 ], [ -90.364237922403674, 38.948068505789728 ], [ -90.362741764557356, 38.947594096962462 ], [ -90.360068139989181, 38.946587962547291 ], [ -90.357488046602555, 38.945659107917983 ], [ -90.355575908220644, 38.944909303690864 ], [ -90.355180350798605, 38.94475418894163 ], [ -90.354870368998874, 38.944632630272473 ], [ -90.35191864151561, 38.943340606059124 ], [ -90.351148154139238, 38.942968491180665 ], [ -90.349686895900973, 38.942301281718258 ], [ -90.348374895876916, 38.941691177636983 ], [ -90.346807309471728, 38.940924801233344 ], [ -90.345525661158547, 38.940240132820541 ], [ -90.343212769179203, 38.93895310371289 ], [ -90.342304041033941, 38.938447409260014 ], [ -90.341024890877165, 38.937698273306829 ], [ -90.340136013606042, 38.937183690008794 ], [ -90.3394262683167, 38.936662440473938 ], [ -90.338221540600628, 38.93576452746467 ], [ -90.337094101276151, 38.935008065440783 ], [ -90.336543984612277, 38.934724186032199 ], [ -90.3343270489612, 38.933580120189582 ], [ -90.332323932379268, 38.932696138013796 ], [ -90.331458725143648, 38.932368106389291 ], [ -90.33132469191915, 38.932317288530008 ], [ -90.330036738352547, 38.931828958892254 ], [ -90.329760088596245, 38.93172406462233 ], [ -90.328783108866773, 38.931383591251311 ], [ -90.327474665937658, 38.930927587429011 ], [ -90.326921798382656, 38.930734902234072 ], [ -90.326220168564348, 38.930471822665481 ], [ -90.325944990285294, 38.930368641531196 ], [ -90.324906399564341, 38.930004728159332 ], [ -90.324369832490831, 38.92981671489116 ], [ -90.323853129074465, 38.929689688010811 ], [ -90.322393244424063, 38.92933077462942 ], [ -90.322324974000395, 38.929314987135932 ], [ -90.322270962804708, 38.929302497315085 ], [ -90.321206658088116, 38.929056373998321 ], [ -90.320357660446945, 38.928950906153759 ], [ -90.319037273149505, 38.928576696090438 ], [ -90.318091671607064, 38.928114373631033 ], [ -90.317040166454035, 38.927542147734371 ], [ -90.315592496177686, 38.926896321123593 ], [ -90.315341052355024, 38.926788110733881 ], [ -90.314563658864614, 38.926453547780483 ], [ -90.313533619055036, 38.926042975109638 ], [ -90.311942523324731, 38.925189626793632 ], [ -90.310824011462046, 38.924572817947158 ], [ -90.30987446015574, 38.924217798875254 ], [ -90.30885538509807, 38.923882661066045 ], [ -90.307737671247494, 38.923609712633784 ], [ -90.306530594251868, 38.923517373114784 ], [ -90.305377686773724, 38.923447764216753 ], [ -90.304274473829381, 38.923518989601376 ], [ -90.303504785143332, 38.923501200769309 ], [ -90.303063337247281, 38.923533979490209 ], [ -90.30248485139596, 38.923552842317974 ], [ -90.301828374873494, 38.923451692087156 ], [ -90.300485496581146, 38.923313164421842 ], [ -90.29934390145533, 38.923308233981153 ], [ -90.297501755134505, 38.923276317866808 ], [ -90.294418953747652, 38.923312319133494 ], [ -90.290947229202885, 38.923446667261395 ], [ -90.289400923213037, 38.923593427880292 ], [ -90.28732946389573, 38.923803179688875 ], [ -90.285400351188073, 38.923887255647827 ], [ -90.282634884418442, 38.923898090522208 ], [ -90.282495193191096, 38.923893573326858 ], [ -90.280257950950528, 38.92382120562921 ], [ -90.278806399759006, 38.923647656593708 ], [ -90.277242440454486, 38.92353594200317 ], [ -90.27574395629766, 38.923312600197328 ], [ -90.274848729977563, 38.923179161241585 ], [ -90.272782021705154, 38.922905198305166 ], [ -90.270992678031561, 38.922573211866428 ], [ -90.26957319997004, 38.922282093820897 ], [ -90.267823232264377, 38.921770933356299 ], [ -90.267573468793458, 38.921697974875158 ], [ -90.26628802361509, 38.921141309101905 ], [ -90.265149239467789, 38.92070627244334 ], [ -90.264209607615769, 38.92045857608862 ], [ -90.262925159490095, 38.92023501942905 ], [ -90.261328869833775, 38.920251284622204 ], [ -90.259812560542414, 38.920333881643671 ], [ -90.258279611869327, 38.920491289954803 ], [ -90.257242659046625, 38.920628101925345 ], [ -90.25592330008034, 38.920597074081762 ], [ -90.254515605815982, 38.920359781288894 ], [ -90.25352146119036, 38.920099969939407 ], [ -90.252106673179952, 38.919690546323814 ], [ -90.250692318101798, 38.919270369634944 ], [ -90.249487857569832, 38.918758412246369 ], [ -90.249264750160492, 38.918638324786485 ], [ -90.247587882236729, 38.917735723599165 ], [ -90.246618339356772, 38.917197042455591 ], [ -90.246000717520644, 38.916806356992694 ], [ -90.245359355022572, 38.916318395892723 ], [ -90.243926768736344, 38.915661298100545 ], [ -90.242941878473019, 38.915165206645462 ], [ -90.24054655578874, 38.914152189751064 ], [ -90.238309959036215, 38.913304069388133 ], [ -90.235366361556885, 38.912245728979897 ], [ -90.232638124176916, 38.911310628103656 ], [ -90.231001701736417, 38.910763197196729 ], [ -90.229664712578085, 38.910315913785915 ], [ -90.228024615089339, 38.909696678461827 ], [ -90.226929160962385, 38.909219318976035 ], [ -90.226148084812294, 38.90879240773252 ], [ -90.224058101189101, 38.907367227348466 ], [ -90.221619753821841, 38.905708051784032 ], [ -90.219101605445474, 38.904081401596557 ], [ -90.218977101609696, 38.904000973239597 ], [ -90.217021442961354, 38.902664837312372 ], [ -90.213646043355908, 38.900359883770193 ], [ -90.212494923299701, 38.899494867853953 ], [ -90.211528299951581, 38.89876847013371 ], [ -90.211268178724012, 38.898572990380501 ], [ -90.209974219268446, 38.897553436464129 ], [ -90.209402814640669, 38.897045462791375 ], [ -90.208347082035687, 38.895913385980499 ], [ -90.207219328398807, 38.894865541179669 ], [ -90.206301306713897, 38.894080608911949 ], [ -90.2057436926424, 38.893572947050309 ], [ -90.205600158490498, 38.89337608477107 ], [ -90.204371313800095, 38.89252928528316 ], [ -90.203805017732336, 38.892096930753404 ], [ -90.200312275252756, 38.889430122536801 ], [ -90.198049159506311, 38.887844249038551 ], [ -90.197353187332453, 38.887602906722918 ], [ -90.19661846684626, 38.887350419171092 ], [ -90.196127101113163, 38.887181556386714 ], [ -90.195883751795762, 38.887097927172924 ], [ -90.195133180784282, 38.886916521431452 ], [ -90.194272979455505, 38.886865208555641 ], [ -90.193086492619642, 38.886806041410722 ], [ -90.191847400199109, 38.886755805395957 ], [ -90.191259277799929, 38.88676207069409 ], [ -90.190751875716998, 38.886709013823328 ], [ -90.190285239179858, 38.886616094923234 ], [ -90.189343342418994, 38.886317732219467 ], [ -90.187894693475741, 38.885619157214478 ], [ -90.187827503427116, 38.885589345318884 ], [ -90.185801973697394, 38.88469061555206 ], [ -90.184198395060534, 38.883947417055623 ], [ -90.182638183283956, 38.883429871491558 ], [ -90.183409906570589, 38.882683235006681 ], [ -90.183914930797684, 38.882194615070013 ], [ -90.182381115324901, 38.881340763518232 ], [ -90.181334849550865, 38.880736920917826 ], [ -90.179149997771844, 38.879475893162564 ], [ -90.177115028583742, 38.878415861012023 ], [ -90.174546183992703, 38.876985507959624 ], [ -90.173392754605061, 38.87642663753121 ], [ -90.172432761054623, 38.876260435407872 ], [ -90.171212999173449, 38.876057297045499 ], [ -90.170153075059915, 38.87577633959485 ], [ -90.169222437206983, 38.875529141232697 ], [ -90.168281997004158, 38.875200013959457 ], [ -90.167900248066061, 38.87494570190217 ], [ -90.167352187115867, 38.874685913610939 ], [ -90.166810529489055, 38.874429155792022 ], [ -90.165691486117481, 38.873993569225959 ], [ -90.165115235541379, 38.873703893380743 ], [ -90.161287457246985, 38.871408454374091 ], [ -90.158762438970356, 38.869894106638668 ], [ -90.158477649487622, 38.868518995745347 ], [ -90.158035568678159, 38.867813931734958 ], [ -90.15760247736722, 38.86721118707873 ], [ -90.157440507053025, 38.86635978895405 ], [ -90.157181847100532, 38.864985311259005 ], [ -90.155735929988879, 38.863581901106606 ], [ -90.153775506967307, 38.86165541331674 ], [ -90.150501550987073, 38.857634353563675 ], [ -90.149122780061091, 38.857498577411533 ], [ -90.14781689820191, 38.857349559819923 ], [ -90.145821013270918, 38.857121774849794 ], [ -90.143122718554892, 38.855697787137856 ], [ -90.142387034488976, 38.853852138859303 ], [ -90.141780896937348, 38.85333699258134 ], [ -90.141235906678517, 38.852925443872003 ], [ -90.140604513794841, 38.852389252786381 ], [ -90.139506348142731, 38.852096874711876 ], [ -90.137685473297239, 38.851592769197616 ], [ -90.13689589865335, 38.851420247594461 ], [ -90.136074508695941, 38.851389883948343 ], [ -90.135160989065426, 38.851377673201981 ], [ -90.134223839536105, 38.851303613625689 ], [ -90.13364496981761, 38.851411920713552 ], [ -90.132723511463183, 38.851627211490054 ], [ -90.132142331047817, 38.851762995277809 ], [ -90.131219378999006, 38.851985357255749 ], [ -90.130529580806851, 38.852254285885124 ], [ -90.130099850112259, 38.852550026998735 ], [ -90.129498129768209, 38.852872402583117 ], [ -90.129466347087785, 38.852889430147798 ], [ -90.129152346437508, 38.853057655245088 ], [ -90.124701535396497, 38.854632772130692 ], [ -90.119136315646713, 38.853403032252047 ], [ -90.116079287314349, 38.850856657403796 ], [ -90.113856994550176, 38.849871591314859 ], [ -90.113347108479957, 38.849645566148503 ], [ -90.111903981020816, 38.84842714568547 ], [ -90.111119115255818, 38.847764465828398 ], [ -90.109951397169141, 38.846778503914194 ], [ -90.109584806378891, 38.846468965630535 ], [ -90.10725316435871, 38.843113299423351 ], [ -90.105787176748294, 38.838053531643553 ], [ -90.106333106349368, 38.836555261858997 ], [ -90.106636989122805, 38.835721245501112 ], [ -90.10669785737015, 38.835554186183273 ], [ -90.106903256833775, 38.833384501020149 ], [ -90.110035946626155, 38.833390635881614 ], [ -90.110266645756354, 38.832528478516934 ], [ -90.110672149460839, 38.830894668953547 ], [ -90.110705880396679, 38.830768166781553 ], [ -90.11113911345096, 38.829143349576036 ], [ -90.111564632046708, 38.827547380269976 ], [ -90.112041454725471, 38.825762176796701 ], [ -90.112223083932165, 38.825143844648593 ], [ -90.112648538560663, 38.823336946730592 ], [ -90.112832629740481, 38.822657413674214 ], [ -90.113308968601942, 38.820882400243306 ], [ -90.113807796698467, 38.81887310447172 ], [ -90.114033183275623, 38.817816810967344 ], [ -90.114380422319982, 38.816717250634447 ], [ -90.114497093933409, 38.816347790881458 ], [ -90.114725642588454, 38.815454624359994 ], [ -90.114992966440624, 38.814409887429704 ], [ -90.115249332798371, 38.813231833126494 ], [ -90.115521608376383, 38.811982698532162 ], [ -90.115734591582026, 38.811232400467112 ], [ -90.115880690713297, 38.810761226993058 ], [ -90.11633467833434, 38.809297063787398 ], [ -90.116736456077675, 38.808071544222209 ], [ -90.11733909800607, 38.806252359987361 ], [ -90.117518291575493, 38.805834379566747 ], [ -90.117578938859722, 38.805708688793608 ], [ -90.118301473776356, 38.804209859603553 ], [ -90.118629251607899, 38.803523649843939 ], [ -90.11929688333143, 38.802498675607993 ], [ -90.119769262954478, 38.801785400626947 ], [ -90.120806470843036, 38.800330492062187 ], [ -90.121094042607623, 38.799998528452626 ], [ -90.121522249239348, 38.799504213465731 ], [ -90.121629845716967, 38.799380003954504 ], [ -90.122327406135611, 38.798656187591135 ], [ -90.123513459494816, 38.797544438185149 ], [ -90.124564497661311, 38.796609818124452 ], [ -90.125190717703333, 38.796158202240321 ], [ -90.1257751185844, 38.795626245246766 ], [ -90.126361279640591, 38.795050268006598 ], [ -90.127293433372714, 38.794427260108783 ], [ -90.127645640070043, 38.794191857443188 ], [ -90.128014324169357, 38.793926292496366 ], [ -90.128816776221228, 38.793348272713175 ], [ -90.1298500745186, 38.792571782902613 ], [ -90.130453952824382, 38.792211344647541 ], [ -90.130530703425165, 38.79216553424164 ], [ -90.131391300980169, 38.79176370409494 ], [ -90.131864329811208, 38.791479384142818 ], [ -90.132475848672044, 38.791111818093654 ], [ -90.134774965983624, 38.789652588884145 ], [ -90.13683319766406, 38.788301962335019 ], [ -90.139112459942325, 38.78677166123331 ], [ -90.141041174154608, 38.785558777241953 ], [ -90.143435896570253, 38.783951907918926 ], [ -90.14686595010248, 38.782070677349786 ], [ -90.149470985460013, 38.780830112890641 ], [ -90.15005008345841, 38.780562249661543 ], [ -90.151099618114628, 38.780076772153365 ], [ -90.153071928622296, 38.779173169271125 ], [ -90.154242564201652, 38.778611293868423 ], [ -90.15587319838717, 38.777805059899841 ], [ -90.155965907357782, 38.777767580612256 ], [ -90.157188947061144, 38.777273125331838 ], [ -90.159237039545005, 38.776489257084378 ], [ -90.160496504520992, 38.775908416375572 ], [ -90.161557784013553, 38.775546484334882 ], [ -90.162220545674373, 38.775298228523226 ], [ -90.162825676034018, 38.775083817584964 ], [ -90.163606124635436, 38.774706232079879 ], [ -90.164448379120543, 38.774189148137772 ], [ -90.165564623105439, 38.77329097486038 ], [ -90.166542783807799, 38.772445558219907 ], [ -90.167681241713026, 38.771007119430088 ], [ -90.168288907382504, 38.77015826857015 ], [ -90.169032342544767, 38.768722293258371 ], [ -90.170267639382914, 38.767086739561684 ], [ -90.171512270465144, 38.765213471255528 ], [ -90.172825692343537, 38.763306605510593 ], [ -90.173467309130416, 38.762449734046683 ], [ -90.173604261400797, 38.762233977492336 ], [ -90.174139389551996, 38.761390916378147 ], [ -90.174889811812321, 38.760342802447575 ], [ -90.175135532931805, 38.75982001756271 ], [ -90.175201002448858, 38.759301684543942 ], [ -90.175270984749758, 38.758668903180215 ], [ -90.175329940377864, 38.757745054097136 ], [ -90.17541150992723, 38.757103739783851 ], [ -90.17550063265702, 38.756791342838717 ], [ -90.17558128921354, 38.756508620563423 ], [ -90.175690203306786, 38.755744596766519 ], [ -90.175909464766093, 38.755036115072137 ], [ -90.176185416708378, 38.754602179595025 ], [ -90.17688472272161, 38.753420632158111 ], [ -90.177092167578181, 38.753085439495763 ], [ -90.177341451180737, 38.752682637812335 ], [ -90.178161959301534, 38.751565696203997 ], [ -90.178840595293849, 38.750621564512869 ], [ -90.179301940371289, 38.750051104073904 ], [ -90.179827265168271, 38.749570308868321 ], [ -90.180479021026855, 38.749022064970475 ], [ -90.181340945327051, 38.748404204321325 ], [ -90.181359077511146, 38.748391206220937 ], [ -90.182400665081062, 38.747658490720404 ], [ -90.183485814481571, 38.746962064255172 ], [ -90.184661570744638, 38.746250187160399 ], [ -90.186420320893461, 38.745305601738167 ], [ -90.18726708222276, 38.744947071763434 ], [ -90.188204112521362, 38.744581896472774 ], [ -90.189192319828251, 38.744059324922482 ], [ -90.189247289612567, 38.744026665206448 ], [ -90.190033334660711, 38.743559641936095 ], [ -90.190814678882475, 38.74314663845869 ], [ -90.191444697538685, 38.742862174218047 ], [ -90.192188852052055, 38.742536388825719 ], [ -90.193114586086281, 38.742170901646169 ], [ -90.193832675108524, 38.741841017766596 ], [ -90.193916657610885, 38.741802436280707 ], [ -90.194847544434595, 38.741304875675056 ], [ -90.195768212355986, 38.740780625825046 ], [ -90.196631970777943, 38.740272626890864 ], [ -90.197187388250299, 38.73988059348271 ], [ -90.197765281417446, 38.739489097414122 ], [ -90.198275033658447, 38.739113588219674 ], [ -90.198914970678402, 38.738573765946391 ], [ -90.199532415435911, 38.738033402562117 ], [ -90.200012554418024, 38.737551428429541 ], [ -90.200581924442531, 38.737089214875787 ], [ -90.201220449224621, 38.736584594814516 ], [ -90.20173528793427, 38.736231554865292 ], [ -90.201890968482914, 38.736124798936089 ], [ -90.202073514652099, 38.735992349959091 ], [ -90.202655183432995, 38.735570307811983 ], [ -90.20328450133772, 38.735012582818321 ], [ -90.203658965879384, 38.734642622099457 ], [ -90.20403582974933, 38.734211031834171 ], [ -90.204380000254645, 38.733752221509363 ], [ -90.204795726710742, 38.733189375109028 ], [ -90.205172323366924, 38.732475784017133 ], [ -90.205393524323057, 38.73199640406412 ], [ -90.205634799985646, 38.731579188666167 ], [ -90.205813695159861, 38.731319100614115 ], [ -90.206106016197879, 38.731035288713542 ], [ -90.206502580689744, 38.73067465977168 ], [ -90.207073567555071, 38.730168389949448 ], [ -90.207483076819571, 38.72976400545938 ], [ -90.207928014387548, 38.729316403779244 ], [ -90.208527288646934, 38.728660995470804 ], [ -90.208826787113566, 38.72819229135461 ], [ -90.209187620018156, 38.727592867899212 ], [ -90.209748148619724, 38.726487103943505 ], [ -90.210229644868193, 38.72538826085345 ], [ -90.210289435242302, 38.725254301962501 ], [ -90.21089512055957, 38.723897257261214 ], [ -90.211305101169202, 38.722611643866699 ], [ -90.211450639879317, 38.72205113457025 ], [ -90.211635088478161, 38.721068565494569 ], [ -90.211742646375825, 38.720243410104636 ], [ -90.211747309087599, 38.720207643052809 ], [ -90.211738929945795, 38.7195553372405 ], [ -90.211918230131744, 38.718704827465736 ], [ -90.212036260997749, 38.717694235650789 ], [ -90.21208269382781, 38.717162531779152 ], [ -90.212137630297221, 38.716533436737521 ], [ -90.212200435978886, 38.71578589376044 ], [ -90.212274419269136, 38.715329421916103 ], [ -90.21240561514594, 38.714847877718007 ], [ -90.212733372441093, 38.71393922285251 ], [ -90.212863247374017, 38.713202091323673 ], [ -90.212859301640009, 38.712435330825521 ], [ -90.21275011972574, 38.711771807432562 ], [ -90.212521098511061, 38.711008488439191 ], [ -90.212250161095838, 38.710455664200822 ], [ -90.21189172860646, 38.709839065486491 ], [ -90.211560910693649, 38.709090940614082 ], [ -90.211278123180193, 38.708264650919624 ], [ -90.211227003437742, 38.708101695591886 ], [ -90.211007949126355, 38.707403412997081 ], [ -90.211000738902925, 38.707376640444423 ], [ -90.210663980177827, 38.706126235946662 ], [ -90.210473839027784, 38.705231657799445 ], [ -90.210328582074268, 38.704628955794682 ], [ -90.210175796469699, 38.704219944039885 ], [ -90.209934838765804, 38.703764764979923 ], [ -90.209725535581484, 38.703363214321783 ], [ -90.209482731978937, 38.702987618642339 ], [ -90.20934366032678, 38.702772485520342 ], [ -90.209209982317716, 38.702567299580558 ], [ -90.208696322180629, 38.701778860665051 ], [ -90.208222253820963, 38.700956807014272 ], [ -90.207909203225327, 38.700451977301036 ], [ -90.207534460346054, 38.699847650326028 ], [ -90.20723996260476, 38.699359889228958 ], [ -90.206309022192954, 38.697817974083392 ], [ -90.205787324348435, 38.697065269341067 ], [ -90.205121648638169, 38.69625624570785 ], [ -90.204477768728296, 38.695465363254463 ], [ -90.203726366980916, 38.694548534137425 ], [ -90.203123679307609, 38.693855564827231 ], [ -90.20291462072106, 38.693631408180707 ], [ -90.202249423882009, 38.692918160651558 ], [ -90.201962466137473, 38.692617969480253 ], [ -90.201519747290604, 38.692154826746759 ], [ -90.201395942626192, 38.692025309346981 ], [ -90.200507868076116, 38.691133303486879 ], [ -90.200281463953885, 38.690905892326413 ], [ -90.199181928172436, 38.689980692382797 ], [ -90.19785099337976, 38.68893537386932 ], [ -90.195668228033213, 38.687242253574766 ], [ -90.195482892666021, 38.687098487933824 ], [ -90.194490299318616, 38.686316806781406 ], [ -90.19370770285343, 38.685628284790603 ], [ -90.192869431899851, 38.684638802609214 ], [ -90.192162182405269, 38.683749397350027 ], [ -90.191607035351865, 38.682995827459607 ], [ -90.190783499312062, 38.681918562429424 ], [ -90.190195371815861, 38.681146568907018 ], [ -90.189849489967798, 38.680521371678068 ], [ -90.189775387784607, 38.68038742817587 ], [ -90.189221667694255, 38.679598632993446 ], [ -90.189022727320534, 38.679255885981036 ], [ -90.188874118653871, 38.678999851844793 ], [ -90.188633030211875, 38.678553439234506 ], [ -90.1882445567838, 38.678138728767948 ], [ -90.187697619760769, 38.67746464956776 ], [ -90.187404868620177, 38.676902432365182 ], [ -90.187131826075841, 38.676411186043993 ], [ -90.187048334227882, 38.67595975122002 ], [ -90.186845097159164, 38.675408499351235 ], [ -90.186696636818738, 38.674893814379438 ], [ -90.186420653161406, 38.674191002130918 ], [ -90.186271528577024, 38.673869528349002 ], [ -90.185726154000946, 38.672693820191817 ], [ -90.185072273035615, 38.671021367635447 ], [ -90.184537278117148, 38.669184342718665 ], [ -90.184369489924208, 38.668589878841004 ], [ -90.184041543475303, 38.667780062369793 ], [ -90.183945813085913, 38.667354766816061 ], [ -90.183843179874799, 38.667105550716251 ], [ -90.183605794688148, 38.666853086502108 ], [ -90.183137241801958, 38.666189687675555 ], [ -90.182746429784316, 38.665263792623932 ], [ -90.182664842772596, 38.664912984854929 ], [ -90.182631013473937, 38.664767523307283 ], [ -90.182517488273547, 38.663936433793367 ], [ -90.182309646269999, 38.663217629342945 ], [ -90.182064309173995, 38.662022058423865 ], [ -90.18182772468721, 38.661108615057884 ], [ -90.181611579101812, 38.660274067148457 ], [ -90.181595779007097, 38.660213058727798 ], [ -90.181400908561272, 38.659450504556695 ], [ -90.181306275196306, 38.659207496584266 ], [ -90.181012914776076, 38.658454173443126 ], [ -90.180574662412965, 38.657306820150197 ], [ -90.180096866473363, 38.655735521909683 ], [ -90.179919294346874, 38.655105566814193 ], [ -90.179527197942278, 38.653642081603053 ], [ -90.179315611741757, 38.65244731889161 ], [ -90.179277099806697, 38.6514241654355 ], [ -90.179296967256562, 38.650631540653755 ], [ -90.179344640821739, 38.649989394569481 ], [ -90.179278384019383, 38.649607878637148 ], [ -90.179133171891806, 38.648771728279108 ], [ -90.179087987678642, 38.648511551371506 ], [ -90.178983602291865, 38.647993317897296 ], [ -90.178777629452469, 38.64697072428244 ], [ -90.178426002871888, 38.645622771540353 ], [ -90.178133627071674, 38.644196935753229 ], [ -90.17792311899683, 38.642975760145774 ], [ -90.177747302752422, 38.641653667615529 ], [ -90.177671527995116, 38.641083856790118 ], [ -90.177515956875666, 38.639608449747556 ], [ -90.177555873357193, 38.638305194672874 ], [ -90.177601829818769, 38.637134270605245 ], [ -90.177609098200904, 38.637007083434476 ], [ -90.177709442425623, 38.635251038951381 ], [ -90.177842078305446, 38.634161516521033 ], [ -90.178169149691954, 38.632124960020342 ], [ -90.178375840123564, 38.631101614719697 ], [ -90.178595314178168, 38.630014933344491 ], [ -90.178712901421946, 38.629432708552571 ], [ -90.178723726563973, 38.629379324519491 ], [ -90.178781340438732, 38.629095177650399 ], [ -90.178782715916626, 38.629088396056488 ], [ -90.178854711763393, 38.628733309414351 ], [ -90.178963609738162, 38.628196224766086 ], [ -90.179383168090126, 38.626664195683638 ], [ -90.179913903275676, 38.62516128204004 ], [ -90.180601020393752, 38.623106962500586 ], [ -90.181476275248087, 38.62083686559199 ], [ -90.182289843745892, 38.618706270350351 ], [ -90.182345579532651, 38.6185510398237 ], [ -90.182870614200738, 38.617088724867465 ], [ -90.182988774141151, 38.616588795400631 ], [ -90.183120324943218, 38.61616654054523 ], [ -90.183297593196599, 38.615835626270837 ], [ -90.183505677052665, 38.615557022728886 ], [ -90.183745583587552, 38.615304967854335 ], [ -90.183827219558353, 38.615186130842723 ], [ -90.183954669724528, 38.615000603224651 ], [ -90.184030916494422, 38.614731714123359 ], [ -90.184113209457081, 38.614308270671025 ], [ -90.18421342764637, 38.61384658270601 ], [ -90.184640363091034, 38.612593477933437 ], [ -90.184814589064047, 38.612054368452291 ], [ -90.185070302187569, 38.611263093057616 ], [ -90.185378571032984, 38.610522795781343 ], [ -90.185572730991396, 38.610179393243698 ], [ -90.186223884614023, 38.609073487378637 ], [ -90.187173187197473, 38.607484865341092 ], [ -90.187844726515237, 38.606276303911869 ], [ -90.18863767849848, 38.604903067121654 ], [ -90.189500037706367, 38.603466388616667 ], [ -90.189600860952325, 38.603298415167849 ], [ -90.189621703882722, 38.603263690573364 ], [ -90.190408905965441, 38.60186731601965 ], [ -90.190539527634627, 38.601635605988143 ], [ -90.191277241027976, 38.600480100936537 ], [ -90.191974300702341, 38.599388232856775 ], [ -90.192374541381497, 38.598743697872678 ], [ -90.192447569034982, 38.598626093470322 ], [ -90.192554134625752, 38.598456111669897 ], [ -90.192556493678936, 38.59845234825255 ], [ -90.192885492242809, 38.597927560599324 ], [ -90.19291880644387, 38.597888573182146 ], [ -90.193240188956892, 38.597512460303676 ], [ -90.193522357893144, 38.597182234382188 ], [ -90.194264207261213, 38.596271831023316 ], [ -90.194956801026706, 38.595360241098177 ], [ -90.195657262049693, 38.594667994087992 ], [ -90.196365450444546, 38.594058291598628 ], [ -90.196371113937928, 38.594053415353862 ], [ -90.196377129325668, 38.594047343866322 ], [ -90.19683276835562, 38.59358748768264 ], [ -90.197225766861891, 38.593197262513826 ], [ -90.197740652311779, 38.59262947330371 ], [ -90.198007984308077, 38.592381220576918 ], [ -90.198200786717138, 38.59220217797791 ], [ -90.198572349913348, 38.591940352502498 ], [ -90.199094112114082, 38.591617665152903 ], [ -90.199634282337385, 38.591243848054241 ], [ -90.200230687744266, 38.590690891126989 ], [ -90.20081367620331, 38.590060258049313 ], [ -90.200911085182838, 38.589973095563877 ], [ -90.20091755609009, 38.589967305920538 ], [ -90.201613493037414, 38.589344568702536 ], [ -90.202884782930056, 38.588330748312536 ], [ -90.202945595381252, 38.588291589363166 ], [ -90.203016508226284, 38.588245926468232 ], [ -90.203650439114725, 38.587837712896686 ], [ -90.20381134042745, 38.587734100904335 ], [ -90.204750794678034, 38.587227996042444 ], [ -90.205603788240296, 38.586667018584251 ], [ -90.205630944362539, 38.586649159039048 ], [ -90.206453153620316, 38.586108411226917 ], [ -90.207614880235994, 38.585375540493295 ], [ -90.207837015349298, 38.585243475631003 ], [ -90.20865722604961, 38.584755834211251 ], [ -90.208688258103152, 38.584736494263311 ], [ -90.209633417764323, 38.584147430903869 ], [ -90.210341060694944, 38.583687315054078 ], [ -90.210900015686178, 38.583249433522553 ], [ -90.210941393821912, 38.583210769013768 ], [ -90.211411233012043, 38.582771735401423 ], [ -90.211420384523549, 38.582764412562163 ], [ -90.212631549498681, 38.581795264661366 ], [ -90.212822220843378, 38.581667804414018 ], [ -90.21387917133751, 38.580961240649096 ], [ -90.213888320878993, 38.580955024843114 ], [ -90.214108165200287, 38.580805671166353 ], [ -90.215434489674536, 38.5799045927347 ], [ -90.215565827955871, 38.579815362021385 ], [ -90.217164421675008, 38.578822063494094 ], [ -90.21882959828946, 38.577804541890799 ], [ -90.21968330238137, 38.577386517031016 ], [ -90.220448996271017, 38.577121095939027 ], [ -90.221268378954591, 38.576740919211801 ], [ -90.222103168189051, 38.576386885396218 ], [ -90.222395234808019, 38.576182475606913 ], [ -90.222744530672756, 38.575938010296902 ], [ -90.223165144897337, 38.575677267418129 ], [ -90.224177381044811, 38.574979351745199 ], [ -90.224617861400503, 38.57462883343684 ], [ -90.225231337539427, 38.574050363404091 ], [ -90.225748341140417, 38.573418034139031 ], [ -90.227454451573976, 38.571756763474269 ], [ -90.22916741338544, 38.569915141883165 ], [ -90.230034198323196, 38.568885533312887 ], [ -90.230527459086517, 38.568299598178697 ], [ -90.230784818396145, 38.567993880585533 ], [ -90.23241004596872, 38.565866510275008 ], [ -90.233997892913038, 38.563742318296086 ], [ -90.234409994859192, 38.563190990416658 ], [ -90.234521687782959, 38.563041561344342 ], [ -90.235231327703488, 38.562091444273619 ], [ -90.23608156444034, 38.560899699426329 ], [ -90.236656964901158, 38.560023751757988 ], [ -90.23701168338593, 38.559522093611051 ], [ -90.237472865181985, 38.558869859633006 ], [ -90.238100896957036, 38.557904903364559 ], [ -90.239021577821347, 38.556585877764746 ], [ -90.239350992324034, 38.556129543293821 ], [ -90.239787693902116, 38.555443684834572 ], [ -90.240341674087091, 38.55469613146132 ], [ -90.240674521351622, 38.554149630079401 ], [ -90.24096913597991, 38.553744036744661 ], [ -90.241248823268066, 38.553299416446649 ], [ -90.241709429709346, 38.552846167606241 ], [ -90.242203327971097, 38.552380810602955 ], [ -90.242709190255397, 38.552031761224519 ], [ -90.243246868243986, 38.551709242389805 ], [ -90.243834733024286, 38.551362119451909 ], [ -90.244441947697283, 38.55093809822263 ], [ -90.244965176399504, 38.550563663800382 ], [ -90.24535521490661, 38.550237658752103 ], [ -90.245847104796781, 38.549823805390901 ], [ -90.246309134778528, 38.549331895928667 ], [ -90.246698651108431, 38.548888851231276 ], [ -90.246875465803328, 38.548687735190065 ], [ -90.247343378428766, 38.548041256710398 ], [ -90.247741745332746, 38.547496275184429 ], [ -90.248145509963535, 38.546809608005482 ], [ -90.248420808260192, 38.546220425716044 ], [ -90.248467260068978, 38.546121010342844 ], [ -90.248653865263194, 38.545532369463132 ], [ -90.248890653647805, 38.544919123386009 ], [ -90.249278971673618, 38.544206304448807 ], [ -90.249965930940633, 38.543410260279373 ], [ -90.250428380866808, 38.542905451013446 ], [ -90.250720930540453, 38.54255135153678 ], [ -90.25127469224077, 38.54180373698955 ], [ -90.251720508132905, 38.540873095584942 ], [ -90.252324427728837, 38.540100870657824 ], [ -90.25281108384641, 38.539390348167544 ], [ -90.25335035933962, 38.538590814565069 ], [ -90.253695015843405, 38.53816057807547 ], [ -90.254343677614898, 38.537505418578512 ], [ -90.254658953623164, 38.536984246182932 ], [ -90.254788935884989, 38.536587644783587 ], [ -90.255155850847586, 38.536003221413097 ], [ -90.25562017286822, 38.535446865704934 ], [ -90.256109700994969, 38.534659043264377 ], [ -90.25681411048285, 38.533399252872982 ], [ -90.257102916137384, 38.532709855846207 ], [ -90.257391800403482, 38.531950665779796 ], [ -90.25739465091776, 38.531943174317931 ], [ -90.257573311471816, 38.531560602312304 ], [ -90.25798496844466, 38.531093245293093 ], [ -90.258569890165333, 38.530385000106349 ], [ -90.258794800340752, 38.530080861090617 ], [ -90.259341531666649, 38.529513528756127 ], [ -90.259869412437396, 38.529010211659006 ], [ -90.260295212819372, 38.528169309079132 ], [ -90.260789034960567, 38.527265536832019 ], [ -90.261398812430045, 38.525900364376717 ], [ -90.261616579260689, 38.525351102816309 ], [ -90.261808876950425, 38.524607866334676 ], [ -90.261958119823163, 38.524134353735441 ], [ -90.262033473614679, 38.52387827636484 ], [ -90.262242927982768, 38.523547984160494 ], [ -90.262928764750939, 38.522339285876448 ], [ -90.26341128285371, 38.521731753467073 ], [ -90.263610673095627, 38.521233627872512 ], [ -90.263812581068265, 38.520735111153073 ], [ -90.263815684563411, 38.520727449733236 ], [ -90.263861042124475, 38.520615458393905 ], [ -90.263864126613953, 38.520607844279979 ], [ -90.263931639373368, 38.520342361471855 ], [ -90.264095519168109, 38.519697919172984 ], [ -90.264222191637572, 38.518953142320832 ], [ -90.264354522962435, 38.518492122635436 ], [ -90.264467529017466, 38.51810800353033 ], [ -90.264539642823777, 38.517503762769898 ], [ -90.264613706279718, 38.516848000897582 ], [ -90.264830443193674, 38.516324492100168 ], [ -90.265390857259135, 38.514958140709602 ], [ -90.26616504011146, 38.513145557613498 ], [ -90.266549768805376, 38.51208450374844 ], [ -90.267109625885695, 38.510731020653772 ], [ -90.267668000334396, 38.509416176976373 ], [ -90.268213865438213, 38.507790645191399 ], [ -90.26868790932329, 38.506178703758444 ], [ -90.269316525906078, 38.504119532240352 ], [ -90.270349858617919, 38.50167305965595 ], [ -90.271072533284539, 38.499926661663018 ], [ -90.271652218895213, 38.496868106047593 ], [ -90.271809751706186, 38.495930956128937 ], [ -90.272076500909648, 38.494689143685065 ], [ -90.27263283068946, 38.492570858467452 ], [ -90.273122677221366, 38.490595023790355 ], [ -90.273611317230504, 38.488974365184816 ], [ -90.274159863966275, 38.487383901690883 ], [ -90.274546672062428, 38.486519287109751 ], [ -90.274708052586845, 38.486149851165941 ], [ -90.275215042051983, 38.484989209325107 ], [ -90.275991402143873, 38.483509641082371 ], [ -90.276437452465757, 38.482367990192607 ], [ -90.277106100579132, 38.480828305258385 ], [ -90.277183605038033, 38.480591360794421 ], [ -90.277589155156704, 38.479351502062059 ], [ -90.277837671290783, 38.478301214032662 ], [ -90.277995797751601, 38.477632912348938 ], [ -90.278146403268934, 38.476551584259639 ], [ -90.278360899625596, 38.475394939490009 ], [ -90.278631476648414, 38.473721184269309 ], [ -90.27877586116081, 38.47312932449384 ], [ -90.279243013293197, 38.471748143060239 ], [ -90.27976183445729, 38.470291358981733 ], [ -90.280157487291191, 38.469186920682212 ], [ -90.280284860745738, 38.468874848319551 ], [ -90.280735830866433, 38.467769915153347 ], [ -90.281171656736234, 38.466570402966632 ], [ -90.281508786073886, 38.465397396942642 ], [ -90.281949725358189, 38.463410776585455 ], [ -90.2822714310186, 38.46199740252073 ], [ -90.282546485419061, 38.46052534231648 ], [ -90.282656773860111, 38.45953907257384 ], [ -90.28280234627772, 38.457612791632883 ], [ -90.282905508816626, 38.456165541670245 ], [ -90.282999660475298, 38.455502170151433 ], [ -90.283054897440138, 38.455112975320482 ], [ -90.283320943257351, 38.453554300193908 ], [ -90.283556783142274, 38.452474938549443 ], [ -90.283847163366545, 38.451243236351985 ], [ -90.284101263608989, 38.450327500991961 ], [ -90.284536226459196, 38.448820741758801 ], [ -90.28506988722765, 38.446634645845656 ], [ -90.285383886181037, 38.445422686863388 ], [ -90.28562646632227, 38.444487478837992 ], [ -90.285983478453915, 38.443430119248127 ], [ -90.286832401728958, 38.440938202801426 ], [ -90.287012112962429, 38.440410656089504 ], [ -90.287309541442951, 38.439313509614024 ], [ -90.287718154608299, 38.438180536446218 ], [ -90.288222274043278, 38.43669783074629 ], [ -90.288417687182033, 38.436123066261821 ], [ -90.288746630065617, 38.435161049318523 ], [ -90.289285399493792, 38.43381027505032 ], [ -90.289717618005184, 38.432697040707247 ], [ -90.290201826263939, 38.431825014839376 ], [ -90.290661274474971, 38.430962014808358 ], [ -90.291139362285293, 38.430253049689476 ], [ -90.291656174167841, 38.429487375762413 ], [ -90.292323962854894, 38.428600386597324 ], [ -90.292936866673557, 38.427875329584175 ], [ -90.293571279869269, 38.427227569641566 ], [ -90.294182763450593, 38.426680800217007 ], [ -90.294366706239543, 38.426516322978451 ], [ -90.294952455180123, 38.426025275859338 ], [ -90.295192422583938, 38.425824102773667 ], [ -90.295525750867569, 38.42554465899206 ], [ -90.297689204948099, 38.423818535268715 ], [ -90.298983001204931, 38.42283074463419 ], [ -90.300460729581417, 38.42181837793143 ], [ -90.300973855596396, 38.421474991303185 ], [ -90.301532890824248, 38.421209462887091 ], [ -90.302070750595007, 38.420857041096383 ], [ -90.302711143933067, 38.420372572273429 ], [ -90.303283785472701, 38.420068948164086 ], [ -90.304326875776766, 38.419584142372095 ], [ -90.306020005152931, 38.418682264960154 ], [ -90.306603503704139, 38.418378886508684 ], [ -90.307699832386831, 38.417808857812446 ], [ -90.308918182496356, 38.417203234587909 ], [ -90.309866149492507, 38.416648989561224 ], [ -90.310692894423198, 38.416072752768919 ], [ -90.311398416990173, 38.415474525899469 ], [ -90.312309312044377, 38.414602596654539 ], [ -90.313650339791067, 38.41331810797972 ], [ -90.315013102800648, 38.411774891093067 ], [ -90.315642761359101, 38.411165113126124 ], [ -90.318354024432168, 38.408539290128637 ], [ -90.319812346481086, 38.407046204199148 ], [ -90.320840187865244, 38.405975270981251 ], [ -90.321805276394073, 38.404950895906168 ], [ -90.323250556742153, 38.403476665651745 ], [ -90.323997730175194, 38.402735304289415 ], [ -90.324794001078601, 38.40198545818599 ], [ -90.325679828464217, 38.401122447216629 ], [ -90.326044939158763, 38.400786913579665 ], [ -90.32652588386054, 38.40034492300267 ], [ -90.327207449228453, 38.399726848411483 ], [ -90.328067901134204, 38.398999328566092 ], [ -90.328068177643729, 38.398999095206854 ], [ -90.328114064521799, 38.398960295987521 ], [ -90.328865913195415, 38.398420617763492 ], [ -90.329867536901247, 38.39772342085017 ], [ -90.33074830865381, 38.396994658720935 ], [ -90.331376110607465, 38.396509739798979 ], [ -90.33172798721165, 38.396229741958095 ], [ -90.332075273975391, 38.396074444637406 ], [ -90.332650070673125, 38.395703516386703 ], [ -90.333241636110856, 38.395208161672095 ], [ -90.333369948487231, 38.395104921990573 ], [ -90.333382799649129, 38.395094581799363 ], [ -90.333995874326476, 38.394601300321227 ], [ -90.334665133454152, 38.393982900090691 ], [ -90.335401665394912, 38.393193217014691 ], [ -90.336264640296392, 38.392281598064294 ], [ -90.337243977816925, 38.391190208953596 ], [ -90.33833508633829, 38.390043747692637 ], [ -90.33902723472805, 38.389464241998262 ], [ -90.339715502502656, 38.388990249906875 ], [ -90.340579310916766, 38.388385832239642 ], [ -90.341318067105931, 38.387864973642991 ], [ -90.341922046221541, 38.387360254330353 ], [ -90.34233312622807, 38.386793551501114 ], [ -90.343047286247412, 38.385936467715531 ], [ -90.343149645323265, 38.38581362227098 ], [ -90.345047857544643, 38.38293810482363 ], [ -90.34568908230402, 38.382122652988159 ], [ -90.345930489992, 38.381815644788205 ], [ -90.346907927541579, 38.380486670031033 ], [ -90.348125154231496, 38.378831583896378 ], [ -90.348431637795656, 38.378454500354465 ], [ -90.349228509100641, 38.377339672461702 ], [ -90.349824431118691, 38.376383501926831 ], [ -90.350890585600311, 38.37423789712583 ], [ -90.351310614479047, 38.37342174814431 ], [ -90.351867531250377, 38.37219586947964 ], [ -90.352482958391761, 38.370702495247528 ], [ -90.352650124127678, 38.370299761938767 ], [ -90.352765061987256, 38.370022852021449 ], [ -90.353071192818945, 38.369285306751202 ], [ -90.354104768021983, 38.367158113484336 ], [ -90.354178582263685, 38.367006190435646 ], [ -90.354403380731796, 38.366441944702082 ], [ -90.354675173839027, 38.365759732281681 ], [ -90.35506658926225, 38.3647221097957 ], [ -90.355244245270725, 38.364113940347615 ], [ -90.355359127525475, 38.36372065595252 ], [ -90.355378580595044, 38.363620215955571 ], [ -90.35549427658421, 38.363022866052546 ], [ -90.355617589895317, 38.36231520849072 ], [ -90.35570613454756, 38.36122274475855 ], [ -90.35572718282387, 38.361135533275146 ], [ -90.355839275644371, 38.360671088126644 ], [ -90.355892801279083, 38.360449312610093 ], [ -90.35620653082681, 38.359534739180965 ], [ -90.356482270556484, 38.358993728784775 ], [ -90.35699750970187, 38.358237308104499 ], [ -90.357927635745028, 38.357020715667616 ], [ -90.35818806902401, 38.356680064410654 ], [ -90.358341579557305, 38.356448991656087 ], [ -90.359413401560374, 38.354835574129353 ], [ -90.360693684351673, 38.353005002711491 ], [ -90.360828017768881, 38.352812923693627 ], [ -90.362005523639283, 38.351274545205612 ], [ -90.363489255728098, 38.349022999978644 ], [ -90.364099704347794, 38.347990269872568 ], [ -90.36493286331698, 38.346530518341403 ], [ -90.365477834032973, 38.345285093450343 ], [ -90.3663718040834, 38.343154655679072 ], [ -90.366859661359015, 38.342138355563506 ], [ -90.36734088336442, 38.34096829422127 ], [ -90.367797381475739, 38.339807274618678 ], [ -90.368245182096672, 38.338886074043387 ], [ -90.368364939461756, 38.338654819708246 ], [ -90.368716983101393, 38.337975010700234 ], [ -90.369486251002172, 38.336590591053309 ], [ -90.369779148669664, 38.336055625573202 ], [ -90.369969159084292, 38.335708573201138 ], [ -90.370563362316176, 38.334445024676455 ], [ -90.370782999473377, 38.333819788461668 ], [ -90.37101174627162, 38.333168602227765 ], [ -90.37121307458834, 38.331982641660439 ], [ -90.371250140507968, 38.330620186279575 ], [ -90.371226963912548, 38.328901154608829 ], [ -90.371180616191566, 38.325511599289015 ], [ -90.371256710021484, 38.324706349653979 ], [ -90.371355386122346, 38.323662094668322 ], [ -90.371411521679136, 38.322976530887253 ], [ -90.371464456866491, 38.322330053537115 ], [ -90.371594454807521, 38.321430509427103 ], [ -90.371751923061964, 38.320445175010875 ], [ -90.371952892534978, 38.319604825589707 ], [ -90.372226123970748, 38.318113252608065 ], [ -90.372345312088726, 38.317175062190429 ], [ -90.372482216159085, 38.316083658153758 ], [ -90.372526660059819, 38.315527817454793 ], [ -90.372588078044686, 38.314501926190907 ], [ -90.372615390524089, 38.313408064922434 ], [ -90.372542131588546, 38.3120623321376 ], [ -90.372490555648355, 38.311465936351006 ], [ -90.372405227272054, 38.310791978167373 ], [ -90.372273970684404, 38.310040185462704 ], [ -90.372061650027604, 38.309171367055882 ], [ -90.372056631737493, 38.30915481902327 ], [ -90.371604359283296, 38.307663413296041 ], [ -90.371508105856137, 38.305942738672748 ], [ -90.371615049970899, 38.304668250249129 ], [ -90.371710609652538, 38.304046350581849 ], [ -90.371826999910951, 38.303184901767978 ], [ -90.372062646506294, 38.302057307170564 ], [ -90.372307287792424, 38.300680296937465 ], [ -90.372401394002623, 38.299760742424731 ], [ -90.372550366619024, 38.298333582926098 ], [ -90.372640487383393, 38.296511476787416 ], [ -90.372693274636191, 38.294724508549614 ], [ -90.372695469625555, 38.294650179186213 ], [ -90.372750792364258, 38.292779289180991 ], [ -90.37282318456657, 38.291110394180336 ], [ -90.37283910606233, 38.290669065604774 ], [ -90.372865751225532, 38.28993046558903 ], [ -90.372837018539315, 38.288700935238793 ], [ -90.372739064001237, 38.287364246292952 ], [ -90.372566466300114, 38.284720191231287 ], [ -90.372372885014869, 38.283333355407123 ], [ -90.372151567213066, 38.282377926989689 ], [ -90.3719370840886, 38.28137307963879 ], [ -90.37163062345212, 38.279937277740494 ], [ -90.371321199170239, 38.278048606552204 ], [ -90.371037433589962, 38.276450458552283 ], [ -90.370966920162857, 38.276053321207655 ], [ -90.370660241032752, 38.273751880239885 ], [ -90.370617235387769, 38.272243606726889 ], [ -90.370525026474255, 38.271761505020244 ], [ -90.370183996294983, 38.269737711241952 ], [ -90.370048482727753, 38.268594461674653 ], [ -90.369978609812023, 38.268004978746468 ], [ -90.36962791421756, 38.266249786206672 ], [ -90.369217087600646, 38.264474041642416 ], [ -90.368591728948672, 38.262232647180966 ], [ -90.368094348607599, 38.260157334448607 ], [ -90.367749309760157, 38.258584675363657 ], [ -90.367721470726948, 38.258344032292264 ], [ -90.367565234211, 38.257531719506908 ], [ -90.367352417780268, 38.256425207073931 ], [ -90.367094645604936, 38.254796901197125 ], [ -90.366865759522014, 38.253380457410401 ], [ -90.366930494433646, 38.248552752563384 ], [ -90.366832458926822, 38.248020402974703 ], [ -90.366777813203456, 38.247723662357807 ], [ -90.366393888068714, 38.245881304860205 ], [ -90.365908473514494, 38.243815849804271 ], [ -90.365446022484278, 38.241789310194982 ], [ -90.364819548977238, 38.2395862715844 ], [ -90.364234137314511, 38.237595368679592 ], [ -90.363929364386962, 38.236445801450429 ], [ -90.363709219426511, 38.235615422024694 ], [ -90.363091536355824, 38.233508577795625 ], [ -90.362617107412404, 38.232153809216847 ], [ -90.361861889756426, 38.23014947454633 ], [ -90.361075083008785, 38.228010014227394 ], [ -90.360806662294792, 38.227334022012307 ], [ -90.360294236066537, 38.226043495682923 ], [ -90.359537401577811, 38.224087113886839 ], [ -90.358911602030005, 38.222546508587101 ], [ -90.357845277630261, 38.22040073220689 ], [ -90.357002753831139, 38.218797631549258 ], [ -90.35590556148118, 38.216918006762143 ], [ -90.355552492697612, 38.216313135827335 ], [ -90.354549292157415, 38.214729431573573 ], [ -90.353788104778658, 38.213675702911573 ], [ -90.352863775574804, 38.212419595927543 ], [ -90.352732101711609, 38.212240656255268 ], [ -90.350869157550434, 38.209925661655703 ], [ -90.349502853696393, 38.208321228227632 ], [ -90.348526947289287, 38.207300081757587 ], [ -90.347079404562933, 38.205756226156723 ], [ -90.346236623201534, 38.204775537158113 ], [ -90.344474587212147, 38.202525170527224 ], [ -90.344288108499811, 38.202288672225322 ], [ -90.342780183656615, 38.20037621977044 ], [ -90.341670144216792, 38.198914875205936 ], [ -90.340399384511642, 38.197087706722947 ], [ -90.339281987707949, 38.195613684297165 ], [ -90.338077670626149, 38.194137680468039 ], [ -90.336687304980401, 38.192557531901137 ], [ -90.335440378110633, 38.191167955147471 ], [ -90.334136339765095, 38.189827023702286 ], [ -90.332542134886552, 38.18841703701694 ], [ -90.330897827858223, 38.187080821810532 ], [ -90.330629123563156, 38.186875766447372 ], [ -90.330105037060591, 38.186475817913013 ], [ -90.328691122083271, 38.185332144921688 ], [ -90.327047558849216, 38.184195713329856 ], [ -90.325128302447879, 38.183027997418371 ], [ -90.322909198914971, 38.181840921026861 ], [ -90.320601394913453, 38.180701732834713 ], [ -90.319465678462549, 38.180176247190118 ], [ -90.318574215403444, 38.179893618143183 ], [ -90.317415851799908, 38.179554925360129 ], [ -90.316455676562484, 38.179420572901918 ], [ -90.31630287409476, 38.17939705927904 ], [ -90.314835232827846, 38.179171195944427 ], [ -90.312828423756883, 38.178887973028132 ], [ -90.311191739724265, 38.178650662301919 ], [ -90.31015576527291, 38.178427101325582 ], [ -90.30765086912028, 38.177707757637236 ], [ -90.305757459340029, 38.177139776455178 ], [ -90.303960303937387, 38.176536511925619 ], [ -90.302603480521071, 38.176005784859989 ], [ -90.300983943421016, 38.175306648807457 ], [ -90.299241669871989, 38.174504756726137 ], [ -90.297284600750061, 38.173523051092289 ], [ -90.295094180963162, 38.172436026496428 ], [ -90.292736305722897, 38.171276077430818 ], [ -90.292483993806087, 38.17115194818691 ], [ -90.292466428599099, 38.171142729096282 ], [ -90.29116497815167, 38.170459612135595 ], [ -90.290423402151717, 38.169980413228117 ], [ -90.288479993002426, 38.168636710417239 ], [ -90.285761548428681, 38.166531745494495 ], [ -90.285227462713976, 38.166126235314749 ], [ -90.283569195889513, 38.164776559957254 ], [ -90.281827314227826, 38.163337505144796 ], [ -90.280400201472744, 38.162155490735898 ], [ -90.27979250883584, 38.161668291172035 ], [ -90.278411155209398, 38.160560795856817 ], [ -90.277074793301537, 38.159493244656218 ], [ -90.275618085593436, 38.158260532419 ], [ -90.275159328470721, 38.157837758769993 ], [ -90.274725212979746, 38.157390578341108 ], [ -90.274330608207606, 38.156944313978748 ], [ -90.274189864814957, 38.156776219325856 ], [ -90.273573482882099, 38.156040038569834 ], [ -90.272821026284419, 38.155010979782297 ], [ -90.272437136856809, 38.154490026505613 ], [ -90.271610819313992, 38.153321870138434 ], [ -90.270551701832787, 38.151823591119474 ], [ -90.269769587867117, 38.150743870105615 ], [ -90.269045579372943, 38.14980287047635 ], [ -90.26779139951185, 38.148025279647726 ], [ -90.266396939009979, 38.146194454295546 ], [ -90.265600075876961, 38.145089385650316 ], [ -90.264576496657483, 38.143704279546533 ], [ -90.263220761099177, 38.141899297420103 ], [ -90.263044927868535, 38.141656746414419 ], [ -90.262032812596559, 38.140260566625308 ], [ -90.260219623418621, 38.137795472954664 ], [ -90.260018577114494, 38.137520539187385 ], [ -90.258166402324363, 38.134987554337371 ], [ -90.257144032137518, 38.133577436554155 ], [ -90.256189047374804, 38.132268794239124 ], [ -90.254726882806509, 38.130361320508889 ], [ -90.253946099620379, 38.129468857484802 ], [ -90.252686472428394, 38.128065640809346 ], [ -90.252485172888314, 38.127826699791214 ], [ -90.251505871790869, 38.12666426134232 ], [ -90.250549135911626, 38.125617793255181 ], [ -90.250081954953217, 38.12500739857289 ], [ -90.24984060064493, 38.124277406612386 ], [ -90.249422587060167, 38.122748895186533 ], [ -90.248722008738753, 38.12088108220906 ], [ -90.247686332792185, 38.119142089993709 ], [ -90.246292696300529, 38.116885248848654 ], [ -90.244670910318462, 38.114424229561571 ], [ -90.243495700730577, 38.113054691440865 ], [ -90.242131984940841, 38.111680714003462 ], [ -90.241077752129812, 38.110711445858627 ], [ -90.24023193888786, 38.109933775844659 ], [ -90.238567473183977, 38.108614815578342 ], [ -90.236389260041136, 38.107159486114931 ], [ -90.235282368137291, 38.106487302014571 ], [ -90.234865206461734, 38.106278625300845 ], [ -90.234109372050355, 38.105900528759207 ], [ -90.231703166628549, 38.104240935425366 ], [ -90.230619576735691, 38.10337045101663 ], [ -90.228198540441142, 38.10127554741775 ], [ -90.226980219217864, 38.10022789222505 ], [ -90.224392894414748, 38.098377493551922 ], [ -90.22315379417887, 38.097465988799435 ], [ -90.22055401724279, 38.095442145141142 ], [ -90.220404689080382, 38.095325892646841 ], [ -90.218928646274847, 38.094446011247285 ], [ -90.217216828157092, 38.093545902460171 ], [ -90.217047987709975, 38.093457120386155 ], [ -90.21496505992036, 38.092413699726244 ], [ -90.213402113927145, 38.091755348135436 ], [ -90.211379287394294, 38.090787844279937 ], [ -90.210532353830118, 38.090320411550039 ], [ -90.208696089159446, 38.088996956851226 ], [ -90.206891841538777, 38.087919054165283 ], [ -90.205360425397856, 38.08700410216376 ], [ -90.203905175626716, 38.086000277499686 ], [ -90.202773648721561, 38.085165677027071 ], [ -90.200298439302827, 38.083702617276799 ], [ -90.195956613074955, 38.081312746470715 ], [ -90.193575271281958, 38.079979083179325 ], [ -90.191970589243553, 38.079080332353207 ], [ -90.189554821817907, 38.07771787592177 ], [ -90.186988765200468, 38.07617781442535 ], [ -90.184657900532002, 38.07465576340735 ], [ -90.180091565046837, 38.072409039978389 ], [ -90.180082975109059, 38.072405228756715 ], [ -90.176923450157105, 38.071003410427615 ], [ -90.174228386349668, 38.069969416362198 ], [ -90.170825826187013, 38.068943168955101 ], [ -90.167985815771516, 38.068492095240877 ], [ -90.166030058020127, 38.068181423450788 ], [ -90.162514376970833, 38.067938948597778 ], [ -90.160763192018294, 38.067818130434219 ], [ -90.157568592746742, 38.067517200206041 ], [ -90.15414938375568, 38.06733499291424 ], [ -90.152907306660154, 38.067240659000355 ], [ -90.150831100248723, 38.064151998434845 ], [ -90.150501663293539, 38.063661887706971 ], [ -90.149168965615502, 38.061336163628177 ], [ -90.14804161609473, 38.059361582588849 ], [ -90.147245325171482, 38.058058810945937 ], [ -90.146806656551533, 38.057341104225138 ], [ -90.145455691156982, 38.055490880961514 ], [ -90.143905624310008, 38.054350673286912 ], [ -90.142946785594162, 38.053653305008297 ], [ -90.142090183135608, 38.052312883233483 ], [ -90.142087292878045, 38.052308360114544 ], [ -90.14127241735217, 38.051095588521278 ], [ -90.140423474424679, 38.05004587682793 ], [ -90.138972300876816, 38.048385522188596 ], [ -90.138038913327534, 38.047275847069848 ], [ -90.137094415024933, 38.046451929631424 ], [ -90.136187187312345, 38.04560030913558 ], [ -90.135201024114693, 38.044918379341048 ], [ -90.134604560709903, 38.04444617353689 ], [ -90.134258817238333, 38.044037288720453 ], [ -90.133984232560636, 38.043658742608663 ], [ -90.133590756869296, 38.042619412342056 ], [ -90.133325100784376, 38.042012253998699 ], [ -90.133070599713648, 38.041119331749165 ], [ -90.132870527412365, 38.040685393849174 ], [ -90.131672126053815, 38.039883841142277 ], [ -90.130716634234361, 38.039345641182962 ], [ -90.129526621081624, 38.038625495320858 ], [ -90.128772909386541, 38.038182608714614 ], [ -90.128180917024451, 38.037729789221331 ], [ -90.12741978476005, 38.037231937648457 ], [ -90.126793223931372, 38.03683800564432 ], [ -90.12636226352042, 38.036496729637975 ], [ -90.125957822575899, 38.036145766340994 ], [ -90.125527677903492, 38.035783836361027 ], [ -90.125019207868306, 38.035419988868362 ], [ -90.124676821294955, 38.035153222888283 ], [ -90.124234443017357, 38.034770317916099 ], [ -90.123803910707537, 38.034418708691788 ], [ -90.1235255950983, 38.034184514565418 ], [ -90.123091837056862, 38.033915506720049 ], [ -90.122670731597552, 38.033657142688938 ], [ -90.122302656675473, 38.033379405305396 ], [ -90.121906858865174, 38.033142329493224 ], [ -90.121509849239217, 38.032936229102667 ], [ -90.121023887818509, 38.032665934638608 ], [ -90.120703187937053, 38.032513379049135 ], [ -90.120362044447901, 38.032215624875136 ], [ -90.120095993467174, 38.032002394420822 ], [ -90.119817698908165, 38.031768192260891 ], [ -90.119500243033656, 38.031533029234431 ], [ -90.119157490027618, 38.031276574079165 ], [ -90.118643820770842, 38.031046932397246 ], [ -90.117975934684864, 38.030751492433247 ], [ -90.117256241407162, 38.03044444199228 ], [ -90.116729125131471, 38.030224797570199 ], [ -90.116280740412449, 38.029996748010582 ], [ -90.115782574744372, 38.029705461810742 ], [ -90.115209331488899, 38.029329647148387 ], [ -90.114674039758995, 38.02898576736095 ], [ -90.113956406626372, 38.02862707126468 ], [ -90.113391774642764, 38.028365148659503 ], [ -90.112968708348049, 38.028158379740113 ], [ -90.112578315780752, 38.028117778845917 ], [ -90.111935442650534, 38.028184659158924 ], [ -90.111447589694933, 38.028296690380031 ], [ -90.111056859112267, 38.028597144349916 ], [ -90.110845225649598, 38.028995021653586 ], [ -90.110750667718861, 38.029406112496858 ], [ -90.110730779294258, 38.029912058776603 ], [ -90.11087491090754, 38.030566734353336 ], [ -90.11110345668888, 38.031068454752955 ], [ -90.112792015916554, 38.033321744991383 ], [ -90.115521128681394, 38.037085140574291 ], [ -90.116502018869824, 38.038055280923302 ], [ -90.117909604949176, 38.040329450479092 ], [ -90.11880939717949, 38.042143223829918 ], [ -90.119608343552386, 38.044466432148774 ], [ -90.120000315610369, 38.045819818063215 ], [ -90.120383527943602, 38.047396950321655 ], [ -90.120325884096545, 38.048867289568335 ], [ -90.120457812364407, 38.050662223588603 ], [ -90.120873958781999, 38.052432128777454 ], [ -90.121374245027496, 38.05458567259749 ], [ -90.120852158979616, 38.05395277076903 ], [ -90.119737572965832, 38.053204438556868 ], [ -90.118611706622858, 38.052744220529206 ], [ -90.115946369486608, 38.051380994927065 ], [ -90.114213323394466, 38.050342131558189 ], [ -90.111778908667347, 38.048591211358008 ], [ -90.109928443341545, 38.04716923245585 ], [ -90.107532516290505, 38.045288082748861 ], [ -90.106282568911936, 38.044195454250371 ], [ -90.105125826911205, 38.043262419018689 ], [ -90.104217555333804, 38.042754992568184 ], [ -90.102618943176736, 38.042099440731974 ], [ -90.101385191929566, 38.041439762829178 ], [ -90.099582735548665, 38.040490739504243 ], [ -90.098842717634341, 38.039921881362332 ], [ -90.097904511962938, 38.038915519099135 ], [ -90.096736058707606, 38.037444639313485 ], [ -90.096168130790844, 38.036843801260545 ], [ -90.09573374864847, 38.036384241143672 ], [ -90.094338742154164, 38.03477664544387 ], [ -90.093260444854693, 38.033543927033733 ], [ -90.092943280063977, 38.033301460981512 ], [ -90.090992146042865, 38.031809807676161 ], [ -90.089666109272031, 38.030557813622806 ], [ -90.088916454162188, 38.029818235916302 ], [ -90.087639639665582, 38.028580549058887 ], [ -90.086494281656016, 38.027372326415602 ], [ -90.08603543240298, 38.026823470678693 ], [ -90.084688338497571, 38.025688881757034 ], [ -90.083845612169668, 38.025209146727754 ], [ -90.082512983323241, 38.024546821443508 ], [ -90.081143107083136, 38.023988429856388 ], [ -90.079014306863044, 38.023345608565201 ], [ -90.077183539285443, 38.02271016515013 ], [ -90.075469211535292, 38.02206448266039 ], [ -90.073887640327541, 38.021346570134519 ], [ -90.073727539238561, 38.021273894623832 ], [ -90.07228180146835, 38.020543091892932 ], [ -90.072271515124143, 38.02053815755832 ], [ -90.071013497199331, 38.019934677854799 ], [ -90.070307018815001, 38.019366480988595 ], [ -90.070050122304806, 38.018743946043514 ], [ -90.070076961796971, 38.018531445860297 ], [ -90.070122746360511, 38.018168957322494 ], [ -90.070317364739964, 38.017859191051627 ], [ -90.070663051875485, 38.017500756530815 ], [ -90.071115363852854, 38.016961450580041 ], [ -90.071438367811481, 38.016340264917964 ], [ -90.071615126876409, 38.015230396290335 ], [ -90.071401247006591, 38.014359863403207 ], [ -90.071268871122598, 38.014115016935015 ], [ -90.0709845637531, 38.013589146490425 ], [ -90.070493329473194, 38.013026317038452 ], [ -90.06972540338505, 38.012338601750514 ], [ -90.069108925085416, 38.012008606213044 ], [ -90.069015114248458, 38.011971178334051 ], [ -90.067461651629571, 38.01135137484281 ], [ -90.065587377771408, 38.010570469150437 ], [ -90.062176184283231, 38.009249004617708 ], [ -90.061753058359244, 38.009085079224754 ], [ -90.060036572576408, 38.008504669094783 ], [ -90.058453229201902, 38.007916761887152 ], [ -90.057424449738548, 38.007534751702799 ], [ -90.053017474393044, 38.005877430593998 ], [ -90.051043149926286, 38.00512000521163 ], [ -90.050166896887347, 38.004748875620699 ], [ -90.049365204767994, 38.00440931702078 ], [ -90.046631211273848, 38.003097015839877 ], [ -90.045301715253458, 38.002458826325181 ], [ -90.045178963527775, 38.00239963258047 ], [ -90.043672999436438, 38.001673402499016 ], [ -90.042767325208303, 38.001236638188047 ], [ -90.041936801844045, 38.000836104062117 ], [ -90.041888849125598, 38.000812978300253 ], [ -90.04100024257616, 38.000413271150535 ], [ -90.040360565991278, 38.000125529955696 ], [ -90.038585660673348, 37.999327105877775 ], [ -90.037448033686388, 37.998734833923095 ], [ -90.037352152863335, 37.998684915053552 ], [ -90.036865712552526, 37.99843165796878 ], [ -90.035198091697652, 37.997471960040777 ], [ -90.03326185914247, 37.996190840505328 ], [ -90.031471469916127, 37.994894407497064 ], [ -90.030033123333155, 37.993597425429229 ], [ -90.028636370198626, 37.99233789000165 ], [ -90.027208756389328, 37.990981993734231 ], [ -90.026538807698685, 37.990345678565767 ], [ -90.026080818791826, 37.989910672495256 ], [ -90.025638844374313, 37.98949087159459 ], [ -90.025085518344355, 37.98896529708064 ], [ -90.024314673041445, 37.988203988130948 ], [ -90.023858881347294, 37.987753825943194 ], [ -90.023404978043033, 37.987305521781984 ], [ -90.022952413533062, 37.986858532861213 ], [ -90.022511518111713, 37.98642306341506 ], [ -90.02207132954139, 37.985988285129281 ], [ -90.021484808058631, 37.985408961937097 ], [ -90.021416363749864, 37.985335278211863 ], [ -90.020960613536317, 37.984844637146089 ], [ -90.0207469936569, 37.984614660462846 ], [ -90.020338148183612, 37.984174505009214 ], [ -90.020129254306767, 37.983949611553534 ], [ -90.019738259682299, 37.983528663637685 ], [ -90.019357430222897, 37.983118655384416 ], [ -90.019056000370298, 37.982794126340849 ], [ -90.018768097589117, 37.982460998241947 ], [ -90.018384408086078, 37.982017030697584 ], [ -90.018000724256808, 37.981573062092401 ], [ -90.017720760951406, 37.981249106891426 ], [ -90.017617044964027, 37.981129092397467 ], [ -90.017442207100856, 37.980926778877091 ], [ -90.01732965080538, 37.980796534235623 ], [ -90.017094942619821, 37.980524938697222 ], [ -90.016425861294806, 37.979750691808526 ], [ -90.015672045219077, 37.978878367887354 ], [ -90.015651199915325, 37.978854326195389 ], [ -90.015245002153577, 37.978385845906217 ], [ -90.014694866624183, 37.977751347088663 ], [ -90.01466521930746, 37.977717152683418 ], [ -90.014091781966485, 37.977055763714908 ], [ -90.01379730638574, 37.976716117514698 ], [ -90.013477593291952, 37.976347357856326 ], [ -90.01236960506435, 37.975062762980805 ], [ -90.011689315904206, 37.974257846249202 ], [ -90.011552518648926, 37.974095986621251 ], [ -90.011486529686451, 37.974017907050914 ], [ -90.0114395039638, 37.973963568820515 ], [ -90.011326486095044, 37.973832978050261 ], [ -90.011213574125989, 37.973702507898871 ], [ -90.010876364681963, 37.973312861946411 ], [ -90.010521484274065, 37.97290279054247 ], [ -90.010093501363244, 37.972408240864617 ], [ -90.010093161082324, 37.97240784748346 ], [ -90.009875575736501, 37.972174082951746 ], [ -90.009678557190654, 37.971962412919339 ], [ -90.009471184555949, 37.97173961762693 ], [ -90.009263525234715, 37.971516512853825 ], [ -90.009063489244241, 37.971301596248459 ], [ -90.008848645503662, 37.971070768419835 ], [ -90.008774789720263, 37.970991417692446 ], [ -90.008652745150144, 37.97086029197667 ], [ -90.00847763090411, 37.970672147446237 ], [ -90.008023691117472, 37.970202059438797 ], [ -90.007807833655036, 37.969978521841995 ], [ -90.007586866100084, 37.96974968926029 ], [ -90.00712484481403, 37.96935031025648 ], [ -90.006642005067661, 37.9689329290118 ], [ -90.00604962776849, 37.968420851536223 ], [ -90.005776467306802, 37.968209428581488 ], [ -90.005761173097426, 37.968197590923516 ], [ -90.004089165088118, 37.966903437532061 ], [ -90.003845835139273, 37.966715091805867 ], [ -90.003217015079088, 37.966330062079962 ], [ -90.002607812678704, 37.965957037755224 ], [ -90.001998617638236, 37.965584011437926 ], [ -90.001775843721262, 37.965447599239269 ], [ -90.000877286442687, 37.964952900788873 ], [ -90.000404842547866, 37.964692793093846 ], [ -90.00038482931042, 37.964682630901379 ], [ -89.999351755460722, 37.964158077153876 ], [ -89.999254228433571, 37.964108556356976 ], [ -89.998590373897656, 37.963839488359397 ], [ -89.998506225734261, 37.963805381301917 ], [ -89.997595785536618, 37.963436357727183 ], [ -89.997377937807286, 37.963374643757817 ], [ -89.996673251427197, 37.963175010218308 ], [ -89.995968569153305, 37.962975371705269 ], [ -89.995966666711084, 37.962974832942287 ], [ -89.995290246162767, 37.962814942801145 ], [ -89.994259437627974, 37.962571274592506 ], [ -89.993894913710278, 37.962505003140819 ], [ -89.9924356414908, 37.962239690393389 ], [ -89.992188589112956, 37.96220428538534 ], [ -89.99097356514514, 37.962030152018713 ], [ -89.990603259522047, 37.961977077797393 ], [ -89.990270050487965, 37.961929319444671 ], [ -89.989727347373105, 37.961866856154671 ], [ -89.988761834223226, 37.961755721840049 ], [ -89.988707549411487, 37.961755763653777 ], [ -89.987625317724635, 37.96175659244355 ], [ -89.986623560839064, 37.961756498489365 ], [ -89.986450959585113, 37.96175648090562 ], [ -89.985802105494187, 37.961786455750328 ], [ -89.985028584235835, 37.961822185925747 ], [ -89.984989714854819, 37.961823981036318 ], [ -89.983866601370309, 37.961960125462589 ], [ -89.982517040041643, 37.962075448758654 ], [ -89.981411614477608, 37.962242016652155 ], [ -89.980327992520287, 37.962443916887224 ], [ -89.980209121078232, 37.962466064400999 ], [ -89.978411448936782, 37.962884749653902 ], [ -89.976007033949855, 37.963317790026487 ], [ -89.974288084619104, 37.963663453776135 ], [ -89.973183237097587, 37.963814961292215 ], [ -89.972233454200193, 37.963880475931454 ], [ -89.971454582816747, 37.963935390905966 ], [ -89.970186206205469, 37.963917697186183 ], [ -89.969048436776262, 37.963948345985287 ], [ -89.967906966496486, 37.964068867954211 ], [ -89.966573808915186, 37.964244414758035 ], [ -89.965052043488527, 37.964400081072121 ], [ -89.963179801729126, 37.964786611065776 ], [ -89.962790648358123, 37.964877680163902 ], [ -89.960219175476226, 37.965479410965564 ], [ -89.959832625103118, 37.965569859897009 ], [ -89.958493240681435, 37.9658951154451 ], [ -89.957021391448805, 37.966216925902465 ], [ -89.955525035213128, 37.966673048356313 ], [ -89.95445176677876, 37.966975158258727 ], [ -89.953244793233139, 37.967303784973943 ], [ -89.949427144052635, 37.968464435473756 ], [ -89.949364801430065, 37.968482890253362 ], [ -89.94681890544652, 37.96923649223578 ], [ -89.945735820518266, 37.969545876587766 ], [ -89.94446096379292, 37.969910024422276 ], [ -89.940952048697113, 37.97092845856448 ], [ -89.937145916589628, 37.962236535997825 ], [ -89.936806354582714, 37.961747810205772 ], [ -89.936715875944813, 37.961190594229762 ], [ -89.936552831443166, 37.960556506335394 ], [ -89.936110355759453, 37.959810161154493 ], [ -89.93514956598186, 37.959230254602026 ], [ -89.934247641803225, 37.95905677082655 ], [ -89.933662372670781, 37.959011510741298 ], [ -89.931798871325043, 37.959187822043312 ], [ -89.93052000849174, 37.959424361695675 ], [ -89.92988878519202, 37.959572832878798 ], [ -89.92892137185467, 37.959607543707797 ], [ -89.928329857193319, 37.959712055389552 ], [ -89.927928166839877, 37.959806529876879 ], [ -89.92694565053371, 37.95985408477015 ], [ -89.926922285328914, 37.959855215452478 ], [ -89.926557807227098, 37.95996565313402 ], [ -89.926225902175815, 37.960023861292989 ], [ -89.925813678331878, 37.960096153808429 ], [ -89.924662060304456, 37.96000604237986 ], [ -89.924644228348114, 37.959525700544134 ], [ -89.924831387322271, 37.959125702502185 ], [ -89.924924572673973, 37.958708248736102 ], [ -89.924895321685867, 37.958047653917703 ], [ -89.92490469925032, 37.957822957449949 ], [ -89.924839650905696, 37.957566321097239 ], [ -89.924832733409104, 37.957550262172887 ], [ -89.924597913063494, 37.957005139559385 ], [ -89.924414811677067, 37.956400504245011 ], [ -89.924340223645444, 37.95591867706306 ], [ -89.924459827391431, 37.955321961468165 ], [ -89.924591468073544, 37.954890518962749 ], [ -89.924936215200262, 37.954344681924809 ], [ -89.925337083949145, 37.95381530860287 ], [ -89.925831290210851, 37.953318366750629 ], [ -89.926344407557991, 37.952821917189844 ], [ -89.926892855941688, 37.95238637345404 ], [ -89.927230035426007, 37.952146096509338 ], [ -89.927400338784068, 37.952024736575304 ], [ -89.927683299072285, 37.951597245469898 ], [ -89.928120096430533, 37.951113789568723 ], [ -89.928553142375648, 37.9507202102291 ], [ -89.929100313623621, 37.950314614016314 ], [ -89.929626688434368, 37.949953461444508 ], [ -89.930134139939923, 37.949591811296472 ], [ -89.930567166122088, 37.949198223595602 ], [ -89.930928261344633, 37.948712779726279 ], [ -89.931229483149195, 37.948300750243469 ], [ -89.931775372194025, 37.947925101046714 ], [ -89.932359091222352, 37.947550435553886 ], [ -89.932656736632538, 37.947398011146426 ], [ -89.933055682481864, 37.947193707974925 ], [ -89.933670367688492, 37.946984801588364 ], [ -89.934206268669314, 37.946848818624325 ], [ -89.934642599925894, 37.946830205072494 ], [ -89.935341273704807, 37.946878415394416 ], [ -89.935927071234374, 37.946908682491852 ], [ -89.936668561608727, 37.94683803077028 ], [ -89.937167245248986, 37.946686068319337 ], [ -89.937687333871267, 37.946474674857583 ], [ -89.938115946564878, 37.946185916593315 ], [ -89.938857795054403, 37.94565037941689 ], [ -89.93963871112652, 37.945085860729094 ], [ -89.940657799197183, 37.94425760454979 ], [ -89.941315390311544, 37.943779962773355 ], [ -89.94161452523177, 37.943562682952724 ], [ -89.942408721114901, 37.943133456858625 ], [ -89.94314616242832, 37.942702749372458 ], [ -89.943477047202748, 37.942486410056127 ], [ -89.943711489769044, 37.942312552118025 ], [ -89.94390561550432, 37.942197628558944 ], [ -89.944136328444316, 37.942113649526526 ], [ -89.944327969505082, 37.942058646362455 ], [ -89.944576356480283, 37.942005117815725 ], [ -89.944807690061836, 37.941906156689605 ], [ -89.944944445153794, 37.941804737179787 ], [ -89.945143533275214, 37.941569970833307 ], [ -89.945432576153237, 37.94129880554641 ], [ -89.945439059243441, 37.941292722975838 ], [ -89.945577052358487, 37.941161342891476 ], [ -89.945792569606439, 37.940986987070978 ], [ -89.946044677291283, 37.940843575189405 ], [ -89.946313836683643, 37.940745593649503 ], [ -89.946641599483655, 37.940604144783904 ], [ -89.946835717393711, 37.940489216894754 ], [ -89.947071385280026, 37.940285390000099 ], [ -89.947378371333016, 37.940188388305458 ], [ -89.947645046057175, 37.940150324878026 ], [ -89.947931874585322, 37.940082791202052 ], [ -89.948711121645132, 37.94001304216858 ], [ -89.950868082196138, 37.940054011519912 ], [ -89.951871214459914, 37.940065030098019 ], [ -89.95253325087667, 37.940082194225681 ], [ -89.952947532663899, 37.940137921131772 ], [ -89.953171421677609, 37.940218705955701 ], [ -89.953395929086156, 37.940284509474481 ], [ -89.953639355461064, 37.940350802838594 ], [ -89.953902314063285, 37.940402605809858 ], [ -89.954413031188352, 37.940415838321385 ], [ -89.95496467239208, 37.940355146786409 ], [ -89.955784841681833, 37.940211429677348 ], [ -89.956718498773327, 37.940070645676798 ], [ -89.957253076851032, 37.939964512596703 ], [ -89.957671070222801, 37.939930341875488 ], [ -89.957822393258695, 37.939934257960275 ], [ -89.958230498268662, 37.940139770287821 ], [ -89.958625250647486, 37.940209968816575 ], [ -89.959100609614921, 37.940162281105231 ], [ -89.959372223311547, 37.940004348608575 ], [ -89.95948942180577, 37.939917401911728 ], [ -89.959623683107125, 37.939875885386591 ], [ -89.959817779090187, 37.939760935055396 ], [ -89.95993682846337, 37.939629047657419 ], [ -89.960076648730137, 37.939452707339733 ], [ -89.960181724035607, 37.939200487328712 ], [ -89.960231287860054, 37.938916840652702 ], [ -89.960265644101483, 37.938542821789284 ], [ -89.96033165045354, 37.938319584341976 ], [ -89.960436105482174, 37.938082344927658 ], [ -89.96055885806669, 37.937860574517849 ], [ -89.960682844797148, 37.937608842886554 ], [ -89.960770852734754, 37.937311193739205 ], [ -89.960901629042624, 37.936894678192466 ], [ -89.960986548266845, 37.936671929196351 ], [ -89.961113617965964, 37.936345295590215 ], [ -89.961346146676931, 37.936216339898152 ], [ -89.961634803354841, 37.936103829513911 ], [ -89.96192345797742, 37.9359913201517 ], [ -89.962213961969766, 37.935833867902048 ], [ -89.962467254744453, 37.935660457409263 ], [ -89.962665652948957, 37.935440639045424 ], [ -89.962693823028403, 37.935216422471342 ], [ -89.962607890131736, 37.935004253974377 ], [ -89.962374346789801, 37.934698294285859 ], [ -89.962263946866926, 37.934620459623368 ], [ -89.962057743961779, 37.934570143155121 ], [ -89.962007788561706, 37.934403892986403 ], [ -89.962015193864161, 37.934224129035982 ], [ -89.962022599101061, 37.93404436507879 ], [ -89.96225758931628, 37.933855484990779 ], [ -89.962527937476224, 37.933727503966608 ], [ -89.962891002919761, 37.93364690663617 ], [ -89.963540242848765, 37.933513712947416 ], [ -89.964148639250141, 37.933377516595414 ], [ -89.964381084601925, 37.933325479781125 ], [ -89.965145034522948, 37.933165246844332 ], [ -89.965682633882906, 37.932984172766268 ], [ -89.966062172973494, 37.932805307104957 ], [ -89.966165336993697, 37.932756688649263 ], [ -89.966801527498134, 37.932372253956089 ], [ -89.966903157637844, 37.932310840847109 ], [ -89.96754516822817, 37.931892509124346 ], [ -89.968162716282961, 37.931608510293771 ], [ -89.968589895206989, 37.931349592735586 ], [ -89.96985126940659, 37.930602301077812 ], [ -89.970955777437695, 37.929985920544496 ], [ -89.972063958180541, 37.929279647276147 ], [ -89.972982988854952, 37.928568493303544 ], [ -89.973607865792545, 37.928104696735531 ], [ -89.974118029053216, 37.927667937493872 ], [ -89.974455518181429, 37.927286717810738 ], [ -89.974683215364735, 37.926812694448074 ], [ -89.974814504632178, 37.926381178311907 ], [ -89.97483170583736, 37.925961723532843 ], [ -89.974690372654933, 37.92525325892472 ], [ -89.974543510359879, 37.924679617756361 ], [ -89.974369272834537, 37.923850335330485 ], [ -89.974227330200875, 37.92315684965093 ], [ -89.974115361963229, 37.922194201538261 ], [ -89.974081360644377, 37.921638462135377 ], [ -89.974110850354364, 37.920919395784573 ], [ -89.974186761334025, 37.919991575626149 ], [ -89.97410892867741, 37.919119783290526 ], [ -89.974032479933896, 37.918891189210512 ], [ -89.974007753970994, 37.918817252623576 ], [ -89.973961465545102, 37.918561123700947 ], [ -89.973845682707719, 37.918153242293513 ], [ -89.973489599063086, 37.91760420882575 ], [ -89.973174414173627, 37.91698124386005 ], [ -89.972266418542503, 37.916043088747834 ], [ -89.971683443722583, 37.915488207408373 ], [ -89.971070037860642, 37.914752582370596 ], [ -89.970567022537793, 37.914094780796113 ], [ -89.969867249882142, 37.912697085505911 ], [ -89.969710604099106, 37.912363128720742 ], [ -89.969360113226202, 37.911679259678564 ], [ -89.969097403419596, 37.911162613196574 ], [ -89.968848684464774, 37.910766296651417 ], [ -89.968582288596551, 37.910339530759003 ], [ -89.968263481111464, 37.909806439272458 ], [ -89.967979416168546, 37.909349224286998 ], [ -89.967817245680948, 37.909150090401788 ], [ -89.967448495348833, 37.908450748969678 ], [ -89.96714676301103, 37.907963083301318 ], [ -89.966883465000123, 37.907461413053504 ], [ -89.966490898499075, 37.906881424282503 ], [ -89.966226378295204, 37.906409713337233 ], [ -89.96616552601003, 37.906048231174935 ], [ -89.96606932272681, 37.905625851541032 ], [ -89.965935307730945, 37.905202495334919 ], [ -89.965862939302511, 37.904660759746918 ], [ -89.96581030793709, 37.904451471606443 ], [ -89.965749063194124, 37.904207930707059 ], [ -89.965594298980989, 37.903829027983598 ], [ -89.965370067823244, 37.903298369439852 ], [ -89.965196401433261, 37.902918978428502 ], [ -89.965156310050645, 37.902513042236798 ], [ -89.965091579764419, 37.902159051169342 ], [ -89.96473257503834, 37.901907080601369 ], [ -89.963954105148801, 37.901178250860383 ], [ -89.96333839618795, 37.90054142896485 ], [ -89.962683705038359, 37.899864271532095 ], [ -89.960963639647872, 37.897775408297676 ], [ -89.959871887794407, 37.896302462805863 ], [ -89.958261435638889, 37.893643955377392 ], [ -89.957154505746175, 37.891707190479316 ], [ -89.956224826381273, 37.890061222214001 ], [ -89.955014580929742, 37.887712879585671 ], [ -89.954191996169911, 37.885974262651608 ], [ -89.953403577327222, 37.884659039205694 ], [ -89.952725886288903, 37.8835783814541 ], [ -89.952053598316098, 37.882784079944017 ], [ -89.951718930892326, 37.882496239736774 ], [ -89.951040577635737, 37.881912794988899 ], [ -89.949838065342107, 37.881050216052316 ], [ -89.948344692504932, 37.880152821285556 ], [ -89.946817565443084, 37.879240902529538 ], [ -89.94354829481037, 37.877629489328882 ], [ -89.940411508688612, 37.876144100558349 ], [ -89.938673378130161, 37.875349253987757 ], [ -89.937572805911159, 37.875016007620225 ], [ -89.937290366115789, 37.874930484649006 ], [ -89.937156476284869, 37.874889942363779 ], [ -89.936703535742836, 37.874752789649754 ], [ -89.934856780662173, 37.874091353112796 ], [ -89.933512331973674, 37.873756462891663 ], [ -89.932730166701646, 37.873545256501707 ], [ -89.93164336997954, 37.873217062785649 ], [ -89.930759295507073, 37.872975926447644 ], [ -89.929641559316266, 37.872565130710299 ], [ -89.929101316580969, 37.872424045710893 ], [ -89.928365866395026, 37.872231976144356 ], [ -89.927113020882487, 37.87176311050726 ], [ -89.925584828339666, 37.871300664431615 ], [ -89.924357870334134, 37.871036887805843 ], [ -89.922641923932147, 37.870542236852295 ], [ -89.92105545893989, 37.870241760626485 ], [ -89.919410675565501, 37.870103290129848 ], [ -89.918579024531724, 37.870027005764548 ], [ -89.917954819443224, 37.869969746225919 ], [ -89.915757062500077, 37.869898510514474 ], [ -89.914676214328367, 37.869842906367907 ], [ -89.912242009464791, 37.869669996433842 ], [ -89.908880983633338, 37.86945905442132 ], [ -89.907225577792104, 37.869415539822384 ], [ -89.906493777746874, 37.869396296025556 ], [ -89.904272047747568, 37.869487767980303 ], [ -89.902508310779325, 37.869727551891891 ], [ -89.901664604182827, 37.869924124769142 ], [ -89.900563688764294, 37.8701806130886 ], [ -89.899081036075827, 37.870686709828654 ], [ -89.896928591910026, 37.871583999170873 ], [ -89.894598630969199, 37.872612854628791 ], [ -89.892701984364052, 37.873557705861913 ], [ -89.891034293558278, 37.874372284506755 ], [ -89.889150723115179, 37.875412826923764 ], [ -89.886880637874938, 37.87664754763442 ], [ -89.88478740315351, 37.877764244382952 ], [ -89.884242856691188, 37.878060871070033 ], [ -89.882305894060792, 37.879115938096675 ], [ -89.880665425071953, 37.880094637029792 ], [ -89.879274825965751, 37.880990571005661 ], [ -89.878897776969197, 37.881233488843385 ], [ -89.877243408160226, 37.882538871382145 ], [ -89.876208593639603, 37.883424550594135 ], [ -89.87547267418546, 37.884154610845641 ], [ -89.874372460355644, 37.885365638163456 ], [ -89.873542549121382, 37.886283996842771 ], [ -89.872696015779127, 37.887188277232489 ], [ -89.872012133441388, 37.887906068893024 ], [ -89.871540139066227, 37.888493199959584 ], [ -89.870887705092798, 37.889279967224148 ], [ -89.869858935298893, 37.890424703706991 ], [ -89.869230798571877, 37.891032777858776 ], [ -89.868639436704058, 37.891605239105175 ], [ -89.867346562034271, 37.892892840339059 ], [ -89.866653079460391, 37.893593747677052 ], [ -89.866124669526215, 37.894127801021945 ], [ -89.865101535131814, 37.89513635092586 ], [ -89.864032614537123, 37.896007377541153 ], [ -89.862981426546881, 37.896865237931912 ], [ -89.862551760292035, 37.897262650439998 ], [ -89.862128450772161, 37.897510311033727 ], [ -89.861531025616657, 37.897807838229255 ], [ -89.860515485650609, 37.898230493709995 ], [ -89.860077301006996, 37.89842323176012 ], [ -89.859482175614957, 37.898666293674957 ], [ -89.858923146012359, 37.89886942972911 ], [ -89.858472985614171, 37.898939179090711 ], [ -89.857767439190638, 37.898947585832431 ], [ -89.857198175676686, 37.898986889625121 ], [ -89.857104537436655, 37.899069406131765 ], [ -89.856822903198321, 37.899317588246184 ], [ -89.856603410611484, 37.899625192008557 ], [ -89.856454955172268, 37.899880177577046 ], [ -89.856283521928489, 37.900270841072761 ], [ -89.856083523123786, 37.900524448105344 ], [ -89.855692796579049, 37.900813841825311 ], [ -89.855304387443397, 37.901048781179433 ], [ -89.854918294479845, 37.901229263474384 ], [ -89.854057299016119, 37.901655993898792 ], [ -89.853438567373445, 37.902048313066217 ], [ -89.852871170353822, 37.902495640166187 ], [ -89.85233504796345, 37.90291830234483 ], [ -89.851572461205322, 37.903456681517142 ], [ -89.850850613398379, 37.903846226314968 ], [ -89.850376266039049, 37.904078846204364 ], [ -89.84994034537003, 37.904217089128579 ], [ -89.849284552178929, 37.904267664518677 ], [ -89.848664282678882, 37.904291930396411 ], [ -89.848266207355465, 37.904349406735079 ], [ -89.848029517619352, 37.904471450216306 ], [ -89.847914444235457, 37.904530785464736 ], [ -89.847526572021948, 37.90475208183166 ], [ -89.847175968087072, 37.904906231476744 ], [ -89.846828850591976, 37.904978698124197 ], [ -89.846324774476471, 37.905101470755177 ], [ -89.845715281639968, 37.905275930876513 ], [ -89.844964841769965, 37.905528379508105 ], [ -89.844392033058355, 37.90564929943028 ], [ -89.843567903074046, 37.905613550303286 ], [ -89.842938592332501, 37.90544673534319 ], [ -89.841753947490332, 37.90499241945713 ], [ -89.840908863522301, 37.904642619387317 ], [ -89.840585621708627, 37.904472993132991 ], [ -89.839293856341442, 37.903795100969511 ], [ -89.837952031039904, 37.902995795068307 ], [ -89.836984392796751, 37.902385542341896 ], [ -89.836913652314166, 37.902340928256756 ], [ -89.833113516262642, 37.899908067869625 ], [ -89.831519628814661, 37.898885692620979 ], [ -89.827790665010468, 37.896493614255469 ], [ -89.824971892346738, 37.894850195246683 ], [ -89.824918386228731, 37.894815841054651 ], [ -89.821825499449645, 37.892829873194017 ], [ -89.819763003204613, 37.891602014226606 ], [ -89.817623486542587, 37.890167599170589 ], [ -89.817077668543703, 37.889830795168905 ], [ -89.815773830027695, 37.889026223751806 ], [ -89.815429001666871, 37.88881343183855 ], [ -89.81047463094157, 37.886062387594734 ], [ -89.808076761066346, 37.885043296725293 ], [ -89.807171020275746, 37.88451443557156 ], [ -89.805868907458418, 37.883819181511676 ], [ -89.805557447503702, 37.883652875208575 ], [ -89.803660268352559, 37.882988021528853 ], [ -89.801573608159941, 37.882331612559838 ], [ -89.799808597617584, 37.881792952416234 ], [ -89.799321131879793, 37.881534364421825 ], [ -89.798856152892824, 37.88115372627535 ], [ -89.798497768688605, 37.880694212560634 ], [ -89.798127522539659, 37.880111713707677 ], [ -89.798019098527888, 37.879836181836183 ], [ -89.797978193079899, 37.879589746720072 ], [ -89.798041516377907, 37.879318889920462 ], [ -89.798227418947121, 37.878996854989872 ], [ -89.798396668083598, 37.878265496358026 ], [ -89.798476503487947, 37.877613476323738 ], [ -89.798439655631654, 37.876876506031998 ], [ -89.798370232314269, 37.87609776333062 ], [ -89.798342372984266, 37.875947085163681 ], [ -89.798309124970871, 37.875832609531955 ], [ -89.798282524706096, 37.875741020860822 ], [ -89.798161649392753, 37.875356117725154 ], [ -89.798037236145262, 37.875052891998713 ], [ -89.797877297440252, 37.87477595747891 ], [ -89.79768832130992, 37.874375570910658 ], [ -89.797671081887898, 37.873979859293776 ], [ -89.797788278659979, 37.873655953924057 ], [ -89.797957584273192, 37.873319837364264 ], [ -89.79940926510902, 37.87156031949096 ], [ -89.799825460648279, 37.871080999122427 ], [ -89.799997107996759, 37.870690427609986 ], [ -89.799888688199459, 37.870414897399627 ], [ -89.799904012632908, 37.87006096004334 ], [ -89.800044258176598, 37.869601387987665 ], [ -89.800174990939183, 37.868964380173026 ], [ -89.800312875046814, 37.86855926059831 ], [ -89.800003153816277, 37.86823906768371 ], [ -89.799243256149339, 37.867453463247678 ], [ -89.798384147364274, 37.864663388022741 ], [ -89.797654867835661, 37.862449260083395 ], [ -89.797617828344997, 37.862323091010637 ], [ -89.7974451404435, 37.861734839363116 ], [ -89.796082981477369, 37.859448952982063 ], [ -89.795791029555758, 37.859045758635617 ], [ -89.795465180296546, 37.858726870184377 ], [ -89.795360766562823, 37.858624686504662 ], [ -89.794372848514826, 37.857657844457016 ], [ -89.793362106957161, 37.856785295724627 ], [ -89.791074664434262, 37.855116643595572 ], [ -89.786297687321976, 37.85163154295882 ], [ -89.782075474296121, 37.855046030278302 ], [ -89.781234813557987, 37.854614159685781 ], [ -89.780191105016627, 37.854108581580967 ], [ -89.77985781257911, 37.853867765064955 ], [ -89.778856734913404, 37.853567777034343 ], [ -89.777327187241937, 37.853037690978027 ], [ -89.776892502130423, 37.852887040283264 ], [ -89.775655846567517, 37.852471538260637 ], [ -89.774793338139617, 37.852148055799191 ], [ -89.774126164660728, 37.852075245654731 ], [ -89.772957559900547, 37.85207045147073 ], [ -89.77146217273355, 37.852070306054777 ], [ -89.76996440999433, 37.852124592317253 ], [ -89.768457210148156, 37.852001422637805 ], [ -89.766710263553577, 37.851858016320364 ], [ -89.765581360905784, 37.851731578482017 ], [ -89.764948539969041, 37.85165966090824 ], [ -89.763578214208167, 37.851158583519272 ], [ -89.762294341783772, 37.850646240321318 ], [ -89.761395796291424, 37.850362555967386 ], [ -89.760941817718319, 37.85013199305822 ], [ -89.76004341100699, 37.849453064421198 ], [ -89.75931072436741, 37.848914981994291 ], [ -89.758293969573941, 37.848191892028638 ], [ -89.757492046151526, 37.84766552027866 ], [ -89.757006150274847, 37.847379547891222 ], [ -89.755753143671711, 37.846949759054183 ], [ -89.754367001574124, 37.846420882847951 ], [ -89.754076369572601, 37.84638560556796 ], [ -89.753731850371537, 37.846403357234188 ], [ -89.752849799626162, 37.846528930990722 ], [ -89.752019245558301, 37.846655919901274 ], [ -89.750979703658885, 37.846845276382467 ], [ -89.749994047682122, 37.846981595656118 ], [ -89.748770453361701, 37.84705681586712 ], [ -89.748019925492983, 37.846927038992703 ], [ -89.747877634106032, 37.846874694499277 ], [ -89.747258816723118, 37.846647047281778 ], [ -89.746992539026024, 37.84644888060371 ], [ -89.746471165555874, 37.846189141751303 ], [ -89.745995905079809, 37.846053336276107 ], [ -89.74558631509646, 37.845987490067031 ], [ -89.745275530170446, 37.846019777933662 ], [ -89.745099677535208, 37.846110315067946 ], [ -89.744978916967455, 37.846120602376814 ], [ -89.744812049049742, 37.846006953668436 ], [ -89.743973701951262, 37.846310846405643 ], [ -89.742999216743357, 37.84658370556204 ], [ -89.742269848060189, 37.846754313546334 ], [ -89.741716934561651, 37.846820772362058 ], [ -89.740940861283889, 37.846881048912799 ], [ -89.740856512623353, 37.84687373788779 ], [ -89.740478575320552, 37.846840982294552 ], [ -89.740053621226139, 37.846733804131979 ], [ -89.739822295338584, 37.846522959627784 ], [ -89.739626503294218, 37.846285842184258 ], [ -89.73947044370837, 37.845927167617234 ], [ -89.739244521072891, 37.845593811909687 ], [ -89.738952339883781, 37.845204104345648 ], [ -89.738457773653408, 37.84472701214257 ], [ -89.738041839500369, 37.844415644217733 ], [ -89.73750454963195, 37.844128167595343 ], [ -89.736883839039166, 37.843783859065226 ], [ -89.73650344798267, 37.843446213529695 ], [ -89.735994146635036, 37.842914186994328 ], [ -89.735105332682011, 37.841635667417115 ], [ -89.734605665881674, 37.840885841161764 ], [ -89.73407648733756, 37.840026161575814 ], [ -89.733314233276062, 37.838996462210822 ], [ -89.732791467301425, 37.838433352341397 ], [ -89.732379157356775, 37.837989215423271 ], [ -89.731700088816012, 37.837411569701686 ], [ -89.730519029996543, 37.836138526660015 ], [ -89.729004374290625, 37.834638135510723 ], [ -89.728112473816026, 37.833822861488542 ], [ -89.727585591452467, 37.833374609426997 ], [ -89.727350671328836, 37.833174745639084 ], [ -89.726586472709414, 37.832581073884597 ], [ -89.725468503408749, 37.831827633589299 ], [ -89.724432148559416, 37.831171858520186 ], [ -89.723446696301252, 37.830531119957804 ], [ -89.722781913673316, 37.830021965724498 ], [ -89.722167901454867, 37.829473353539825 ], [ -89.721200701057754, 37.828478738062927 ], [ -89.72005998622673, 37.827465665491204 ], [ -89.717444746073426, 37.825607354304566 ], [ -89.715605374703856, 37.824465715804934 ], [ -89.713663704230868, 37.823307564345001 ], [ -89.711940338286567, 37.822264512426635 ], [ -89.710031895104194, 37.821134488458171 ], [ -89.708297524029319, 37.819954789015299 ], [ -89.70755852760638, 37.819487891074758 ], [ -89.706587287033429, 37.81887424612556 ], [ -89.706559577201773, 37.818856737247643 ], [ -89.705012289186612, 37.817950483833584 ], [ -89.704751228972299, 37.817797576534225 ], [ -89.702806272490406, 37.816720930410476 ], [ -89.700686759609269, 37.815707503311508 ], [ -89.699994799103493, 37.815429151995595 ], [ -89.698233416141349, 37.814861846199179 ], [ -89.69617476012084, 37.814027220484817 ], [ -89.694510167009341, 37.813217259518247 ], [ -89.69272672651492, 37.812376677129734 ], [ -89.689954786533775, 37.810976745528201 ], [ -89.688578347528093, 37.810256580293313 ], [ -89.686830581388278, 37.809389657380137 ], [ -89.686593475365513, 37.80928595503692 ], [ -89.683966386216724, 37.808136906205618 ], [ -89.681079568004748, 37.806624501929221 ], [ -89.679396942056627, 37.805841080472881 ], [ -89.677365688548647, 37.804788846562197 ], [ -89.675870630070278, 37.804037929755481 ], [ -89.674816742954249, 37.803408490535283 ], [ -89.674757166790428, 37.803369373905724 ], [ -89.674227294315813, 37.803021464577412 ], [ -89.674206329137618, 37.803007699411658 ], [ -89.674166032344047, 37.802981240507748 ], [ -89.673666056113362, 37.802640018970415 ], [ -89.673087645106435, 37.802133033912412 ], [ -89.67276736633076, 37.801917980606859 ], [ -89.672070563406777, 37.801450097311523 ], [ -89.670833553334717, 37.800692787072457 ], [ -89.669885129091682, 37.800011773587812 ], [ -89.669340461208023, 37.799519354147492 ], [ -89.66875229413796, 37.798848528531749 ], [ -89.668440060003022, 37.798392901144403 ], [ -89.668123694438208, 37.797931238634114 ], [ -89.667438738256351, 37.796739775925694 ], [ -89.666972516147354, 37.79592172475207 ], [ -89.666467705753149, 37.795035944435426 ], [ -89.665562875847414, 37.793388495208056 ], [ -89.664269102031952, 37.791225754010227 ], [ -89.663624941833604, 37.790326442659001 ], [ -89.66307339791436, 37.789556413415504 ], [ -89.662488609181892, 37.78898348693415 ], [ -89.662380004140999, 37.788877084642571 ], [ -89.662185220281629, 37.788686248232736 ], [ -89.661497358245214, 37.78794441648936 ], [ -89.661093717558202, 37.787374190195109 ], [ -89.660792375596955, 37.78682049269802 ], [ -89.660579244077852, 37.786214782506846 ], [ -89.660496594159284, 37.785381087197202 ], [ -89.660451311393558, 37.7844803077694 ], [ -89.660332541803854, 37.783304869400304 ], [ -89.660190614649608, 37.781737852670744 ], [ -89.660160523356808, 37.781405599181703 ], [ -89.660155717272673, 37.780911089611578 ], [ -89.660148332752627, 37.780151413613545 ], [ -89.660308245098292, 37.778888481035345 ], [ -89.660490801272275, 37.777885137549582 ], [ -89.66074562468944, 37.776802070055012 ], [ -89.660994921363198, 37.775841504301852 ], [ -89.661197658674254, 37.775152191067804 ], [ -89.661663829984064, 37.774171970395507 ], [ -89.661747648261368, 37.773995720905951 ], [ -89.662120629866507, 37.77295688772783 ], [ -89.662547492712179, 37.771865065780098 ], [ -89.663074161226433, 37.770462610609236 ], [ -89.663425059295221, 37.769532175320407 ], [ -89.663777782108994, 37.768560903924033 ], [ -89.664047218711744, 37.767914361242347 ], [ -89.664601397502366, 37.767044197523234 ], [ -89.665003417820657, 37.766414414954916 ], [ -89.665173932424295, 37.766147292892747 ], [ -89.665743394041016, 37.76531844171086 ], [ -89.66602994549865, 37.764672378465349 ], [ -89.666210558466133, 37.764091457852764 ], [ -89.66644627725799, 37.763430324266587 ], [ -89.666549739496247, 37.763038020609613 ], [ -89.666704638113529, 37.76264717330713 ], [ -89.667023013388857, 37.762056523336724 ], [ -89.6675446526705, 37.761144535776673 ], [ -89.667792579988998, 37.76050853030695 ], [ -89.667796881781754, 37.760497494797335 ], [ -89.667996447852914, 37.759876220597938 ], [ -89.668016618419315, 37.759427043444603 ], [ -89.667970043986259, 37.758935088706842 ], [ -89.667850002197497, 37.758550085686714 ], [ -89.667409694376019, 37.757651752468632 ], [ -89.666842635310445, 37.756518140702127 ], [ -89.666383371283843, 37.755660152875421 ], [ -89.666154955941749, 37.755013133930461 ], [ -89.666092733820633, 37.754567308721008 ], [ -89.666090027168025, 37.75454791675125 ], [ -89.666055107238165, 37.7541789511342 ], [ -89.665979763679545, 37.75356352289095 ], [ -89.665935036786024, 37.753030734864126 ], [ -89.665849911171264, 37.752633090176339 ], [ -89.665567631760922, 37.752039058031869 ], [ -89.665344754623661, 37.751651139956749 ], [ -89.664886774777756, 37.751147531247035 ], [ -89.664123905394632, 37.7505535108128 ], [ -89.663292479759733, 37.74995754172005 ], [ -89.6619957737406, 37.74902128504182 ], [ -89.66026688049989, 37.748154528581566 ], [ -89.659201643933827, 37.747797216260295 ], [ -89.657437285906212, 37.747338274648463 ], [ -89.654267994876079, 37.746444157078486 ], [ -89.652964064380299, 37.74605274865096 ], [ -89.6518521702112, 37.745699127466146 ], [ -89.651458136584154, 37.745573808070027 ], [ -89.650658643758703, 37.745414779518079 ], [ -89.650283382858547, 37.745363216924467 ], [ -89.650138693275039, 37.745375451375715 ], [ -89.649680373152862, 37.745414202403573 ], [ -89.648574128043393, 37.745587147735762 ], [ -89.647968657614896, 37.745692569283086 ], [ -89.647312376586143, 37.745782912243996 ], [ -89.646383682325364, 37.745824605758976 ], [ -89.644784638008147, 37.745888076348663 ], [ -89.643615965958062, 37.745922908685252 ], [ -89.642329769192159, 37.74589986281179 ], [ -89.641436586847078, 37.745915272879856 ], [ -89.640886225327435, 37.745940457864002 ], [ -89.640094656893609, 37.745986013843222 ], [ -89.638468107210883, 37.745898697222323 ], [ -89.637458022550803, 37.745842595825309 ], [ -89.636998725053431, 37.745815411616896 ], [ -89.636567926142305, 37.745789912785334 ], [ -89.635145845932627, 37.745735649285784 ], [ -89.634355513250682, 37.745753944911293 ], [ -89.633615368083539, 37.745800927184035 ], [ -89.632976217628539, 37.745891678543664 ], [ -89.632646217626771, 37.745977641479698 ], [ -89.63199471310152, 37.746340607795084 ], [ -89.631225365527158, 37.746696337040909 ], [ -89.630662345904597, 37.746956659536259 ], [ -89.629192827157581, 37.74756876980355 ], [ -89.627668150548203, 37.748261052746862 ], [ -89.626719632418116, 37.748738137403599 ], [ -89.626111020007585, 37.748911499011129 ], [ -89.62539955632252, 37.749081907494521 ], [ -89.624226507309274, 37.749211820931734 ], [ -89.622831233210789, 37.749321718663154 ], [ -89.621898778691275, 37.74944488084143 ], [ -89.620880612834767, 37.749565576323569 ], [ -89.619759595407359, 37.749683308934415 ], [ -89.618998548428465, 37.749811370180524 ], [ -89.618655978838547, 37.749819251896689 ], [ -89.618208175398976, 37.749829554082694 ], [ -89.617542136626767, 37.74975590618358 ], [ -89.61703595616126, 37.749564189940607 ], [ -89.616285065869135, 37.74909286678546 ], [ -89.615958992488999, 37.748715522198758 ], [ -89.615853509559471, 37.748017431799227 ], [ -89.615879571317407, 37.747445780006771 ], [ -89.615987846270983, 37.746576661949241 ], [ -89.616039964280148, 37.745433357854573 ], [ -89.616038524181477, 37.745371762956466 ], [ -89.616016694786168, 37.744437801903068 ], [ -89.616008471050833, 37.743865163440248 ], [ -89.615913927862081, 37.743303673159183 ], [ -89.61580635582159, 37.74302800935957 ], [ -89.615695683453239, 37.742820399287581 ], [ -89.615463791294232, 37.742636561269464 ], [ -89.61503366999338, 37.742283481062159 ], [ -89.614521577240509, 37.741846270051113 ], [ -89.61381871474147, 37.74107648416944 ], [ -89.613092517742771, 37.740442309761029 ], [ -89.612929872198748, 37.740346152002942 ], [ -89.612607897578911, 37.740155796179074 ], [ -89.612258530614923, 37.739914057678376 ], [ -89.611786708499366, 37.739723308753724 ], [ -89.611615938727027, 37.739704765865213 ], [ -89.611358231375817, 37.739710977373349 ], [ -89.611010480024873, 37.739809997063155 ], [ -89.610837224189041, 37.73984589506135 ], [ -89.61055989227772, 37.739906054370472 ], [ -89.610151039081515, 37.739839769032294 ], [ -89.609792981753586, 37.739788574239192 ], [ -89.609263534545931, 37.739732441692951 ], [ -89.608825379223674, 37.739556278988438 ], [ -89.608254466081092, 37.739280890704435 ], [ -89.607856810058806, 37.738969606399422 ], [ -89.607265308562191, 37.738393791315787 ], [ -89.606612104719247, 37.737666280150549 ], [ -89.606321213394992, 37.737311577182282 ], [ -89.605799349063389, 37.736675224137535 ], [ -89.604810541781518, 37.735406515098056 ], [ -89.604635091471948, 37.735115255201151 ], [ -89.604581474836024, 37.734786623398477 ], [ -89.604516944022237, 37.734321391214991 ], [ -89.604486977566268, 37.733475554781549 ], [ -89.60442057990052, 37.733051153821769 ], [ -89.604333935350212, 37.732694312628567 ], [ -89.604259450166353, 37.732446850011627 ], [ -89.603929774197937, 37.732151142095184 ], [ -89.603505018437261, 37.731683312037397 ], [ -89.603472339842313, 37.731647318665857 ], [ -89.603162296092151, 37.73129765968983 ], [ -89.603037027143756, 37.731035102913722 ], [ -89.602778071706709, 37.730318945196537 ], [ -89.602642517018637, 37.729906177277165 ], [ -89.602604802577801, 37.729605260212558 ], [ -89.602387302799656, 37.729108356417925 ], [ -89.602151424435561, 37.72863817776264 ], [ -89.601826131639726, 37.728247191225329 ], [ -89.601429806481534, 37.727908666278282 ], [ -89.600884866165984, 37.727443194607311 ], [ -89.600815741628608, 37.727407067385244 ], [ -89.599477212747047, 37.726707493949284 ], [ -89.59902389066589, 37.72648997231434 ], [ -89.598311665240715, 37.72630585672092 ], [ -89.597690732456826, 37.726001716713867 ], [ -89.597025879328839, 37.725532762023079 ], [ -89.595553503142668, 37.724713374041698 ], [ -89.595369367397211, 37.724611460587006 ], [ -89.593578963747859, 37.723620499918106 ], [ -89.592241386498003, 37.72280879557001 ], [ -89.592093275353747, 37.722718913708562 ], [ -89.590861522231435, 37.721892803077026 ], [ -89.590359975143841, 37.72160571099753 ], [ -89.58983692496318, 37.721413393452863 ], [ -89.588587095922847, 37.72098196365905 ], [ -89.585413131819763, 37.719486231639451 ], [ -89.582841086336259, 37.718334969640615 ], [ -89.582662700445354, 37.718216695990016 ], [ -89.581142923998627, 37.717209026294064 ], [ -89.57995734550498, 37.716485855578945 ], [ -89.579524215614896, 37.716221652101702 ], [ -89.57864436048709, 37.715582809047355 ], [ -89.577904086770033, 37.714893501774384 ], [ -89.577086665563456, 37.713767505655454 ], [ -89.577065213472778, 37.713737955173762 ], [ -89.575617356405061, 37.71165158759414 ], [ -89.574430078149135, 37.71024057854261 ], [ -89.574427095496603, 37.710237629540579 ], [ -89.573691778286602, 37.709510418601838 ], [ -89.57006253367291, 37.708232722993444 ], [ -89.568080817422427, 37.707684363651325 ], [ -89.565735614264582, 37.707207142801089 ], [ -89.563410092905954, 37.706675936898371 ], [ -89.560162712018979, 37.706049620832509 ], [ -89.558815583602552, 37.705794329699557 ], [ -89.558377251147988, 37.705711258811611 ], [ -89.555798671033529, 37.705090738071881 ], [ -89.552608508082116, 37.704343232011539 ], [ -89.549471068224619, 37.703569928731149 ], [ -89.545233568570808, 37.702478081958226 ], [ -89.543372123204648, 37.701932839766542 ], [ -89.541436494224001, 37.701508045692847 ], [ -89.540097317260859, 37.701257431058224 ], [ -89.539276946664927, 37.701103897793793 ], [ -89.537381977132952, 37.700911915293048 ], [ -89.534886881079231, 37.700715875064901 ], [ -89.53239941785391, 37.700356466029888 ], [ -89.530869274627705, 37.700066093958 ], [ -89.528430731303757, 37.699394590443859 ], [ -89.526589177583929, 37.698795159619607 ], [ -89.52527607837203, 37.698265805408099 ], [ -89.523463160993842, 37.697421860308495 ], [ -89.522110185477828, 37.696645985227015 ], [ -89.521932319577687, 37.696531543658153 ], [ -89.520778185285991, 37.695788944066031 ], [ -89.519832499960273, 37.695106843504078 ], [ -89.519021298030424, 37.694483224757278 ], [ -89.517994470757458, 37.693703313932794 ], [ -89.517501696186017, 37.693239009948719 ], [ -89.516793295477299, 37.692618416060355 ], [ -89.515973944422257, 37.691803738798519 ], [ -89.515029719739303, 37.690726424311165 ], [ -89.514315715469039, 37.689860339717903 ], [ -89.51346418340529, 37.688635844491124 ], [ -89.512784165887609, 37.687473115195552 ], [ -89.51271798173336, 37.68735994871448 ], [ -89.511999778205379, 37.685853196939782 ], [ -89.51169748381534, 37.684985660663045 ], [ -89.511514429597739, 37.684135284252164 ], [ -89.511469011777962, 37.68327535498377 ], [ -89.511530701042801, 37.682691163814773 ], [ -89.511559380854024, 37.682543032706285 ], [ -89.511711722921063, 37.68175617179709 ], [ -89.511952939254073, 37.681000129245263 ], [ -89.512397283970316, 37.679568684149118 ], [ -89.512678472311066, 37.678691168142258 ], [ -89.513511153420637, 37.67628997459704 ], [ -89.513632380964921, 37.675898340263444 ], [ -89.513928109763484, 37.675075765055823 ], [ -89.514200334921128, 37.674388774831137 ], [ -89.514658521401202, 37.673025870626212 ], [ -89.514888925263165, 37.672133216068111 ], [ -89.515165035094356, 37.670996603527755 ], [ -89.515479033032634, 37.66974678901579 ], [ -89.515481111329606, 37.669738516117249 ], [ -89.515743263727188, 37.668533347032856 ], [ -89.515978809847482, 37.667163850457634 ], [ -89.516108997167393, 37.666213715769963 ], [ -89.516295150586458, 37.664433905105589 ], [ -89.51632625579191, 37.663769163736177 ], [ -89.516344185999316, 37.66338597189943 ], [ -89.516427532061499, 37.661971086196104 ], [ -89.516480669524199, 37.659369640625854 ], [ -89.516471476767336, 37.657733963551252 ], [ -89.51646853943268, 37.657175693564525 ], [ -89.516461079031515, 37.655757542508475 ], [ -89.516444172792035, 37.654653144801877 ], [ -89.516400598770758, 37.653752383012062 ], [ -89.516349386139808, 37.653014936177861 ], [ -89.516248731417804, 37.652235142844717 ], [ -89.516063766051687, 37.651425599159289 ], [ -89.515770049542041, 37.650527086342272 ], [ -89.515703887916104, 37.650324688225162 ], [ -89.515480878987006, 37.649595789552507 ], [ -89.515356115832489, 37.648965194301866 ], [ -89.515231991080739, 37.648320988713891 ], [ -89.515220188116757, 37.647107713988376 ], [ -89.515236425736489, 37.647029769307174 ], [ -89.515352804871611, 37.646471102270361 ], [ -89.515571635463147, 37.645823410767619 ], [ -89.515911543621016, 37.645152042544836 ], [ -89.516134750399189, 37.644777048400272 ], [ -89.516875301377397, 37.643967610155627 ], [ -89.51736477113549, 37.643396057363361 ], [ -89.517490999412502, 37.64289553657018 ], [ -89.517501835239116, 37.642744935775795 ], [ -89.517539921127565, 37.642215563334638 ], [ -89.517560335911043, 37.641412091890508 ], [ -89.517467248883989, 37.64083694720987 ], [ -89.517375433937957, 37.640234584537289 ], [ -89.517073220452872, 37.639367062718506 ], [ -89.516863518220532, 37.638720329646496 ], [ -89.516584092902676, 37.638098791555208 ], [ -89.516285648402061, 37.637517576992224 ], [ -89.51575588682006, 37.636752351216572 ], [ -89.515516123973768, 37.636441943835756 ], [ -89.515206477920998, 37.636041057704354 ], [ -89.513749586731294, 37.634580611474981 ], [ -89.513124119450993, 37.634030597887936 ], [ -89.51254235861613, 37.633645415660098 ], [ -89.512197634884586, 37.633321760238793 ], [ -89.511126709652714, 37.632404214632842 ], [ -89.510441112869472, 37.631675237987714 ], [ -89.50985756521581, 37.630962909038061 ], [ -89.509228427848484, 37.630126571417755 ], [ -89.509064014111317, 37.62982257643862 ], [ -89.508928795677292, 37.629572560665984 ], [ -89.508674128219994, 37.629156164134642 ], [ -89.508565818777811, 37.628907644295403 ], [ -89.508547539033586, 37.628860226147424 ], [ -89.508545548214116, 37.628855062562899 ], [ -89.508321353739973, 37.628273495605278 ], [ -89.507709469692756, 37.627069696034603 ], [ -89.506953064710132, 37.626025150063803 ], [ -89.506621790109648, 37.625415681432649 ], [ -89.506332289363627, 37.625011876722766 ], [ -89.506233188892878, 37.624911819895196 ], [ -89.506097237927946, 37.624774556294156 ], [ -89.506054161976238, 37.62473106400526 ], [ -89.505511832148372, 37.624237990516562 ], [ -89.503995726259845, 37.622952844104788 ], [ -89.502809106980422, 37.621950022926647 ], [ -89.501671932674043, 37.620989544338478 ], [ -89.50073371658992, 37.620171245351472 ], [ -89.499926006469522, 37.619493099455639 ], [ -89.499452194587391, 37.619002034124584 ], [ -89.49878457829368, 37.618259899992147 ], [ -89.49830006094146, 37.617632228761757 ], [ -89.497718650963051, 37.616879022033885 ], [ -89.497030765463094, 37.616204417906353 ], [ -89.496465672215692, 37.615677621230382 ], [ -89.496275736984231, 37.615500555823012 ], [ -89.495616977291064, 37.6149358367717 ], [ -89.495021545052552, 37.614482023639852 ], [ -89.492441555959331, 37.612702797813384 ], [ -89.492150801527316, 37.612502277546128 ], [ -89.490626838721681, 37.611393900385551 ], [ -89.490076654146876, 37.611009152065556 ], [ -89.489283413440859, 37.610454422309076 ], [ -89.488109812487437, 37.609547245921398 ], [ -89.487494080020085, 37.608957916257943 ], [ -89.487257421711533, 37.608731402344908 ], [ -89.484438414118586, 37.605662750368502 ], [ -89.482273688174786, 37.603254095247436 ], [ -89.481197360663529, 37.602104446246578 ], [ -89.480537725134425, 37.601410084332045 ], [ -89.48046282401566, 37.601331238701178 ], [ -89.479744990564029, 37.600575594357451 ], [ -89.479445304551447, 37.600203273974039 ], [ -89.478272600601755, 37.598746303335567 ], [ -89.476666263676961, 37.596490515319857 ], [ -89.476205841759509, 37.595359230897436 ], [ -89.475972027310718, 37.594507286288732 ], [ -89.475851512712282, 37.593795011463079 ], [ -89.475760311709863, 37.592824675031927 ], [ -89.475788584865086, 37.592225874049753 ], [ -89.475831390490185, 37.591682021751126 ], [ -89.475908398639248, 37.591139190967162 ], [ -89.476155633486727, 37.589892776338786 ], [ -89.476421001570159, 37.588987611422979 ], [ -89.476775084072329, 37.588016954627847 ], [ -89.477265969563987, 37.587050385393226 ], [ -89.477714933244698, 37.586246100646726 ], [ -89.478154016569462, 37.585666840241089 ], [ -89.478447135138538, 37.585245850200401 ], [ -89.478970669648305, 37.584675468633193 ], [ -89.479648103688945, 37.584109681108394 ], [ -89.480445232898902, 37.583547462864402 ], [ -89.481555937913967, 37.582871941718338 ], [ -89.483430586137686, 37.58197389039745 ], [ -89.484968749904255, 37.581311085274649 ], [ -89.486793112283323, 37.58075218817681 ], [ -89.488211984296697, 37.580440122706968 ], [ -89.489744786956436, 37.580254087568733 ], [ -89.490091473351484, 37.5802328384056 ], [ -89.490108751225605, 37.580231779780718 ], [ -89.490792381771954, 37.580189875697677 ], [ -89.492129402348041, 37.580161522672029 ], [ -89.492796953354244, 37.580167754660188 ], [ -89.493821056449548, 37.580239099815998 ], [ -89.494672241893596, 37.58034618143585 ], [ -89.495591192395082, 37.580468898535685 ], [ -89.497130736060697, 37.580868989349774 ], [ -89.498756440274292, 37.581257989982149 ], [ -89.500124373350047, 37.58166657387298 ], [ -89.501532901397326, 37.581940061747524 ], [ -89.502465801279712, 37.58213128259662 ], [ -89.503380967296948, 37.582335598409429 ], [ -89.504293591418175, 37.582594344782734 ], [ -89.505544423685521, 37.58294488143919 ], [ -89.506301242081918, 37.583239879897924 ], [ -89.507633146947128, 37.583688194947918 ], [ -89.508273089335063, 37.58386638090564 ], [ -89.508324783736981, 37.583880774416386 ], [ -89.509002452996185, 37.58406946052795 ], [ -89.510495303517473, 37.584372597669557 ], [ -89.511566347343404, 37.584540578665845 ], [ -89.512365038921629, 37.584673236828962 ], [ -89.513200482482219, 37.584752462610027 ], [ -89.514106240709111, 37.584792874951908 ], [ -89.514877725703045, 37.58477479888748 ], [ -89.515619452479925, 37.584660438488399 ], [ -89.516069179402166, 37.584564701316545 ], [ -89.516572115754286, 37.584429649739128 ], [ -89.517494376116773, 37.584116183546385 ], [ -89.51817911271273, 37.583754811395949 ], [ -89.518811268899469, 37.583419137326047 ], [ -89.519292043867964, 37.583024478244909 ], [ -89.519614409454149, 37.582712972048775 ], [ -89.519812090613229, 37.5825219481586 ], [ -89.520213056351594, 37.582002272642583 ], [ -89.520587423365072, 37.581318267402651 ], [ -89.52078506804979, 37.580751703257192 ], [ -89.52099412010908, 37.579940162184535 ], [ -89.521114496260225, 37.579194146497535 ], [ -89.521158858511129, 37.578609430118888 ], [ -89.521185519512073, 37.577301881030678 ], [ -89.521231116532903, 37.576259982611312 ], [ -89.521296499114499, 37.573816256769888 ], [ -89.521353583766654, 37.572222687256748 ], [ -89.521410612346955, 37.57063055181689 ], [ -89.521615174322832, 37.568219915542933 ], [ -89.521782428086269, 37.565841574001674 ], [ -89.521906232547124, 37.563812526023113 ], [ -89.52188214331359, 37.561378242826727 ], [ -89.521797059921525, 37.559516374609416 ], [ -89.521534779495155, 37.556664912494661 ], [ -89.521222955168938, 37.554509246999032 ], [ -89.520653913538695, 37.552345991991253 ], [ -89.520317186111413, 37.551233242026626 ], [ -89.519969312229193, 37.550083622392101 ], [ -89.519439682466242, 37.548550427085445 ], [ -89.519218712988803, 37.547395476484731 ], [ -89.518647243317176, 37.544917690505073 ], [ -89.518110096474203, 37.542440915167099 ], [ -89.517387575339612, 37.539521167381594 ], [ -89.517305279599881, 37.539138193968427 ], [ -89.51707713340393, 37.538076464654445 ], [ -89.516751462944683, 37.536590295698872 ], [ -89.516530509992918, 37.536173616861994 ], [ -89.516198447865378, 37.53556225079754 ], [ -89.515862575027896, 37.535032802685109 ], [ -89.515359077907661, 37.534416370169211 ], [ -89.514854316594722, 37.533827242363657 ], [ -89.514483536255185, 37.533310430720164 ], [ -89.513822617820651, 37.532388561311009 ], [ -89.51350391848915, 37.531859614498387 ], [ -89.513252699040407, 37.531336917650492 ], [ -89.513143973792367, 37.531110698522873 ], [ -89.512855115954963, 37.53067833429305 ], [ -89.512500871753886, 37.530175677289307 ], [ -89.511819678581517, 37.529321556777489 ], [ -89.511083249665745, 37.528547829218539 ], [ -89.509981794543322, 37.527503534765266 ], [ -89.509206022395915, 37.526838006462938 ], [ -89.508797842390464, 37.526388430027637 ], [ -89.508488701216478, 37.526023813324478 ], [ -89.50816878777367, 37.525522161150484 ], [ -89.507881254266564, 37.525062480615752 ], [ -89.507599459182188, 37.524479924192001 ], [ -89.507297338982653, 37.523965124141263 ], [ -89.506835276659757, 37.523199495032742 ], [ -89.506415087528936, 37.522640180786318 ], [ -89.505904753106677, 37.521938611558681 ], [ -89.505673112824496, 37.521620165933442 ], [ -89.505091093408936, 37.52085097694588 ], [ -89.504100328731028, 37.519645849260044 ], [ -89.503045499085545, 37.518343110886519 ], [ -89.502566372726278, 37.517576961212306 ], [ -89.501906455569397, 37.516272250325393 ], [ -89.501179918522709, 37.514924544557552 ], [ -89.500582173351603, 37.51371753933622 ], [ -89.500133425363515, 37.512841292802435 ], [ -89.499997928851954, 37.51256539020897 ], [ -89.499453444258677, 37.510563304154005 ], [ -89.498636997993671, 37.50771385333146 ], [ -89.498564040959707, 37.507508944267109 ], [ -89.497692679730335, 37.505061559501108 ], [ -89.497040517432239, 37.503356601532161 ], [ -89.495751240875549, 37.500754455277118 ], [ -89.494587487945452, 37.498116581049516 ], [ -89.494262264423284, 37.497559881423861 ], [ -89.49307499163757, 37.495527497856003 ], [ -89.491738194527841, 37.493416949009216 ], [ -89.490051941742792, 37.490842385502418 ], [ -89.488846986318592, 37.489090722819384 ], [ -89.486518552589402, 37.48596450771533 ], [ -89.485207590056234, 37.484342578230908 ], [ -89.484623836006733, 37.483620329600157 ], [ -89.483220483824041, 37.481882425557004 ], [ -89.481389010997347, 37.479776743945663 ], [ -89.480645372303513, 37.478748747912597 ], [ -89.479320959685666, 37.476914544573553 ], [ -89.477885085585712, 37.474820615399878 ], [ -89.47634738570359, 37.473315286905368 ], [ -89.476137556125195, 37.473099353763459 ], [ -89.474057934692084, 37.470959161308208 ], [ -89.473423740470125, 37.470339405760811 ], [ -89.473017043122454, 37.469941961668667 ], [ -89.471031394376183, 37.467969574558865 ], [ -89.469186676721904, 37.466159149068638 ], [ -89.467417094924201, 37.464331222132742 ], [ -89.465947438729543, 37.462965855452317 ], [ -89.4648545648881, 37.462006197141299 ], [ -89.462854477452424, 37.460465361826429 ], [ -89.461631649277507, 37.459523268117181 ], [ -89.459244786795225, 37.457676716974667 ], [ -89.456884603599121, 37.455791478051765 ], [ -89.455124446194318, 37.45429893018003 ], [ -89.45310845321859, 37.452463399017155 ], [ -89.451254294655442, 37.450869362731822 ], [ -89.449791726219672, 37.449386612776216 ], [ -89.449790783793432, 37.449385657383253 ], [ -89.448803645836477, 37.448290982964892 ], [ -89.447692097342866, 37.44721227967193 ], [ -89.446468270203724, 37.445893522790449 ], [ -89.445273909842271, 37.444370412645547 ], [ -89.445185312382918, 37.444257424218677 ], [ -89.443579947001027, 37.442118554950397 ], [ -89.441319533786071, 37.439190766880039 ], [ -89.440460806514267, 37.438001289471394 ], [ -89.438319038548102, 37.434662866367461 ], [ -89.437663583485389, 37.433361172420511 ], [ -89.437309001001395, 37.432749187964575 ], [ -89.436337778167214, 37.431072870786743 ], [ -89.435348425468447, 37.428991933144673 ], [ -89.433822588502892, 37.425711477544155 ], [ -89.433063457544264, 37.423992468011654 ], [ -89.431702227455631, 37.420894454881477 ], [ -89.430672158777782, 37.418634756326583 ], [ -89.429425550611043, 37.416250167530904 ], [ -89.428565335167917, 37.414318238995754 ], [ -89.428286199216629, 37.413691317673639 ], [ -89.427029696104071, 37.410478092131108 ], [ -89.426417906217821, 37.408921597832439 ], [ -89.425860798670726, 37.407504167496334 ], [ -89.424748243103707, 37.404906653570087 ], [ -89.423960740243913, 37.402752852913039 ], [ -89.423120934773777, 37.400366467789041 ], [ -89.422915487302944, 37.399782647874027 ], [ -89.422485533004107, 37.398428539591542 ], [ -89.422385911028726, 37.397901215886051 ], [ -89.421972168285293, 37.395711099716536 ], [ -89.421513194620431, 37.39340946344781 ], [ -89.421365109194298, 37.391846953682219 ], [ -89.42118702942463, 37.390914632730791 ], [ -89.420864936163838, 37.388853804127727 ], [ -89.420855747122161, 37.388338520817847 ], [ -89.420817781803692, 37.386209652021705 ], [ -89.420852665532436, 37.385893863171169 ], [ -89.420948060453526, 37.385030290631654 ], [ -89.421260462174487, 37.383659229995402 ], [ -89.421646569764292, 37.381777633802606 ], [ -89.422062016810912, 37.379798315059688 ], [ -89.422612390125437, 37.378099185721112 ], [ -89.423177113663272, 37.376617428299561 ], [ -89.423754918460276, 37.37485995832413 ], [ -89.424077846436887, 37.373785032777562 ], [ -89.424518187178847, 37.3723192233726 ], [ -89.424808630824586, 37.371150961908626 ], [ -89.425068090139533, 37.370107296076256 ], [ -89.426232098704205, 37.365369822691505 ], [ -89.426695710566008, 37.363411659779153 ], [ -89.427301919503606, 37.360530875949699 ], [ -89.42774079212306, 37.358571957603964 ], [ -89.42812553052768, 37.356862752280456 ], [ -89.428366908617974, 37.355790375911795 ], [ -89.428673405158861, 37.354537439222689 ], [ -89.429671735799587, 37.3522404258823 ], [ -89.430160604826312, 37.351308545988516 ], [ -89.430952952971026, 37.350228057527346 ], [ -89.43098584462733, 37.350180727341893 ], [ -89.43206557610948, 37.348651466107214 ], [ -89.432745086563244, 37.347508317861532 ], [ -89.43338185511945, 37.346670838341417 ], [ -89.434020888762632, 37.345792478067288 ], [ -89.434469880422824, 37.345447318562698 ], [ -89.435039354315634, 37.345009532241342 ], [ -89.436253475692837, 37.34439737269323 ], [ -89.437479496693086, 37.344031380569511 ], [ -89.439140709769617, 37.343680841639213 ], [ -89.440782007088615, 37.343227176774697 ], [ -89.441978975639145, 37.342921542842944 ], [ -89.44261387201179, 37.342575456131236 ], [ -89.443747684433234, 37.342021805395468 ], [ -89.445483924871922, 37.341243766631315 ], [ -89.446163096092448, 37.34096305530943 ], [ -89.447332358954711, 37.340501369607246 ], [ -89.448691341555076, 37.34003224054608 ], [ -89.450969135734269, 37.339494063849024 ], [ -89.452377334432285, 37.339315239767984 ], [ -89.452773983045816, 37.339269566100597 ], [ -89.454002514602919, 37.339128093007965 ], [ -89.455499120307124, 37.339109529539726 ], [ -89.456420853668874, 37.339079009971499 ], [ -89.458573718869516, 37.33903152471909 ], [ -89.460894191390977, 37.338859671477621 ], [ -89.465594541005331, 37.33860914263223 ], [ -89.465826279828036, 37.338597475289994 ], [ -89.46921236401063, 37.338387360285338 ], [ -89.474465814073895, 37.337838055110602 ], [ -89.475802925950887, 37.337601637395686 ], [ -89.477262827977682, 37.337409085665939 ], [ -89.478700780477183, 37.337155916718686 ], [ -89.480089807880901, 37.336881193369777 ], [ -89.48120725492771, 37.336537824101455 ], [ -89.482629264853571, 37.336104418622945 ], [ -89.484185184333398, 37.335329800965852 ], [ -89.485070430231829, 37.334532246561686 ], [ -89.485569266588826, 37.333885145560558 ], [ -89.485830767154013, 37.333472170702073 ], [ -89.48601852290453, 37.333322503190914 ], [ -89.486269337496665, 37.333037344886151 ], [ -89.486473721700705, 37.332729129740457 ], [ -89.486598767219874, 37.332521513952983 ], [ -89.486865941474164, 37.332030924252749 ], [ -89.486986982763923, 37.331763581774823 ], [ -89.487180582313343, 37.331395437435027 ], [ -89.487366142652604, 37.331054148665523 ], [ -89.487484910169044, 37.330835506847919 ], [ -89.487746018533812, 37.330474787219167 ], [ -89.487918996052159, 37.330257756112715 ], [ -89.488128629017183, 37.329982206874682 ], [ -89.489115223065326, 37.328744902907445 ], [ -89.490024540824777, 37.327696601611841 ], [ -89.490832975987729, 37.326839378080983 ], [ -89.491350185002077, 37.326371125399405 ], [ -89.491812895948655, 37.325996540700181 ], [ -89.492015740055763, 37.325865097185094 ], [ -89.492263611661912, 37.32569080487329 ], [ -89.492883045998866, 37.325326251564078 ], [ -89.493452109533365, 37.325016994845328 ], [ -89.494275873655326, 37.324595463872015 ], [ -89.495258261692868, 37.324125114255843 ], [ -89.495879576179817, 37.323805719584264 ], [ -89.49612525375106, 37.323672239468493 ], [ -89.49646836405644, 37.323482430067024 ], [ -89.496695786039965, 37.323346941671147 ], [ -89.496695874568033, 37.323345036995967 ], [ -89.496819836955751, 37.323269602426059 ], [ -89.496928691058685, 37.323202932941598 ], [ -89.497198287267736, 37.323025503265512 ], [ -89.497439225244079, 37.322859708879633 ], [ -89.497646428402618, 37.322720366914751 ], [ -89.497859864631991, 37.322574278308032 ], [ -89.498121003762563, 37.322395625479579 ], [ -89.498370902092148, 37.322223434812926 ], [ -89.498564281993964, 37.32209034136055 ], [ -89.498683610538279, 37.322007476996539 ], [ -89.498885317381166, 37.321865389595466 ], [ -89.499239062335263, 37.321616200986071 ], [ -89.499445388174479, 37.321466015658373 ], [ -89.499577438661007, 37.32137090672181 ], [ -89.499734756392385, 37.32125518907376 ], [ -89.499902144667487, 37.321132002403125 ], [ -89.500043231748279, 37.321025510417115 ], [ -89.500212103446543, 37.320896543500091 ], [ -89.500462725652696, 37.320700795450016 ], [ -89.500653747605526, 37.320547516748583 ], [ -89.500775094792218, 37.320447235176651 ], [ -89.500906512432962, 37.32033948547852 ], [ -89.501005154689778, 37.320256977384467 ], [ -89.501082485864472, 37.320188399360241 ], [ -89.501152037769131, 37.320130268986155 ], [ -89.501328235203474, 37.319974334811022 ], [ -89.501613682273572, 37.319716788527508 ], [ -89.501736959910772, 37.319601030731938 ], [ -89.50181217699172, 37.319525593780916 ], [ -89.501908839404408, 37.319433317680392 ], [ -89.502031217749419, 37.31931073709859 ], [ -89.502112907650385, 37.319226755043886 ], [ -89.502221483909082, 37.319113474346651 ], [ -89.502318683944168, 37.319009563658021 ], [ -89.502429866005841, 37.318892476792485 ], [ -89.502576924985831, 37.318735677382726 ], [ -89.502677767139687, 37.318631875053775 ], [ -89.502765928876698, 37.318539346643021 ], [ -89.502869468006622, 37.318429798422613 ], [ -89.502976601602668, 37.318321327681367 ], [ -89.503071103177959, 37.318223161994332 ], [ -89.503172032748793, 37.318117420253813 ], [ -89.503269051362267, 37.318017387327657 ], [ -89.503383917453718, 37.317899436362822 ], [ -89.503495051220881, 37.317783317298371 ], [ -89.50362659582153, 37.317646445002694 ], [ -89.503736469521115, 37.317531258733922 ], [ -89.503875835573083, 37.317382967371152 ], [ -89.504044602577295, 37.317203509637707 ], [ -89.50420837869197, 37.317026816780967 ], [ -89.504355654919365, 37.316865167986172 ], [ -89.504468539340962, 37.316737450458966 ], [ -89.504590458750059, 37.316598349876692 ], [ -89.504658387132011, 37.316522695394937 ], [ -89.504743172735175, 37.316424240907729 ], [ -89.504838343701408, 37.316311531469026 ], [ -89.504977299818449, 37.316145752693465 ], [ -89.505123043840214, 37.31596464122584 ], [ -89.505237992581172, 37.315818538838954 ], [ -89.505392096395497, 37.315614375697109 ], [ -89.505626277079969, 37.315287963546261 ], [ -89.505821786909067, 37.314984807974689 ], [ -89.5060355106977, 37.314626286677374 ], [ -89.506157521013165, 37.314386397067736 ], [ -89.506231254158465, 37.314237922894677 ], [ -89.506359467717829, 37.313944219000788 ], [ -89.506601762174782, 37.313352580171326 ], [ -89.50668401208371, 37.313129135436618 ], [ -89.506847759073025, 37.312680954963071 ], [ -89.506967220934982, 37.31231833934649 ], [ -89.507108492167688, 37.311897250570624 ], [ -89.507178948099579, 37.311664770807219 ], [ -89.507309970658923, 37.311207145403564 ], [ -89.507555144054663, 37.310295210980222 ], [ -89.507685718102536, 37.309795618167421 ], [ -89.507968491865114, 37.308793256215118 ], [ -89.508343078693272, 37.307612440059451 ], [ -89.508788542074015, 37.306241107261613 ], [ -89.508962446153461, 37.305668708137325 ], [ -89.509045777605152, 37.305377199432229 ], [ -89.509202554879963, 37.304878378165569 ], [ -89.509355094608893, 37.30441947868654 ], [ -89.509693896023364, 37.30349504635835 ], [ -89.509909377788873, 37.302965538407506 ], [ -89.510235995067845, 37.302200934151813 ], [ -89.510855769612604, 37.300878598304202 ], [ -89.510973969411012, 37.30064561748619 ], [ -89.511077159246753, 37.300427449295022 ], [ -89.511292632566651, 37.300000916633714 ], [ -89.511965787313628, 37.298710661760047 ], [ -89.512251336556034, 37.298162238365357 ], [ -89.512617734676596, 37.297465545032445 ], [ -89.512847767876337, 37.297016515661944 ], [ -89.513116254463966, 37.296492415774033 ], [ -89.51334759029659, 37.296032020336348 ], [ -89.513715983418948, 37.295283351882738 ], [ -89.514003329040264, 37.294659323558285 ], [ -89.514240051067858, 37.294126530328015 ], [ -89.514500566519956, 37.293499175011576 ], [ -89.514600727268444, 37.293242773830237 ], [ -89.514730713888909, 37.292909063665874 ], [ -89.514825928926484, 37.292656330162281 ], [ -89.514937733202203, 37.292354503523761 ], [ -89.515023324914679, 37.292103392530414 ], [ -89.515068146938802, 37.291959780386698 ], [ -89.515194241395392, 37.291606885280274 ], [ -89.515280632206213, 37.291390124783163 ], [ -89.515392628073428, 37.291121765512109 ], [ -89.515500537237358, 37.290866454874518 ], [ -89.515683472483602, 37.290471372530526 ], [ -89.516099460648661, 37.289577798483691 ], [ -89.516221566094544, 37.289319044823351 ], [ -89.516306743437298, 37.28912050094565 ], [ -89.516430277126418, 37.288822831911823 ], [ -89.516535278597644, 37.288564664007765 ], [ -89.516712876972548, 37.288026396191263 ], [ -89.516764306382981, 37.287842930538403 ], [ -89.516825248414165, 37.287556765290738 ], [ -89.516875601894384, 37.287293173136526 ], [ -89.516906193983232, 37.287095744042205 ], [ -89.516972936516595, 37.286529383745645 ], [ -89.516990962555212, 37.286344968045228 ], [ -89.517006813481487, 37.286156640283707 ], [ -89.517022576436631, 37.285970216339955 ], [ -89.517044810458287, 37.285488394667013 ], [ -89.517041701330442, 37.28536068032836 ], [ -89.517041747350504, 37.285192716051888 ], [ -89.517034719676062, 37.284931246952794 ], [ -89.51701861831998, 37.284762954712932 ], [ -89.517002869618224, 37.28458704538739 ], [ -89.516978728260128, 37.284386096366674 ], [ -89.516948503448589, 37.284213574286134 ], [ -89.51688214310974, 37.28389314569548 ], [ -89.516811445160485, 37.283511565894273 ], [ -89.516739506483503, 37.283105157958687 ], [ -89.516644340901067, 37.282633226718758 ], [ -89.516549283724856, 37.282262370265308 ], [ -89.516495929653288, 37.282073909840214 ], [ -89.516439575772438, 37.281898710432145 ], [ -89.516386760246704, 37.281750314114426 ], [ -89.516299149884489, 37.281528425223144 ], [ -89.516199836486166, 37.281330625282372 ], [ -89.516124588587971, 37.281125310508784 ], [ -89.516002282275721, 37.280791593447262 ], [ -89.515849289754499, 37.280468213165619 ], [ -89.515728228692552, 37.280247245427802 ], [ -89.515568411010378, 37.279986994394349 ], [ -89.515362334788065, 37.279694867184666 ], [ -89.515168186068507, 37.27945458159148 ], [ -89.515018891128605, 37.279276642099795 ], [ -89.514894581410132, 37.279126136878077 ], [ -89.514630872686169, 37.278841845307177 ], [ -89.514442208655367, 37.278637953015675 ], [ -89.514214612817909, 37.278398586310274 ], [ -89.513879755218738, 37.278053077620015 ], [ -89.513607048410293, 37.277757076469619 ], [ -89.513264335405793, 37.277375100858073 ], [ -89.51303612250517, 37.277097573760578 ], [ -89.512829184971011, 37.27682448748125 ], [ -89.512396950946339, 37.276262515623799 ], [ -89.512044621459196, 37.275830670874036 ], [ -89.511554053218973, 37.275240278188683 ], [ -89.51115880404673, 37.274782118138319 ], [ -89.511157748609548, 37.27478095089338 ], [ -89.510915101449939, 37.27450438509625 ], [ -89.510161146895868, 37.273675464029935 ], [ -89.509712563474196, 37.273201064902338 ], [ -89.509116359144059, 37.27258241134296 ], [ -89.50871252471498, 37.272181455551859 ], [ -89.508196858587766, 37.271670403316485 ], [ -89.507742370355032, 37.271229808451864 ], [ -89.50722017222418, 37.270736560270976 ], [ -89.506708517305029, 37.270262921583111 ], [ -89.506275672044637, 37.269870636461398 ], [ -89.505801260443363, 37.269448515361674 ], [ -89.505492221047618, 37.269184042686049 ], [ -89.505169839200434, 37.268913052011555 ], [ -89.504790762695862, 37.268596724499531 ], [ -89.504248144682791, 37.268153511713145 ], [ -89.503527607779702, 37.267584892767424 ], [ -89.502612303019475, 37.266894181713781 ], [ -89.502243132653646, 37.26662200040191 ], [ -89.50186672723558, 37.266351510354177 ], [ -89.501494914396829, 37.266084970563817 ], [ -89.501067505215644, 37.265782457392454 ], [ -89.500547434902188, 37.265419990079799 ], [ -89.500045550091002, 37.265077128368404 ], [ -89.49968001584223, 37.264829838454745 ], [ -89.499175489901361, 37.26449261694102 ], [ -89.498492353931013, 37.264045217617756 ], [ -89.497896125073723, 37.263659396192438 ], [ -89.497301453117558, 37.26327955975205 ], [ -89.496798624964171, 37.262957634541308 ], [ -89.496244442958314, 37.262611301496051 ], [ -89.495625406373804, 37.262222996713597 ], [ -89.495045555555237, 37.261864455456276 ], [ -89.49463760795939, 37.261606357691555 ], [ -89.493869811813795, 37.261133539673025 ], [ -89.493017664944063, 37.260627702782429 ], [ -89.492578227629792, 37.260380107201804 ], [ -89.491999639348506, 37.260046379474446 ], [ -89.491174074248875, 37.2595851801034 ], [ -89.490791922929489, 37.259373958144138 ], [ -89.490170896714048, 37.259044329303507 ], [ -89.489453707186684, 37.258664521991939 ], [ -89.488801290561241, 37.258333283063763 ], [ -89.488204461440404, 37.258028627010674 ], [ -89.48780060780939, 37.257837373871226 ], [ -89.487444956074853, 37.257666806247244 ], [ -89.48704646420731, 37.257483152597771 ], [ -89.486797051957282, 37.257376048579644 ], [ -89.486453042545392, 37.257225715967607 ], [ -89.485528126980228, 37.256850201266921 ], [ -89.484701375029132, 37.25654434343209 ], [ -89.483670914966538, 37.256183459867387 ], [ -89.48264597851724, 37.255853912671327 ], [ -89.481733871025071, 37.255588403241759 ], [ -89.480838750411124, 37.255342462743236 ], [ -89.479575267188309, 37.255002117895486 ], [ -89.478057737046697, 37.254628809682487 ], [ -89.47702758438237, 37.25438274987787 ], [ -89.47574465697808, 37.254080808941275 ], [ -89.474379078967942, 37.253778407392964 ], [ -89.47287253142018, 37.253490479457312 ], [ -89.471664077387729, 37.253269341427107 ], [ -89.470115665970638, 37.252965686568047 ], [ -89.469027539854281, 37.252702802312051 ], [ -89.468169642748236, 37.25254633594804 ], [ -89.466364818907437, 37.252137260575616 ], [ -89.464612182306325, 37.251782671080257 ], [ -89.462855544922832, 37.25119042880911 ], [ -89.46146900297073, 37.250676699865629 ], [ -89.460346445137858, 37.250190132363031 ], [ -89.459902024509233, 37.249897335566175 ], [ -89.459270977448725, 37.249213440230342 ], [ -89.458619471031, 37.24845182735541 ], [ -89.458181207523936, 37.247513480418398 ], [ -89.458005413292298, 37.246891401890821 ], [ -89.457851998955803, 37.245277306915462 ], [ -89.457846239793, 37.244371187787237 ], [ -89.457849603569173, 37.242241350722402 ], [ -89.457972512763973, 37.24167640575925 ], [ -89.458207369489187, 37.241037711390696 ], [ -89.458411833937674, 37.240533034176529 ], [ -89.45849848877269, 37.240227221999412 ], [ -89.45862409479362, 37.239604529812937 ], [ -89.458931161940953, 37.238967995763069 ], [ -89.458966162153231, 37.238900508956718 ], [ -89.45979246847547, 37.23730717711296 ], [ -89.460755436737145, 37.235533739076743 ], [ -89.461055588101942, 37.234979483723549 ], [ -89.461520690690193, 37.23412061163657 ], [ -89.462985192725256, 37.23115743648583 ], [ -89.463822236012703, 37.229495856671718 ], [ -89.46459051306573, 37.228015331603395 ], [ -89.464716142535181, 37.227777331332916 ], [ -89.466097954955586, 37.225159410144819 ], [ -89.466385902152268, 37.224558431385354 ], [ -89.466498582127542, 37.224323253912964 ], [ -89.466930910899237, 37.223324201329397 ], [ -89.467254013983109, 37.222341160591846 ], [ -89.467453613283737, 37.221421894347664 ], [ -89.467540400002051, 37.220595637597391 ], [ -89.467639767250617, 37.219499898432495 ], [ -89.467520264823804, 37.218445811465322 ], [ -89.467397373142092, 37.217608795490733 ], [ -89.467245963038721, 37.216577528632875 ], [ -89.46704787371354, 37.215916244190431 ], [ -89.466417072631259, 37.21394093435336 ], [ -89.465694078301809, 37.211876126724256 ], [ -89.464898921724568, 37.209809159704783 ], [ -89.463968405093098, 37.207545385478269 ], [ -89.462582503219934, 37.203166953372119 ], [ -89.462098866607107, 37.201398415845588 ], [ -89.461939082425445, 37.199919057595274 ], [ -89.461894751810149, 37.19972701043217 ], [ -89.461388012020663, 37.197531682621886 ], [ -89.460987849982615, 37.196555935715587 ], [ -89.4602367922529, 37.19509743917704 ], [ -89.459002657805101, 37.192892010663989 ], [ -89.457854027796998, 37.190920437285833 ], [ -89.457074517606728, 37.189557448474737 ], [ -89.45601771440684, 37.187684985094194 ], [ -89.454689320637186, 37.185519527560558 ], [ -89.454596301431508, 37.185367889796225 ], [ -89.454257057171759, 37.184895111490384 ], [ -89.45301197894635, 37.182930243051736 ], [ -89.451492853222149, 37.180388514638011 ], [ -89.450575080033715, 37.178896049279061 ], [ -89.450092203982493, 37.178146558798268 ], [ -89.448890881882662, 37.176281875017722 ], [ -89.447720182691612, 37.174791437594109 ], [ -89.446161531522051, 37.172585781657574 ], [ -89.445149802157516, 37.171196920587924 ], [ -89.443570430786821, 37.169028712391878 ], [ -89.442050346005388, 37.166775977062571 ], [ -89.441352185421877, 37.165743021820717 ], [ -89.440250951494662, 37.164061847912663 ], [ -89.439925994290221, 37.163504688541586 ], [ -89.439181048368624, 37.162227404122298 ], [ -89.438481012249838, 37.160712845266083 ], [ -89.438295634233441, 37.16031176303202 ], [ -89.437653548488697, 37.158856413032417 ], [ -89.437301507414489, 37.157891679722837 ], [ -89.436926250740001, 37.156396169505932 ], [ -89.435800063634716, 37.153201078986427 ], [ -89.435362735907802, 37.152002465595103 ], [ -89.434962917638828, 37.151286868728832 ], [ -89.434245503116543, 37.150068152905341 ], [ -89.433680702152557, 37.149108662380911 ], [ -89.432238641600563, 37.14700272758688 ], [ -89.431126536933462, 37.145562092181713 ], [ -89.428804219521055, 37.142465802546752 ], [ -89.428413366516352, 37.141972835697622 ], [ -89.42528151282491, 37.13802249629407 ], [ -89.423764809761622, 37.136232257984972 ], [ -89.42223978401212, 37.134364647247516 ], [ -89.421029611960051, 37.132969148242296 ], [ -89.418636615609969, 37.130111479206221 ], [ -89.417633387002525, 37.128924599680865 ], [ -89.416340573589139, 37.127315897749178 ], [ -89.415651513348621, 37.12654192359895 ], [ -89.414688067927273, 37.125279123405342 ], [ -89.414326849405668, 37.124901675088189 ], [ -89.41408016046995, 37.124643898881047 ], [ -89.412635110868464, 37.123385771316748 ], [ -89.411554947075089, 37.122302526998496 ], [ -89.41062714407667, 37.12156121360654 ], [ -89.408743458373962, 37.12016445236555 ], [ -89.407506431123679, 37.11934627100203 ], [ -89.403742427609245, 37.116996061207885 ], [ -89.401895197849086, 37.115850882622475 ], [ -89.399340690803527, 37.114395040781275 ], [ -89.397308319334883, 37.113350177289817 ], [ -89.396719982750227, 37.113022843656559 ], [ -89.394541345881137, 37.111810668310028 ], [ -89.391665755856167, 37.110026845826077 ], [ -89.390871060615481, 37.109530381063806 ], [ -89.389718059134282, 37.108724219788037 ], [ -89.388948796369604, 37.108199604256377 ], [ -89.388139259792524, 37.107509916673862 ], [ -89.386948211415955, 37.106239960967429 ], [ -89.385777570233245, 37.105047718006567 ], [ -89.384986980631339, 37.104214022342873 ], [ -89.384249504783099, 37.103275929477924 ], [ -89.383442601394123, 37.102027306558867 ], [ -89.382914557548972, 37.101240166787548 ], [ -89.381374322845247, 37.098716235295072 ], [ -89.381292497143249, 37.098598901794837 ], [ -89.380248078117319, 37.097101241211696 ], [ -89.379430204794588, 37.095832982277656 ], [ -89.379141690005838, 37.095323003909762 ], [ -89.378622355144103, 37.094102418966052 ], [ -89.377927333864918, 37.092529502693992 ], [ -89.377251691864814, 37.090802973344367 ], [ -89.376353086530941, 37.088202230616417 ], [ -89.375879509656798, 37.086780643452791 ], [ -89.375713840457294, 37.085966012089379 ], [ -89.3756563466617, 37.084628414215096 ], [ -89.37564539861296, 37.084373704747762 ], [ -89.37562370985701, 37.083062321295273 ], [ -89.37564585314945, 37.081588437577835 ], [ -89.375671917380615, 37.080789310112181 ], [ -89.375931239376641, 37.079891304848815 ], [ -89.376247684273565, 37.078551714046888 ], [ -89.376893184277094, 37.076364437026243 ], [ -89.377112314926421, 37.075551938159528 ], [ -89.377643432861191, 37.073997242227108 ], [ -89.378483753988831, 37.071758083575716 ], [ -89.379206410589347, 37.069968292226896 ], [ -89.37927247170883, 37.069820410800354 ], [ -89.380000630606972, 37.068190319581234 ], [ -89.380409452716535, 37.067181217084745 ], [ -89.38047613869233, 37.067039185695556 ], [ -89.381091973654932, 37.065727504306551 ], [ -89.381517460072303, 37.064873109840256 ], [ -89.382110950577143, 37.06377326371593 ], [ -89.382396232538142, 37.063218779200433 ], [ -89.382481971944799, 37.06305212903176 ], [ -89.383248468939811, 37.061600965648886 ], [ -89.383751901425001, 37.060623650351296 ], [ -89.384188419621353, 37.059788856804722 ], [ -89.384665523895563, 37.058858922784033 ], [ -89.385073432851726, 37.058119629440569 ], [ -89.385356683921103, 37.057472907436541 ], [ -89.385408126402822, 37.056896214900171 ], [ -89.385459109548279, 37.056329145632155 ], [ -89.385509969393553, 37.055511492233592 ], [ -89.385483297611117, 37.05480712528864 ], [ -89.385439009633757, 37.053967293332036 ], [ -89.385333858469764, 37.05238350073526 ], [ -89.385334732304074, 37.051352291994355 ], [ -89.385149439206771, 37.05019011407493 ], [ -89.384967931017613, 37.049201529260692 ], [ -89.384815465720934, 37.048107815745226 ], [ -89.384805163747657, 37.047818369720133 ], [ -89.384666907694736, 37.047438280521725 ], [ -89.384478585570633, 37.047083701579787 ], [ -89.384302697318816, 37.046752527137095 ], [ -89.383672290710862, 37.045596037985661 ], [ -89.382983246004187, 37.044408842797438 ], [ -89.382317434587947, 37.043492208379334 ], [ -89.38110419511402, 37.041951677236362 ], [ -89.379949764050906, 37.040692425304755 ], [ -89.379680261328545, 37.040459261871504 ], [ -89.37843705488865, 37.039383661968515 ], [ -89.377331387004233, 37.038617399237275 ], [ -89.375984731921903, 37.037863031289561 ], [ -89.374987649124293, 37.037328664570573 ], [ -89.373862762846244, 37.036728331199598 ], [ -89.372078896240652, 37.035815974750371 ], [ -89.371163200714165, 37.035354240856641 ], [ -89.370305242806609, 37.034942456223284 ], [ -89.369641653142722, 37.034488432872905 ], [ -89.368091013201962, 37.033477149031 ], [ -89.366857169500278, 37.032629761428687 ], [ -89.365228155630845, 37.031750965644086 ], [ -89.363662471240914, 37.031057207742258 ], [ -89.36050539517295, 37.029957972049864 ], [ -89.356873820416368, 37.028728415464471 ], [ -89.356222918101139, 37.028535923847414 ], [ -89.354218791472633, 37.027943214863342 ], [ -89.350984912018234, 37.02694738039326 ], [ -89.348873363883797, 37.026361911173652 ], [ -89.347499997832458, 37.025924448681785 ], [ -89.345363119335374, 37.025116471908859 ], [ -89.341852996802615, 37.023870933664099 ], [ -89.338908906548568, 37.022854808863876 ], [ -89.338153269276148, 37.022555907824554 ], [ -89.335393948348695, 37.021464369770001 ], [ -89.332174524353235, 37.02017935161998 ], [ -89.328744296422357, 37.018781704068729 ], [ -89.325556070216876, 37.017352914034063 ], [ -89.323720634095196, 37.016534626080094 ], [ -89.322510580378079, 37.015957381250828 ], [ -89.321782343726881, 37.015607105473229 ], [ -89.3195742220677, 37.014295309761941 ], [ -89.317306642213779, 37.012971990575465 ], [ -89.316643109403458, 37.012527318257689 ], [ -89.315275045958188, 37.011492126847543 ], [ -89.313702198273802, 37.010219250641285 ], [ -89.312455674300779, 37.009099187076536 ], [ -89.310529512677036, 37.007489483892265 ], [ -89.308358987135392, 37.005658232198336 ], [ -89.306338016091985, 37.003966528256882 ], [ -89.305043168161646, 37.002914230654746 ], [ -89.303508528972841, 37.001603865500059 ], [ -89.302406190745927, 37.00054790679075 ], [ -89.301978282905623, 37.000085903749103 ], [ -89.300944700818249, 36.998969942509511 ], [ -89.298301125831316, 36.996497315008043 ], [ -89.296336082997925, 36.994652995173787 ], [ -89.294036329433879, 36.992528331800642 ], [ -89.29251969405567, 36.991102746374239 ], [ -89.290979887857148, 36.98990771622239 ], [ -89.290005754675178, 36.989433908858707 ], [ -89.28959774438259, 36.989298610305553 ], [ -89.289107177562357, 36.989135933672991 ], [ -89.287794377447128, 36.988709332058228 ], [ -89.286274389089627, 36.988343687376101 ], [ -89.285192626559777, 36.988107406737342 ], [ -89.283987169649009, 36.987944338669571 ], [ -89.282668110790382, 36.987958869815017 ], [ -89.28105384867267, 36.988152065053157 ], [ -89.279087804813599, 36.988578021711753 ], [ -89.277656656899211, 36.988931067845158 ], [ -89.27698345307779, 36.989097130998616 ], [ -89.275325860762322, 36.98967900596309 ], [ -89.274111454120543, 36.990147999115479 ], [ -89.273252890232939, 36.990550142408019 ], [ -89.272274588213108, 36.991163080214577 ], [ -89.271228909567625, 36.991910431777917 ], [ -89.270157976391204, 36.992676485483166 ], [ -89.268759225328665, 36.993929611077796 ], [ -89.268176923077647, 36.99449905759456 ], [ -89.266575536960275, 36.996065026746436 ], [ -89.265385914861071, 36.997266178848093 ], [ -89.265375285299058, 36.997277662105951 ], [ -89.26380674425566, 36.998971947561948 ], [ -89.263036032169509, 37.000059488500447 ], [ -89.262516919446313, 37.001223229499999 ], [ -89.261833472058996, 37.002762149354147 ], [ -89.261369092888728, 37.003800820743777 ], [ -89.261086146795392, 37.004611143508072 ], [ -89.260738386989516, 37.005751020333825 ], [ -89.260385638327705, 37.006744445022193 ], [ -89.259877339122454, 37.008181593769841 ], [ -89.259691947101032, 37.00874717923508 ], [ -89.259519787011968, 37.009272392348741 ], [ -89.25910648495703, 37.010507723913392 ], [ -89.258739541823999, 37.012037105176567 ], [ -89.258346095723425, 37.013858236053338 ], [ -89.257976245566113, 37.015446038609433 ], [ -89.25782391930457, 37.016318991749031 ], [ -89.257766158817503, 37.016999873322831 ], [ -89.257861193415437, 37.01803668429946 ], [ -89.258267568950274, 37.019668502555874 ], [ -89.258653115964137, 37.020733990858389 ], [ -89.259244841470533, 37.022059563378363 ], [ -89.259833316011168, 37.023057301883995 ], [ -89.260479210310976, 37.023922319798885 ], [ -89.261160865591265, 37.024655793196025 ], [ -89.262081134913927, 37.025484565450199 ], [ -89.2630159559112, 37.026265025453995 ], [ -89.264462540907431, 37.027276177454034 ], [ -89.265463069049233, 37.027976125670669 ], [ -89.267272714667854, 37.029256803291162 ], [ -89.268518657934877, 37.030144551932118 ], [ -89.272270963586848, 37.032515588325779 ], [ -89.274935540471503, 37.034247635965556 ], [ -89.276513672950529, 37.035311546927829 ], [ -89.277428985025836, 37.035749931603405 ], [ -89.27841909351497, 37.036151646494808 ], [ -89.279469472073998, 37.036564999086004 ], [ -89.281324193134949, 37.03734002429249 ], [ -89.283381948431241, 37.038160487853837 ], [ -89.284972843204812, 37.038717534405777 ], [ -89.286742652245323, 37.039348438499417 ], [ -89.288550834331176, 37.039941506407068 ], [ -89.290202073327251, 37.04051012768597 ], [ -89.29189861202623, 37.041148415515579 ], [ -89.29393609727569, 37.042031417024596 ], [ -89.295088693628358, 37.042507301038277 ], [ -89.29590405872618, 37.04284393944922 ], [ -89.297726284216751, 37.04365187616844 ], [ -89.29881095976593, 37.044114897797762 ], [ -89.300010985096236, 37.044708301750383 ], [ -89.301282974877552, 37.045323446292613 ], [ -89.301959843064537, 37.045666425136538 ], [ -89.302972481921373, 37.046361234214331 ], [ -89.304128892379524, 37.04735311126214 ], [ -89.305337571941038, 37.048522162421911 ], [ -89.305693876870563, 37.048952653557762 ], [ -89.306299517752663, 37.049761533875248 ], [ -89.307337092038054, 37.051198316013043 ], [ -89.308252863532829, 37.052387468609538 ], [ -89.308898784589019, 37.053119567664808 ], [ -89.309373197280863, 37.05387557894273 ], [ -89.310051688816799, 37.054940290006769 ], [ -89.310351420892403, 37.055534808578557 ], [ -89.310615399731248, 37.056615865429556 ], [ -89.31072614596232, 37.05759461906004 ], [ -89.310730366898696, 37.05851153686563 ], [ -89.310656958417397, 37.059523567811496 ], [ -89.310479980096531, 37.060161757348695 ], [ -89.309989125142721, 37.062253126123203 ], [ -89.309574817801206, 37.06367093901698 ], [ -89.309376247839197, 37.064350443541748 ], [ -89.30857416321507, 37.067085560063333 ], [ -89.308183191339339, 37.068370529609979 ], [ -89.307727836483707, 37.069774020673229 ], [ -89.294449647149762, 37.067440358472659 ], [ -89.283650567128461, 37.066883937697646 ], [ -89.283717103717919, 37.065917625058759 ], [ -89.28146509958664, 37.065811901366224 ], [ -89.280627926733473, 37.06540043357581 ], [ -89.272137221059438, 37.06514469514169 ], [ -89.265626247566956, 37.064958416201641 ], [ -89.263775285497047, 37.064832505677188 ], [ -89.263050510791416, 37.064721866797235 ], [ -89.261993636645101, 37.064434945072009 ], [ -89.261367993990504, 37.064288413234721 ], [ -89.26067393897327, 37.064295763358921 ], [ -89.260105409713489, 37.064472873310429 ], [ -89.259801809911338, 37.064707109204676 ], [ -89.259565850241358, 37.065050762578373 ], [ -89.259490729450192, 37.065340977160616 ], [ -89.259381070282132, 37.065591089129967 ], [ -89.25474225919784, 37.072056954922701 ], [ -89.254099454364109, 37.071022329508395 ], [ -89.253501919116999, 37.07005740317156 ], [ -89.252622189512209, 37.068644667564087 ], [ -89.251946344484949, 37.067540715799673 ], [ -89.250919741286211, 37.065899005488085 ], [ -89.250025552416062, 37.064534558608706 ], [ -89.248407520423115, 37.06205486316972 ], [ -89.247581996795446, 37.060780349777602 ], [ -89.247423363751111, 37.060534848783199 ], [ -89.245671277121616, 37.057823210955931 ], [ -89.24497468365675, 37.056650295855171 ], [ -89.244525562608899, 37.055641267627387 ], [ -89.243696055637642, 37.053956983385469 ], [ -89.243155539092413, 37.052828019148428 ], [ -89.242779378073891, 37.052013692388428 ], [ -89.241660503398194, 37.049591417706431 ], [ -89.240102438808378, 37.046401563019714 ], [ -89.238819799064686, 37.043795852519182 ], [ -89.238071828776199, 37.042435965289798 ], [ -89.236928206331996, 37.040712405556476 ], [ -89.235705606087961, 37.03935693511027 ], [ -89.233959672145616, 37.03776050365753 ], [ -89.233544299846216, 37.037440539324329 ], [ -89.232190103067509, 37.036397364309529 ], [ -89.230182493654752, 37.034929098668641 ], [ -89.229366107412929, 37.034289570559189 ], [ -89.228261912577551, 37.033424559288264 ], [ -89.226010582204907, 37.031967972037748 ], [ -89.224113561266833, 37.030727444892719 ], [ -89.221407159479313, 37.029129486006269 ], [ -89.218890417270075, 37.027878866552818 ], [ -89.21667205714553, 37.026745003857918 ], [ -89.213360681737555, 37.025088537591337 ], [ -89.211119169359534, 37.023934328164195 ], [ -89.209446138165788, 37.023073280574025 ], [ -89.208391461771441, 37.022530456112143 ], [ -89.205333030396531, 37.020686810814048 ], [ -89.204238615011832, 37.019949561857914 ], [ -89.203254479411967, 37.019196330468397 ], [ -89.202174179291902, 37.018176684941785 ], [ -89.201576719504345, 37.017474842540373 ], [ -89.200994323993385, 37.016714964634616 ], [ -89.200293908510233, 37.015639211257188 ], [ -89.199691622080749, 37.014547095761209 ], [ -89.199077208429969, 37.013210770325934 ], [ -89.198636688255391, 37.012045815641088 ], [ -89.19840259036323, 37.0113751195452 ], [ -89.197906724531407, 37.009857288889386 ], [ -89.197508490883621, 37.008576655018182 ], [ -89.197423757606686, 37.008293288782099 ], [ -89.196716429552723, 37.005927750381154 ], [ -89.195883628996171, 37.003121489178838 ], [ -89.195207713981532, 37.000827401776256 ], [ -89.195057195888765, 37.000188641190149 ], [ -89.1949591200067, 36.999717360520982 ], [ -89.19506696512822, 36.99828716885299 ], [ -89.195102447282878, 36.997088719081944 ], [ -89.195157838425132, 36.99573486472795 ], [ -89.195211282359963, 36.994419958053115 ], [ -89.195191103311942, 36.994045017546547 ], [ -89.19514818516673, 36.993247602525301 ], [ -89.195007398987357, 36.992170280022293 ], [ -89.194904006985567, 36.99083083322278 ], [ -89.194850136967219, 36.989717289193365 ], [ -89.194775391159723, 36.988534806181427 ], [ -89.194583648373381, 36.986773154457268 ], [ -89.194291403162609, 36.985320363933482 ], [ -89.193756910337342, 36.983606222288053 ], [ -89.193430751315674, 36.982738833788389 ], [ -89.193263206257782, 36.982293252257044 ], [ -89.192226300853193, 36.980172859927222 ], [ -89.191899573899249, 36.979669670369425 ], [ -89.191605429794421, 36.979216651494639 ], [ -89.190597677293042, 36.977974931248056 ], [ -89.18893269445509, 36.976263449675507 ], [ -89.187069234305099, 36.974633337600523 ], [ -89.186074177563199, 36.973869873900718 ], [ -89.185014082584956, 36.973192084091487 ], [ -89.183029312313153, 36.972289464441261 ], [ -89.181620709137064, 36.971775973571191 ], [ -89.179767995295393, 36.971150628939853 ], [ -89.178988954766538, 36.970930469030328 ], [ -89.178144366035042, 36.970805717709979 ], [ -89.176320250327151, 36.970581104247792 ], [ -89.175404987736712, 36.970491199565224 ], [ -89.174989782322015, 36.97045041199727 ], [ -89.174122889252317, 36.970285902326964 ], [ -89.172926405109692, 36.970149757677831 ], [ -89.171529904984837, 36.970124174650479 ], [ -89.169691175623228, 36.970191568721937 ], [ -89.168136839700153, 36.970404663777103 ], [ -89.166414474158486, 36.970817111355728 ], [ -89.164967773242026, 36.97130671912182 ], [ -89.162687764896376, 36.972213954677116 ], [ -89.161004625988681, 36.973011953365301 ], [ -89.160156403451396, 36.973442857887328 ], [ -89.158782920192451, 36.97392500693681 ], [ -89.15713753648744, 36.974495852020524 ], [ -89.156800802395836, 36.974636084390248 ], [ -89.156094619334894, 36.97493016797079 ], [ -89.154901157085177, 36.975457117473496 ], [ -89.152945943468509, 36.976144638313386 ], [ -89.151111560558888, 36.976841254252456 ], [ -89.150343429764533, 36.97713294327616 ], [ -89.147929772467279, 36.97799078873949 ], [ -89.146718331640614, 36.978390285104396 ], [ -89.146400154630655, 36.97847888049251 ], [ -89.144930585689011, 36.978888059876873 ], [ -89.143592018545306, 36.979156604890143 ], [ -89.142283129861013, 36.979318821956646 ], [ -89.141100029208189, 36.979397346693631 ], [ -89.140239673053784, 36.979583893053061 ], [ -89.139502645648918, 36.97973543970398 ], [ -89.138551207246678, 36.980031934001126 ], [ -89.138057596862453, 36.980185752820418 ], [ -89.137381198550955, 36.980421074274226 ], [ -89.136622203800997, 36.98068512512139 ], [ -89.134999324561946, 36.981285644701025 ], [ -89.133118104777466, 36.981945982507476 ], [ -89.13286649740698, 36.982034445588312 ], [ -89.131620486910435, 36.982472520097637 ], [ -89.12908137488526, 36.983160082858205 ], [ -89.127966583593846, 36.983328476876643 ], [ -89.126561500932524, 36.983467869876975 ], [ -89.126298413453682, 36.983462680618842 ], [ -89.125055594859433, 36.983438156258735 ], [ -89.123115983007978, 36.983091911168131 ], [ -89.121458991082974, 36.982686614291474 ], [ -89.120698820180849, 36.982465702129232 ], [ -89.119530315651303, 36.982126113020428 ], [ -89.117964264327682, 36.981606714750576 ], [ -89.11614512280461, 36.980805934123218 ], [ -89.114619263028402, 36.979975729295305 ], [ -89.113083780348845, 36.979096426816042 ], [ -89.111401986678075, 36.977987999242799 ], [ -89.110297495620259, 36.977239829556822 ], [ -89.108840173836867, 36.976021702580397 ], [ -89.107381688130445, 36.974588965177873 ], [ -89.105455057001947, 36.972565434451468 ], [ -89.103390167252797, 36.970156983965559 ], [ -89.10151854771928, 36.967774360434497 ], [ -89.100726391135893, 36.966626773571733 ], [ -89.100041767993474, 36.965277917191997 ], [ -89.099961697102145, 36.965082590502718 ], [ -89.099620309489595, 36.964249794508554 ], [ -89.099317312736304, 36.96280621197765 ], [ -89.099103535983986, 36.96104373151725 ], [ -89.098940695941693, 36.958522233744681 ], [ -89.098901750945728, 36.956667980720823 ], [ -89.099018824744007, 36.954614058433258 ], [ -89.099620742157612, 36.950918162881422 ], [ -89.099683211672158, 36.950482581624684 ], [ -89.099960398910696, 36.948549726900779 ], [ -89.100149802389282, 36.947219864482065 ], [ -89.100521039274724, 36.945184048328024 ], [ -89.100801119474028, 36.94398777737559 ], [ -89.100847325051362, 36.94379041824611 ], [ -89.101179765724851, 36.942514018322065 ], [ -89.101537734834338, 36.940975139460889 ], [ -89.102112102794564, 36.939004509065917 ], [ -89.102737149177145, 36.937230590280244 ], [ -89.103182760278727, 36.93622522569629 ], [ -89.103231376470376, 36.93611553962608 ], [ -89.104264883105117, 36.933477304633122 ], [ -89.104890043705879, 36.931937435564599 ], [ -89.105672391528969, 36.929934602428766 ], [ -89.106511634063082, 36.927767837687362 ], [ -89.107042877704586, 36.926400416642288 ], [ -89.108206778999019, 36.923581119361067 ], [ -89.108597990461803, 36.92236564986753 ], [ -89.108654064643204, 36.922191429343073 ], [ -89.10908451031591, 36.920654895452074 ], [ -89.109710218305381, 36.918383571219316 ], [ -89.110623961191749, 36.91474657536471 ], [ -89.111418079959819, 36.911788327574939 ], [ -89.1122930377405, 36.90843286635355 ], [ -89.112381544097843, 36.908091511106669 ], [ -89.112912332067452, 36.906044276573418 ], [ -89.113652549219481, 36.902947703965175 ], [ -89.114253428976241, 36.900441469479972 ], [ -89.114931187013624, 36.897615911602863 ], [ -89.115611356599004, 36.894741664120595 ], [ -89.115901871888369, 36.893514693579256 ], [ -89.11633771102737, 36.891673870786292 ], [ -89.117060538405369, 36.888674222856025 ], [ -89.117864023829995, 36.88647692163353 ], [ -89.118364825847706, 36.885459530137148 ], [ -89.11904884552618, 36.883940992683549 ], [ -89.119686389620156, 36.882859798370639 ], [ -89.120119911554781, 36.882210796951249 ], [ -89.120819204528601, 36.881144570223647 ], [ -89.121422402580194, 36.880224833919712 ], [ -89.122313375779683, 36.87885046872244 ], [ -89.123081630276644, 36.877665352354555 ], [ -89.124588707737516, 36.875471476137847 ], [ -89.125207871012591, 36.874750494355382 ], [ -89.126198747512689, 36.872920090947922 ], [ -89.126782879399173, 36.871690818988597 ], [ -89.127267887057357, 36.870741135384506 ], [ -89.12809687265927, 36.86874938674449 ], [ -89.128653129383309, 36.867109582227933 ], [ -89.129168578779101, 36.865556218134664 ], [ -89.129608369801616, 36.86422094793798 ], [ -89.12981371696003, 36.863597467377325 ], [ -89.130244608659751, 36.862275402640435 ], [ -89.130846943928091, 36.860442033691811 ], [ -89.13119575425371, 36.859302589451879 ], [ -89.131748418958878, 36.85773091748856 ], [ -89.131953264337412, 36.857279217985095 ], [ -89.13224439579659, 36.856801071005165 ], [ -89.132615592411099, 36.856179242742073 ], [ -89.133772856808562, 36.854168882143178 ], [ -89.134335587211979, 36.853358232975054 ], [ -89.13558296785655, 36.851243506521378 ], [ -89.136100137637428, 36.85037284814544 ], [ -89.136560527382699, 36.849609322933837 ], [ -89.137755358811063, 36.847627692455291 ], [ -89.138003693236001, 36.847274922900453 ], [ -89.14766018138242, 36.84709132331534 ], [ -89.148464184651473, 36.847029639304537 ], [ -89.150201053962803, 36.846998208975698 ], [ -89.151176519111587, 36.847146875114177 ], [ -89.15180699878438, 36.847157564374548 ], [ -89.152466107792137, 36.847081402553364 ], [ -89.153166446789484, 36.846909045312344 ], [ -89.153642455480082, 36.846612382691895 ], [ -89.154242054128119, 36.846270958729924 ], [ -89.154710822553099, 36.845876529060206 ], [ -89.155319687234638, 36.8453500966273 ], [ -89.155672576649437, 36.845088448035895 ], [ -89.15584560278424, 36.845025782748337 ], [ -89.155886829143483, 36.844929589840156 ], [ -89.155954726651345, 36.844785497073367 ], [ -89.156007090588773, 36.844709170928603 ], [ -89.156156862435552, 36.844626245965827 ], [ -89.156270777428517, 36.844532406665884 ], [ -89.15631346715459, 36.844407003555503 ], [ -89.1563585971343, 36.844232914980424 ], [ -89.156393075898563, 36.844029223182417 ], [ -89.156447392202082, 36.84391394863998 ], [ -89.15668928505093, 36.843687714099111 ], [ -89.156934507732117, 36.843637136762538 ], [ -89.157230141309356, 36.843549179437275 ], [ -89.157589763964424, 36.843395023816484 ], [ -89.157816122808867, 36.843236553750508 ], [ -89.158089963028061, 36.843099125221805 ], [ -89.158160417213168, 36.843061004851414 ], [ -89.158464134862243, 36.842896673218966 ], [ -89.158773830049896, 36.842770156443301 ], [ -89.159059294278251, 36.842642854800282 ], [ -89.159379150798301, 36.842555675701711 ], [ -89.159561845273501, 36.842542081163636 ], [ -89.159936911192801, 36.842563967000466 ], [ -89.160407919012869, 36.842608461121579 ], [ -89.160806725989389, 36.842640866107871 ], [ -89.161024302230587, 36.842657654906546 ], [ -89.161280172240922, 36.842636671094887 ], [ -89.161876227573273, 36.842607181067606 ], [ -89.162204297965872, 36.842598282753492 ], [ -89.162580826313885, 36.842590949127015 ], [ -89.163030530995556, 36.842576227406909 ], [ -89.16354080859891, 36.842563462525284 ], [ -89.163808792058759, 36.842542863803573 ], [ -89.164267688310659, 36.842586951194392 ], [ -89.164881641923941, 36.842684810118946 ], [ -89.16553291529776, 36.842764366995155 ], [ -89.166063042519141, 36.842840005862804 ], [ -89.16659803845053, 36.842818273045374 ], [ -89.167076841125692, 36.842706947224869 ], [ -89.167578898385685, 36.842615876414698 ], [ -89.168011185652972, 36.842464034358152 ], [ -89.168505505130952, 36.842284933545145 ], [ -89.169157798872178, 36.842101177395833 ], [ -89.170093589616087, 36.841829035017653 ], [ -89.170848142281216, 36.841541286847779 ], [ -89.171333251770804, 36.841303360759134 ], [ -89.171905589764776, 36.841019480809742 ], [ -89.172612675773522, 36.840466863956273 ], [ -89.173203435220401, 36.840056785167924 ], [ -89.173760273183532, 36.839596845160109 ], [ -89.174070446334738, 36.839216729336862 ], [ -89.174283218222953, 36.83884322596046 ], [ -89.17434284661023, 36.838620832676426 ], [ -89.174386473452444, 36.838475946069117 ], [ -89.174487273091131, 36.838401171083625 ], [ -89.174670928264305, 36.838368078456952 ], [ -89.174865725488374, 36.83835484992931 ], [ -89.175038238296338, 36.838301890523375 ], [ -89.175116264779561, 36.838197123610563 ], [ -89.175233546882779, 36.838035104372452 ], [ -89.175287830540469, 36.837919819233619 ], [ -89.175418681789665, 36.837728978439181 ], [ -89.175506393915981, 36.837673287171008 ], [ -89.175673923917131, 36.837608255463124 ], [ -89.175691987987094, 36.837601242803181 ], [ -89.175911012094716, 36.837588792950626 ], [ -89.176057837257247, 36.837564263948813 ], [ -89.176169776497915, 36.83750935255506 ], [ -89.176325339080392, 36.837309553490421 ], [ -89.176557467896714, 36.837034197739541 ], [ -89.176653429761743, 36.836812973231368 ], [ -89.176734364630875, 36.836649780843665 ], [ -89.176860841912784, 36.836546573022574 ], [ -89.177052256918543, 36.836357680624872 ], [ -89.177194245711505, 36.836186701706715 ], [ -89.177326544867782, 36.835966646659543 ], [ -89.17740796251725, 36.835793717038122 ], [ -89.17751409332341, 36.835611829926371 ], [ -89.177591143053505, 36.835526535145085 ], [ -89.177930844970575, 36.835040076960325 ], [ -89.177980464455729, 36.834875254665732 ], [ -89.178003542214, 36.834798596755562 ], [ -89.178171206971967, 36.834599184567701 ], [ -89.17826667552319, 36.834387694874998 ], [ -89.178480866265005, 36.833984970039872 ], [ -89.178645632428584, 36.833600160176708 ], [ -89.178744978562932, 36.833310772296713 ], [ -89.178798779020681, 36.832961401227045 ], [ -89.178816724999919, 36.832601123834756 ], [ -89.178816737982004, 36.83235730258572 ], [ -89.178877837162588, 36.831374231029265 ], [ -89.178964591323805, 36.830850368975163 ], [ -89.179043584690803, 36.830482303047845 ], [ -89.17911481810026, 36.830270032419833 ], [ -89.179151653130788, 36.830017643875074 ], [ -89.179140034849823, 36.829763695957425 ], [ -89.179067853889123, 36.829507798946423 ], [ -89.179034435309831, 36.829204384518427 ], [ -89.178900753293647, 36.828234549118712 ], [ -89.178859113456468, 36.827609026591702 ], [ -89.178853326256814, 36.826994410184859 ], [ -89.178801514668038, 36.82632954848205 ], [ -89.17879136296753, 36.825802567290829 ], [ -89.178755542377061, 36.825060197593793 ], [ -89.178726015556435, 36.824435064754809 ], [ -89.178738642013386, 36.823694253310187 ], [ -89.178763865708618, 36.822944094970239 ], [ -89.178708193082429, 36.821869488520839 ], [ -89.17866559425633, 36.821019618330688 ], [ -89.178687216726956, 36.820354272852228 ], [ -89.178688390199625, 36.820318146608386 ], [ -89.178767863907936, 36.819696520602463 ], [ -89.178880299265657, 36.81841276144911 ], [ -89.178845435717037, 36.817894737797303 ], [ -89.178816382947247, 36.817503687809804 ], [ -89.178684148447203, 36.816992283693793 ], [ -89.17855724793607, 36.816373768961483 ], [ -89.178570821420905, 36.816101125175727 ], [ -89.178651727605398, 36.815937930482242 ], [ -89.178851799358881, 36.815817581480488 ], [ -89.179230629207353, 36.815517680267085 ], [ -89.179411809194136, 36.815289441081049 ], [ -89.179518387282798, 36.815097813104487 ], [ -89.179546974213608, 36.814767134894574 ], [ -89.179516462613819, 36.814405297488555 ], [ -89.179471903070166, 36.814082018974609 ], [ -89.179470454903665, 36.813867408859146 ], [ -89.179460296967406, 36.813096605577627 ], [ -89.17936003781486, 36.812430184578801 ], [ -89.1792447571747, 36.812065619587351 ], [ -89.179228779278219, 36.811655484737926 ], [ -89.179044722397762, 36.81096686083707 ], [ -89.178970135968186, 36.810515829166526 ], [ -89.17845429465028, 36.809182591351295 ], [ -89.178051792909557, 36.808496689145294 ], [ -89.177674486930343, 36.807792091262627 ], [ -89.176774583342507, 36.806378214686958 ], [ -89.17646446540536, 36.805896129126097 ], [ -89.175986586682399, 36.805153240354294 ], [ -89.175123780945995, 36.80407244846036 ], [ -89.175107548609617, 36.804052115701815 ], [ -89.174530261565607, 36.803224033131052 ], [ -89.173873078939565, 36.802295844959701 ], [ -89.171802841096422, 36.79930327004864 ], [ -89.17085130611855, 36.797955958551114 ], [ -89.170080870326771, 36.797111875284678 ], [ -89.169268788347438, 36.796373725191721 ], [ -89.168538558473756, 36.795696728568117 ], [ -89.167755540161352, 36.795105800058167 ], [ -89.166909570468263, 36.794561597983105 ], [ -89.165612778303029, 36.793817533460903 ], [ -89.164919366939827, 36.793375771840282 ], [ -89.16419450482482, 36.792835462744812 ], [ -89.16337474330642, 36.792253072215544 ], [ -89.162266868121023, 36.791612602994519 ], [ -89.161144759068321, 36.791057767211051 ], [ -89.161000653810092, 36.790986511269395 ], [ -89.159551891561691, 36.790374010142216 ], [ -89.158158815799979, 36.789860820784746 ], [ -89.15725188785143, 36.789568154780859 ], [ -89.156967537562508, 36.789511064501113 ], [ -89.156267460255066, 36.789370502433769 ], [ -89.154814989013886, 36.789154255861916 ], [ -89.153491038521125, 36.789013170820603 ], [ -89.152570389660369, 36.788865493061323 ], [ -89.151663409715056, 36.788688786389578 ], [ -89.150984136950228, 36.788598024982178 ], [ -89.149792343659556, 36.788500467070634 ], [ -89.147962192404918, 36.78847058946976 ], [ -89.145823820698723, 36.788499432045867 ], [ -89.143747883424822, 36.78850079841196 ], [ -89.142407353650228, 36.788447445693599 ], [ -89.141673918869074, 36.788462907149068 ], [ -89.141158939581061, 36.788505105849175 ], [ -89.14041232838909, 36.788539774434525 ], [ -89.139798339875995, 36.788608213410114 ], [ -89.139052714365334, 36.788623263238669 ], [ -89.139027298143887, 36.788622961329594 ], [ -89.138100824699066, 36.788611958618411 ], [ -89.136981714160086, 36.788526456859834 ], [ -89.136290770815748, 36.788425410419094 ], [ -89.135144817125763, 36.788388125765699 ], [ -89.133693598811547, 36.78835071466937 ], [ -89.132863133108259, 36.788353141257694 ], [ -89.132049303576508, 36.788267712902162 ], [ -89.131567097533349, 36.788143971379441 ], [ -89.130763639442577, 36.787852621317846 ], [ -89.130474516860787, 36.787774451506628 ], [ -89.129912257215125, 36.787785597175876 ], [ -89.129230066654515, 36.787753544707776 ], [ -89.128720523410522, 36.78768782984281 ], [ -89.128142284000944, 36.787531480762269 ], [ -89.126611528187141, 36.786892284578357 ], [ -89.125474680972545, 36.786432884280735 ], [ -89.124296503161048, 36.785824803289422 ], [ -89.123481316564863, 36.785209043897474 ], [ -89.122896802165101, 36.784767516812678 ], [ -89.121896442817643, 36.783782183163751 ], [ -89.121555675983544, 36.783408025416364 ], [ -89.121306423335596, 36.78313434756339 ], [ -89.120505595797539, 36.782067126316299 ], [ -89.119975249100122, 36.781205162922696 ], [ -89.119399126876843, 36.780282773903131 ], [ -89.118298155850866, 36.778390557419534 ], [ -89.11756400003614, 36.77697192746232 ], [ -89.117257047899926, 36.776372565273491 ], [ -89.116919454843639, 36.775713363769889 ], [ -89.116510773781457, 36.774619651081991 ], [ -89.116213284255096, 36.773500108291969 ], [ -89.116080790898138, 36.772739530086568 ], [ -89.116087127835684, 36.77213081135708 ], [ -89.116113171674982, 36.77064863471675 ], [ -89.116241772511898, 36.769552843959623 ], [ -89.116371467724449, 36.768918693568367 ], [ -89.116707520046944, 36.766857366398568 ], [ -89.116963724229933, 36.765893423605988 ], [ -89.11735237561922, 36.764482025113033 ], [ -89.117775898471706, 36.763346762392054 ], [ -89.118326844661226, 36.761761105158136 ], [ -89.118390000599689, 36.761579335114838 ], [ -89.118928112057461, 36.760349597018077 ], [ -89.119852250518719, 36.758484252579706 ], [ -89.120427189029172, 36.757491423118886 ], [ -89.120717036633749, 36.757068745186352 ], [ -89.12175831888473, 36.755541135661261 ], [ -89.122390504679657, 36.754864449478333 ], [ -89.123173351215598, 36.754104283098883 ], [ -89.124038514560439, 36.753405725624454 ], [ -89.124543707956917, 36.75306863347226 ], [ -89.125240563388232, 36.752561005100958 ], [ -89.125727300816465, 36.752105449218341 ], [ -89.12590200106645, 36.751787038167905 ], [ -89.135508950409729, 36.751756148520279 ], [ -89.13590859975983, 36.751818253533528 ], [ -89.136144917322952, 36.751973260420755 ], [ -89.136438714721095, 36.752198886898725 ], [ -89.136758855311896, 36.752386083006549 ], [ -89.137067795560952, 36.752553271913534 ], [ -89.137295378453572, 36.75263924259805 ], [ -89.137473728789615, 36.752733433915147 ], [ -89.137587213911758, 36.752904087923682 ], [ -89.137674851625675, 36.753103366282474 ], [ -89.138008167976551, 36.753271345257765 ], [ -89.138248431932496, 36.753347904818355 ], [ -89.138574486697564, 36.75341743058744 ], [ -89.138913370648083, 36.753518576713631 ], [ -89.138934607513903, 36.753524915470216 ], [ -89.139015461519861, 36.753536178957184 ], [ -89.139141300954805, 36.75355370869697 ], [ -89.139311405578297, 36.753569057767976 ], [ -89.139406921363118, 36.753611447688975 ], [ -89.140084657493716, 36.754212934743748 ], [ -89.140695190837477, 36.754694377302748 ], [ -89.141373056360067, 36.755050325028172 ], [ -89.142003658645166, 36.755375269579993 ], [ -89.142451093177485, 36.755458547906969 ], [ -89.142913174134748, 36.755493193069512 ], [ -89.143229515181318, 36.755513284000273 ], [ -89.143518536186008, 36.755591415878243 ], [ -89.144001549213783, 36.755695486418453 ], [ -89.144219912855561, 36.755722216399256 ], [ -89.144439259597235, 36.755729334720726 ], [ -89.144656640745751, 36.755775674281907 ], [ -89.144873040457128, 36.755841625671287 ], [ -89.14520933388502, 36.755950752121386 ], [ -89.145605576338653, 36.756081465672985 ], [ -89.146116897168596, 36.756107873381211 ], [ -89.146580948540759, 36.75610328282098 ], [ -89.146998221123027, 36.756057886154316 ], [ -89.147550521907206, 36.755997224124037 ], [ -89.147937037080453, 36.756078506600204 ], [ -89.14847175111457, 36.756125306693001 ], [ -89.148887058593104, 36.756119126017715 ], [ -89.149605547348287, 36.756152234551109 ], [ -89.150129548472847, 36.756169215205666 ], [ -89.150604806284051, 36.756184614294092 ], [ -89.151064935618507, 36.756258450998928 ], [ -89.151429538322958, 36.756289904299365 ], [ -89.151929170116134, 36.756306087627607 ], [ -89.152148520512853, 36.756313191833812 ], [ -89.15300694552397, 36.756232953354804 ], [ -89.153681595979819, 36.756166402529765 ], [ -89.154442529791837, 36.756082997373589 ], [ -89.155105973431432, 36.755996433294548 ], [ -89.155791827308363, 36.755949875228637 ], [ -89.15651227978627, 36.755943718904071 ], [ -89.15686079450299, 36.755954992700623 ], [ -89.157133773949298, 36.755963822357764 ], [ -89.157799115155271, 36.756083556771934 ], [ -89.158199301166732, 36.756135783226057 ], [ -89.158477135925665, 36.756193874938106 ], [ -89.158812963993455, 36.75631276982984 ], [ -89.159305256730221, 36.756476007418776 ], [ -89.159874533939359, 36.756808698114497 ], [ -89.160327826803282, 36.757019779199531 ], [ -89.160677315337793, 36.757109645530051 ], [ -89.161145244558242, 36.757272089276661 ], [ -89.161597076102495, 36.757512582439468 ], [ -89.16229263979335, 36.757760947982561 ], [ -89.162602151365718, 36.757918268018976 ], [ -89.162875594397136, 36.758064601652059 ], [ -89.163617469428388, 36.758363562628269 ], [ -89.164107341896724, 36.758575810865963 ], [ -89.164840462683827, 36.758805731145443 ], [ -89.165468760654662, 36.759179586787994 ], [ -89.166338359510988, 36.759610334888343 ], [ -89.167145596156161, 36.759822989521211 ], [ -89.167950422443283, 36.759839129718358 ], [ -89.168707965530473, 36.759824274701245 ], [ -89.169348035573407, 36.759717233224762 ], [ -89.170066596031219, 36.759504682030759 ], [ -89.170659379750845, 36.759366644001553 ], [ -89.171736233582891, 36.759067414398594 ], [ -89.172269052690197, 36.758907793498395 ], [ -89.173101183054612, 36.758620308957653 ], [ -89.173828016532582, 36.75824103326454 ], [ -89.174502683207791, 36.757928824982038 ], [ -89.174866848760487, 36.757761072330595 ], [ -89.175339671197364, 36.757543264684365 ], [ -89.175878322041001, 36.757265955480484 ], [ -89.176585146242502, 36.757043163263425 ], [ -89.177304152198232, 36.756820759555914 ], [ -89.177946137783167, 36.756674446357415 ], [ -89.178566183496429, 36.756478315485033 ], [ -89.179047790859428, 36.756366123604806 ], [ -89.180438489699299, 36.755890294071406 ], [ -89.181620055573092, 36.755447013727306 ], [ -89.182530589681789, 36.755053943616367 ], [ -89.183471811897348, 36.754534169767666 ], [ -89.184280430837191, 36.753980665423377 ], [ -89.184812677024979, 36.753585248624532 ], [ -89.18522111049819, 36.753225141039081 ], [ -89.185821569551067, 36.752684585462951 ], [ -89.186500481891684, 36.752038506550505 ], [ -89.187124807476039, 36.751508530652657 ], [ -89.187624349930232, 36.751033477936694 ], [ -89.188463590040868, 36.750353244010284 ], [ -89.189358841504642, 36.749527475812883 ], [ -89.189873457068842, 36.748993966712007 ], [ -89.190693622363526, 36.748205065885927 ], [ -89.191117583457327, 36.747776681935157 ], [ -89.191343634856608, 36.747521616418332 ], [ -89.19265448784661, 36.746067860587871 ], [ -89.192829752611658, 36.745860613047313 ], [ -89.193535943245564, 36.745025539262365 ], [ -89.193961323990962, 36.744567725261611 ], [ -89.194542615022002, 36.743918469343001 ], [ -89.195440567285786, 36.742788265700455 ], [ -89.196217199284035, 36.74188989070668 ], [ -89.197181352018887, 36.740653752888733 ], [ -89.197790269296235, 36.739691069448632 ], [ -89.198179935703976, 36.738966910797579 ], [ -89.19871903395051, 36.737687693992562 ], [ -89.199342349002492, 36.736185268433253 ], [ -89.199974751401271, 36.734250975408706 ], [ -89.200343699899491, 36.732956487458743 ], [ -89.200486349584082, 36.732397047757445 ], [ -89.200510136629646, 36.732303754414602 ], [ -89.200664215424538, 36.731159541982578 ], [ -89.200807555716764, 36.729985520462748 ], [ -89.201064799090091, 36.728481201244371 ], [ -89.201187235149973, 36.727483301870635 ], [ -89.201248273123753, 36.726493260680421 ], [ -89.201339296212495, 36.724895231774418 ], [ -89.201299881217722, 36.723715367290502 ], [ -89.201192032439337, 36.721944013006627 ], [ -89.201061060629499, 36.720888904419063 ], [ -89.200848783239877, 36.719998165668976 ], [ -89.200608188878547, 36.718939551752378 ], [ -89.200323858978066, 36.717916851697133 ], [ -89.200243285009705, 36.717680530280369 ], [ -89.199536283651994, 36.716184670748611 ], [ -89.198881101226789, 36.715122620048469 ], [ -89.198338626495996, 36.71449632534835 ], [ -89.196221970847105, 36.712149975119637 ], [ -89.195167433041618, 36.711271559567159 ], [ -89.193953616892998, 36.710407678074858 ], [ -89.193474604162333, 36.709979828489644 ], [ -89.192636445898984, 36.709167250307218 ], [ -89.192453483406041, 36.708970102211659 ], [ -89.191790973974975, 36.708256215379699 ], [ -89.190997691755683, 36.707523638255182 ], [ -89.189650440899044, 36.706400075075372 ], [ -89.188322198690713, 36.705139604853386 ], [ -89.187662943069213, 36.704411303299366 ], [ -89.187111365204984, 36.703725739134057 ], [ -89.186650380144812, 36.703269184727731 ], [ -89.186404086700463, 36.703025254286672 ], [ -89.185502580873646, 36.702220520300976 ], [ -89.184897956706209, 36.701621639444028 ], [ -89.184095056234483, 36.700839600660657 ], [ -89.183311632440976, 36.699910857494203 ], [ -89.182516572507879, 36.699217456291365 ], [ -89.18167819431693, 36.698660162456001 ], [ -89.18087247454288, 36.698182484345743 ], [ -89.17937017436131, 36.697240442521156 ], [ -89.178412500566537, 36.69663018398662 ], [ -89.177774383682291, 36.696216803710811 ], [ -89.177099257459801, 36.695812051834302 ], [ -89.176715409210175, 36.695436307343243 ], [ -89.176265333746642, 36.695166469914753 ], [ -89.17584253247594, 36.694838577720049 ], [ -89.175115301086592, 36.69425534863003 ], [ -89.174680108342784, 36.69380840650738 ], [ -89.174453829416407, 36.693576015764101 ], [ -89.173757785998617, 36.692856279895416 ], [ -89.173248302681117, 36.692309513798364 ], [ -89.172136823982129, 36.691360320259385 ], [ -89.171256719627351, 36.690664109611603 ], [ -89.170526640249051, 36.690139692664609 ], [ -89.169852093406845, 36.689479558088387 ], [ -89.169425786269144, 36.68884028937152 ], [ -89.169329998198577, 36.688696649473968 ], [ -89.168966194633001, 36.688164380638767 ], [ -89.168537140439611, 36.687227321936632 ], [ -89.168193323871222, 36.686293008029118 ], [ -89.167978080126389, 36.685470876109122 ], [ -89.167899199286865, 36.684849570653853 ], [ -89.167812050751593, 36.683658344097232 ], [ -89.167778474371531, 36.68237062771523 ], [ -89.167812093547681, 36.681448478058748 ], [ -89.167830625330268, 36.679848148263758 ], [ -89.167884698458678, 36.678514147617648 ], [ -89.167973820306955, 36.677947364890031 ], [ -89.168292785699421, 36.676926371882182 ], [ -89.168703289689645, 36.676026186130535 ], [ -89.169248177304269, 36.675120507083719 ], [ -89.169573616035905, 36.674732897750083 ], [ -89.169986854763934, 36.674240709594066 ], [ -89.170209777964828, 36.673349253326464 ], [ -89.169927785405889, 36.67257620764088 ], [ -89.169946626316531, 36.672568696364443 ], [ -89.169437721498213, 36.6719937307859 ], [ -89.169087849010992, 36.671598434626794 ], [ -89.168017387917772, 36.670928877505979 ], [ -89.166865095989849, 36.669790959148415 ], [ -89.166635856663774, 36.66929680292376 ], [ -89.166366632593423, 36.668716446434772 ], [ -89.166335182386675, 36.667233611169031 ], [ -89.166835766829465, 36.666148965358396 ], [ -89.168629169970984, 36.664428571060526 ], [ -89.169677470532974, 36.663425063072339 ], [ -89.171828552711702, 36.661377432131061 ], [ -89.173166824518731, 36.660247923196614 ], [ -89.173997677068087, 36.659595807065408 ], [ -89.175469691332111, 36.658474190751882 ], [ -89.17685126338101, 36.65750234198034 ], [ -89.177750696236814, 36.656805345659606 ], [ -89.179350962869009, 36.65578242103421 ], [ -89.180443161336171, 36.654830268134553 ], [ -89.181723834833278, 36.653709936718769 ], [ -89.183423167829346, 36.652138444468093 ], [ -89.184413057337409, 36.651066823627794 ], [ -89.185411511611676, 36.649821250564109 ], [ -89.186034407661083, 36.648883025572793 ], [ -89.18665137030699, 36.647334843895223 ], [ -89.187368254133915, 36.645521514877224 ], [ -89.187368650119197, 36.645520514035226 ], [ -89.187622888145341, 36.64484968386909 ], [ -89.187895974815277, 36.643739104623599 ], [ -89.188022804814139, 36.64309395914615 ], [ -89.18808575238566, 36.642306046221769 ], [ -89.188108041101245, 36.641590730025463 ], [ -89.18801053139822, 36.640785828840237 ], [ -89.18763352812195, 36.639307010486256 ], [ -89.187294176916964, 36.63799321217364 ], [ -89.187073298275109, 36.637008940742902 ], [ -89.186718519866858, 36.635763596648829 ], [ -89.186206376486268, 36.634556268089142 ], [ -89.185727206899884, 36.633346560512081 ], [ -89.185377203457065, 36.632249570100406 ], [ -89.18500210308288, 36.631122867081885 ], [ -89.184748185736368, 36.630408384137269 ], [ -89.184214650992374, 36.628776824331716 ], [ -89.183549750386177, 36.626841106144198 ], [ -89.183298290426649, 36.625444942666093 ], [ -89.182934838291246, 36.623883778721691 ], [ -89.182513906639599, 36.622675863521145 ], [ -89.181806543051721, 36.620780848326973 ], [ -89.180625607693997, 36.617934470233578 ], [ -89.179913547569342, 36.616136137929878 ], [ -89.179361791231244, 36.614610875617977 ], [ -89.178864218958083, 36.61293656873552 ], [ -89.178271590274832, 36.610899185213633 ], [ -89.17779266716623, 36.608120214444632 ], [ -89.177618478776481, 36.606189422304503 ], [ -89.177805838785133, 36.604736016923347 ], [ -89.178348442595848, 36.603107710507381 ], [ -89.178934237064311, 36.601607106556067 ], [ -89.179519731955864, 36.599475571681808 ], [ -89.179812758889042, 36.598108232367856 ], [ -89.180301161134977, 36.596045802687385 ], [ -89.180784412649757, 36.594087108832014 ], [ -89.181794854469757, 36.591236154396832 ], [ -89.182530200733538, 36.589389444039121 ], [ -89.18293385604629, 36.588389311746553 ], [ -89.183737736045927, 36.586836159269481 ], [ -89.185577605578658, 36.58368942084018 ], [ -89.186456725580229, 36.582622458684042 ], [ -89.187517337945025, 36.581466074860096 ], [ -89.189061175689403, 36.580087079677448 ], [ -89.191875504750541, 36.578082112944713 ], [ -89.1963184828995, 36.575367294617394 ], [ -89.198324229786323, 36.574193388436584 ], [ -89.201534364430515, 36.572534121774325 ], [ -89.204621829886491, 36.570966082711408 ], [ -89.209300490795258, 36.569448638016816 ], [ -89.209395828627976, 36.569434641642786 ], [ -89.217029778800082, 36.568313672369328 ], [ -89.22378344319111, 36.567813865709553 ], [ -89.227949128508826, 36.567669595764855 ], [ -89.229009840302766, 36.56757581214508 ], [ -89.230405948466498, 36.567414344234599 ], [ -89.232114329044009, 36.567239890192646 ], [ -89.233281904429191, 36.567116862299798 ], [ -89.234391792929927, 36.567014851423494 ], [ -89.236175881306494, 36.566808497268383 ], [ -89.237195059714423, 36.566717927858548 ], [ -89.238842361620357, 36.566578980592297 ], [ -89.241067784805068, 36.566376408297181 ], [ -89.242705972377252, 36.566250762179806 ], [ -89.244678737829602, 36.56602650447077 ], [ -89.246308259003087, 36.565912551656623 ], [ -89.246426682874741, 36.565904269558395 ], [ -89.248103777729455, 36.565847990067326 ], [ -89.249814645315112, 36.565792750634927 ], [ -89.250845544885394, 36.565634218154713 ], [ -89.252480541249938, 36.565399192377697 ], [ -89.254266195835783, 36.565196169100048 ], [ -89.256290235794594, 36.564959686767452 ], [ -89.257833534594511, 36.564871776424859 ], [ -89.258792806260942, 36.564970139756383 ], [ -89.260658619058972, 36.565383475218106 ], [ -89.262194497548364, 36.565800066825908 ], [ -89.263887441043224, 36.56646714242212 ], [ -89.264016880054726, 36.566528301117074 ], [ -89.265557616192126, 36.567256268082609 ], [ -89.267353085223235, 36.568253944835831 ], [ -89.268934218714563, 36.569313093861211 ], [ -89.270358891464127, 36.570285463552459 ], [ -89.27193740702981, 36.571576424276529 ], [ -89.2735192512813, 36.57279925472529 ], [ -89.275105658731349, 36.574104065767912 ], [ -89.276370631865319, 36.575235086424762 ], [ -89.277683037590208, 36.576435793182966 ], [ -89.279074043760616, 36.577761730427191 ], [ -89.280385163665045, 36.579167015020701 ], [ -89.282323711225871, 36.581159343970711 ], [ -89.282711464659457, 36.581557839841736 ], [ -89.284246110636303, 36.583134951871003 ], [ -89.285231392670354, 36.584107078396634 ], [ -89.286182260449195, 36.585091767605142 ], [ -89.287214347636436, 36.586147197957835 ], [ -89.287918685840026, 36.586915361097738 ], [ -89.288476380798812, 36.587523581868062 ], [ -89.289151907784117, 36.588254086280614 ], [ -89.289920970656311, 36.589151219666682 ], [ -89.290692663310921, 36.589993858640575 ], [ -89.291861979270692, 36.591012598253201 ], [ -89.293197617183537, 36.592268440820291 ], [ -89.294197409431476, 36.593295522372074 ], [ -89.29499384532987, 36.59432990919624 ], [ -89.296167732288552, 36.595962692593837 ], [ -89.296822570496957, 36.596951733024653 ], [ -89.297359838464885, 36.597746107168533 ], [ -89.298341506082323, 36.599154600837956 ], [ -89.299537684035457, 36.601096520215982 ], [ -89.299738178637071, 36.601422000771173 ], [ -89.300029417620095, 36.601894788620086 ], [ -89.301292518587218, 36.603789519870517 ], [ -89.302463413653314, 36.605490369397138 ], [ -89.3038611673323, 36.607225540797607 ], [ -89.305467587656594, 36.609199108839533 ], [ -89.306537278767294, 36.610542058047848 ], [ -89.307542663715282, 36.611814786100773 ], [ -89.308546779145232, 36.61329211509495 ], [ -89.308972481823105, 36.613946549107759 ], [ -89.31008454098577, 36.615468143918896 ], [ -89.310371521750611, 36.615878097805144 ], [ -89.311051046219788, 36.616848784804418 ], [ -89.312156683619065, 36.618329233074455 ], [ -89.313058259100188, 36.619653273802193 ], [ -89.313973516014883, 36.621045948217521 ], [ -89.31491024932059, 36.622343779635244 ], [ -89.315528462487578, 36.62304508373515 ], [ -89.316957352513001, 36.624671931351138 ], [ -89.318591476819208, 36.626318421231652 ], [ -89.319388124491311, 36.627121065107303 ], [ -89.320194950184103, 36.62795097008685 ], [ -89.321285887530237, 36.628857869854102 ], [ -89.322923612437279, 36.63001359504775 ], [ -89.32357217764347, 36.630375106790758 ], [ -89.323830570495744, 36.630519134068017 ], [ -89.324884482250042, 36.631138350891057 ], [ -89.325994948586697, 36.631636516643226 ], [ -89.327574593105709, 36.632215453268138 ], [ -89.328520793028204, 36.632451221614147 ], [ -89.329697542468352, 36.632623961259306 ], [ -89.331367077682401, 36.632757311172455 ], [ -89.332720630165056, 36.632771753090566 ], [ -89.334687872248352, 36.632695940430132 ], [ -89.336692745055629, 36.632602391961846 ], [ -89.338634030122066, 36.632476361299631 ], [ -89.340556361580141, 36.632276278890615 ], [ -89.343026038660341, 36.631956557093865 ], [ -89.344835827211057, 36.631630156259121 ], [ -89.346619605539061, 36.631316572096765 ], [ -89.348039308401539, 36.631005429887402 ], [ -89.349653300425743, 36.630522867483727 ], [ -89.351264659600588, 36.630108472783114 ], [ -89.351697369672806, 36.629982886798153 ], [ -89.352285220397903, 36.629812271525381 ], [ -89.353573512641233, 36.629415172630537 ], [ -89.354768321316442, 36.62902883163347 ], [ -89.355162168124835, 36.628905200869951 ], [ -89.356391835316657, 36.628519189221301 ], [ -89.358404120826279, 36.627844049718306 ], [ -89.360940239897488, 36.627007534276643 ], [ -89.362592373891644, 36.626430454788505 ], [ -89.363936396120025, 36.625925796511972 ], [ -89.365162087840048, 36.625417508802222 ], [ -89.365787221788395, 36.625081874651876 ], [ -89.366446667730585, 36.624556276508329 ], [ -89.367392028204307, 36.623889327026014 ], [ -89.368215220629097, 36.623300499891329 ], [ -89.369480136487354, 36.622315842353188 ], [ -89.370248618467372, 36.621629827569585 ], [ -89.371115159382299, 36.62083765003338 ], [ -89.372097151635131, 36.619748829796499 ], [ -89.373306519051496, 36.618373649049772 ], [ -89.373976405762335, 36.617391216221662 ], [ -89.374897096127597, 36.616164068331777 ], [ -89.375483245745031, 36.615213235519654 ], [ -89.376112755958289, 36.614059068950269 ], [ -89.376387305146423, 36.613390493676071 ], [ -89.376610554271736, 36.612782732204614 ], [ -89.37717609789371, 36.610988480617237 ], [ -89.377462490357885, 36.610013829028183 ], [ -89.37768779242414, 36.608972622315754 ], [ -89.377845044245504, 36.608356333056399 ], [ -89.37793350853886, 36.607323899703573 ], [ -89.37804903195304, 36.606227593896278 ], [ -89.378325867318168, 36.604942110349405 ], [ -89.378644873997303, 36.603269737173733 ], [ -89.378992889007364, 36.601662939907598 ], [ -89.379206644087731, 36.600181448296887 ], [ -89.379358197564571, 36.598925614423216 ], [ -89.379464518029351, 36.597756743501243 ], [ -89.379717997997403, 36.595940041991867 ], [ -89.380139844892796, 36.593610894819541 ], [ -89.380311516652299, 36.591998727427253 ], [ -89.380491660800615, 36.590891442171419 ], [ -89.380963195433651, 36.589042548725971 ], [ -89.381372141474685, 36.587502286810803 ], [ -89.381781834898845, 36.586117316304872 ], [ -89.382424409537947, 36.584167747760752 ], [ -89.382585474336864, 36.58368330692268 ], [ -89.382882420934649, 36.582993617943323 ], [ -89.384948290213089, 36.579122872533546 ], [ -89.385640795409799, 36.577862924422028 ], [ -89.38603182793608, 36.57704668926133 ], [ -89.386660993959211, 36.575940080644813 ], [ -89.387390301505917, 36.574577724230913 ], [ -89.387994014229534, 36.573328004529913 ], [ -89.388605717130588, 36.572078522579275 ], [ -89.389304898222548, 36.570844629739803 ], [ -89.389791961926264, 36.570031292911565 ], [ -89.38998312668032, 36.569779355995081 ], [ -89.390415775071787, 36.569209159690637 ], [ -89.391244246434823, 36.567953295121157 ], [ -89.392173238509812, 36.566260536918136 ], [ -89.393321240580249, 36.564341499115457 ], [ -89.393900331604485, 36.563272145969037 ], [ -89.394671223388457, 36.561872178126336 ], [ -89.395307340485346, 36.560610456268414 ], [ -89.395866957049222, 36.559268778459483 ], [ -89.396205124219065, 36.558205059302068 ], [ -89.396372306667956, 36.557369070108564 ], [ -89.396522471988973, 36.556209084361569 ], [ -89.396699459148607, 36.554817004978069 ], [ -89.396701355894464, 36.554667287325849 ], [ -89.396717485594536, 36.553394236909284 ], [ -89.396706281817984, 36.552255245481547 ], [ -89.396805176484065, 36.551507763112411 ], [ -89.396968128703676, 36.550244648751026 ], [ -89.397392698380486, 36.54783785893585 ], [ -89.397854868730491, 36.545483958350026 ], [ -89.398170701922666, 36.54386316655301 ], [ -89.398431689761495, 36.542732406206163 ], [ -89.398797762325501, 36.541928303523996 ], [ -89.399430796859519, 36.540423503037147 ], [ -89.399689984085157, 36.539807363128865 ], [ -89.4001637071337, 36.53892887461091 ], [ -89.401233181752943, 36.536787399123604 ], [ -89.401884365310309, 36.535539025399771 ], [ -89.40281246654034, 36.533677925992031 ], [ -89.403447585203693, 36.532429056838623 ], [ -89.40408747352059, 36.531076812463994 ], [ -89.404615105069752, 36.530070536758366 ], [ -89.404989049826526, 36.529266648475989 ], [ -89.405397402227962, 36.528412040398351 ], [ -89.405701302681592, 36.527735429149708 ], [ -89.406081207191832, 36.526802322883938 ], [ -89.406704357977233, 36.525372217642449 ], [ -89.406843607477569, 36.52505263841222 ], [ -89.407916548648771, 36.522134835937557 ], [ -89.408367604778135, 36.521048594685617 ], [ -89.408756870715223, 36.520258093779631 ], [ -89.409280538977853, 36.519161098063215 ], [ -89.409723318909457, 36.517906390345473 ], [ -89.410227489137867, 36.51653707655327 ], [ -89.411062792436596, 36.514246103345357 ], [ -89.411462146172155, 36.513235925898961 ], [ -89.412151996890685, 36.511315802391387 ], [ -89.412263427785319, 36.510999455302162 ], [ -89.412390147983388, 36.510639698002315 ], [ -89.412557886229621, 36.510163484605542 ], [ -89.413258310479918, 36.508360125120298 ], [ -89.413657599451625, 36.507349936264553 ], [ -89.41416424912785, 36.506097128661764 ], [ -89.414619039778259, 36.504752183937448 ], [ -89.415277206519846, 36.503167506593229 ], [ -89.415792647309431, 36.502070226630003 ], [ -89.416682924410608, 36.500143159116043 ], [ -89.417172930208352, 36.499011787913886 ], [ -89.417866765222769, 36.497409728993787 ], [ -89.418454482322289, 36.49613345701863 ], [ -89.418700618344261, 36.495650883469366 ], [ -89.419123982729715, 36.494820822296866 ], [ -89.419807933977324, 36.49371564667252 ], [ -89.420946310899524, 36.491964207109689 ], [ -89.422965555980127, 36.489178168289946 ], [ -89.424074108556141, 36.487723405158043 ], [ -89.425413778533951, 36.486120290535794 ], [ -89.426531109728529, 36.484821038771493 ], [ -89.427973855983453, 36.483262412137783 ], [ -89.428365330322208, 36.482787150327766 ], [ -89.431065305876629, 36.479879273369065 ], [ -89.432681492291849, 36.478215119848677 ], [ -89.434094284969191, 36.476861186214052 ], [ -89.435719833500457, 36.475284530363297 ], [ -89.436915725572291, 36.474240403920106 ], [ -89.438895569443844, 36.472445225348231 ], [ -89.442599754846682, 36.469119836660667 ], [ -89.44426094298133, 36.467642289447923 ], [ -89.44574877891958, 36.466410433092854 ], [ -89.446089241086185, 36.466146896107354 ], [ -89.44751276210205, 36.465044981403764 ], [ -89.449331620416416, 36.463659321970702 ], [ -89.451648327984799, 36.462015754734395 ], [ -89.453231901081878, 36.461048438701567 ], [ -89.455309353530794, 36.459910352413907 ], [ -89.456847219044093, 36.459203419343211 ], [ -89.459029078666234, 36.458439240197926 ], [ -89.460871589022958, 36.457861290571657 ], [ -89.463452976061404, 36.457217969605068 ], [ -89.463792975607845, 36.457159925364039 ], [ -89.465521520237516, 36.456864813397765 ], [ -89.467622094512834, 36.456698005753829 ], [ -89.469190317209623, 36.456657199678546 ], [ -89.470772343415788, 36.456758586682895 ], [ -89.47251898760554, 36.456952088642659 ], [ -89.474160062714034, 36.457240615285279 ], [ -89.477179121235082, 36.457962539259185 ], [ -89.48005451343451, 36.458876492911394 ], [ -89.481920667809703, 36.459564251597918 ], [ -89.483273068706339, 36.460116837361966 ], [ -89.484543589359646, 36.460688809081454 ], [ -89.486115943263727, 36.46145510405028 ], [ -89.487404624532104, 36.462223928082224 ], [ -89.488443833277742, 36.462985389894634 ], [ -89.489490506020928, 36.464030674677709 ], [ -89.490284890660234, 36.464981256801444 ], [ -89.491076344983384, 36.465997197254808 ], [ -89.491814718190298, 36.467142467854266 ], [ -89.492487012047079, 36.468405779283856 ], [ -89.493117747156987, 36.46984239487378 ], [ -89.493410010480673, 36.470549113587708 ], [ -89.493785127434606, 36.471814583242356 ], [ -89.494236365062648, 36.473638605991155 ], [ -89.494306223102811, 36.474186067178898 ], [ -89.494387830037468, 36.4750720257205 ], [ -89.494243300620312, 36.47618040304107 ], [ -89.493984600588519, 36.477274514638552 ], [ -89.49363231593, 36.478496769361676 ], [ -89.493091878083746, 36.479997097197582 ], [ -89.492708080626954, 36.480869360778065 ], [ -89.492238772125816, 36.481989992420786 ], [ -89.491465223032606, 36.48386523384697 ], [ -89.490809538283955, 36.485373063372961 ], [ -89.489881961674115, 36.487516459019012 ], [ -89.488974074424803, 36.48967133354931 ], [ -89.488210548576689, 36.491470486726918 ], [ -89.487501593856635, 36.493107620528747 ], [ -89.4869520698429, 36.494366144343424 ], [ -89.486876173516379, 36.494539959067097 ], [ -89.486506851424295, 36.495238096002154 ], [ -89.485931877666843, 36.496301040565754 ], [ -89.485298480928876, 36.497460431965436 ], [ -89.485021914741679, 36.497899505254644 ], [ -89.484505463513315, 36.498713282647891 ], [ -89.483676220144403, 36.500019598715191 ], [ -89.482972491796289, 36.501089635570423 ], [ -89.482554061373037, 36.501677227660551 ], [ -89.48205417101768, 36.502273320786792 ], [ -89.481696608446143, 36.502709993831793 ], [ -89.481074277569789, 36.503324283342131 ], [ -89.480427418112413, 36.503883303453527 ], [ -89.479770513885867, 36.5043656680716 ], [ -89.479243764441861, 36.504808242154354 ], [ -89.478322715882015, 36.505751838069301 ], [ -89.477302739195082, 36.506790674338852 ], [ -89.476296055387948, 36.50798260566178 ], [ -89.475682187542589, 36.508706194498217 ], [ -89.475079824719685, 36.509473752801782 ], [ -89.474422466224695, 36.510385625935463 ], [ -89.473552271985312, 36.511719233594206 ], [ -89.47264433052672, 36.513263108883358 ], [ -89.471348522082835, 36.515460877876379 ], [ -89.470268754675033, 36.51751231964591 ], [ -89.469425980513449, 36.519254441270114 ], [ -89.468790260454313, 36.52075180984405 ], [ -89.468175253497037, 36.522238880611177 ], [ -89.467808699216476, 36.523166099201646 ], [ -89.467224914534953, 36.524708628689218 ], [ -89.466987748830618, 36.52547562660488 ], [ -89.466733599312519, 36.526297529649547 ], [ -89.466302699981256, 36.5277464161504 ], [ -89.466017675952813, 36.528959653862536 ], [ -89.465704750828451, 36.530488392416466 ], [ -89.465545453316196, 36.531759897662454 ], [ -89.465371953650745, 36.533194600936923 ], [ -89.46533779435741, 36.53498249288463 ], [ -89.465551671053134, 36.536963180134123 ], [ -89.465781342466087, 36.53830076624677 ], [ -89.46618155045573, 36.540112469764956 ], [ -89.466605789190979, 36.542012116290323 ], [ -89.466815633472621, 36.543043689593183 ], [ -89.467180139982673, 36.544537984380085 ], [ -89.467469312064949, 36.545757344823365 ], [ -89.467735759918327, 36.547030570610815 ], [ -89.468052044078703, 36.547803507517123 ], [ -89.468503447009226, 36.548874965459603 ], [ -89.469209010738908, 36.550303011472792 ], [ -89.47002768122637, 36.551919842430344 ], [ -89.470591719935072, 36.553190974654278 ], [ -89.471127074727789, 36.554600201138527 ], [ -89.47124971620093, 36.554923023660599 ], [ -89.471564572049715, 36.555728633682989 ], [ -89.472163829683339, 36.55741530544384 ], [ -89.472621095446669, 36.55850873924819 ], [ -89.473569489521566, 36.560249377491495 ], [ -89.474932009264521, 36.562547667930019 ], [ -89.475751279968676, 36.563859057352758 ], [ -89.476740679880905, 36.565295464182881 ], [ -89.477684020753301, 36.566555972381096 ], [ -89.478556763000682, 36.567585318950094 ], [ -89.479315906623924, 36.568436773879 ], [ -89.479952479219747, 36.569008750663386 ], [ -89.480159860850819, 36.569241663213816 ], [ -89.480849854653727, 36.569755247793559 ], [ -89.481404840302233, 36.570100443067439 ], [ -89.482278780688105, 36.570603015489752 ], [ -89.483000915425507, 36.570935187204611 ], [ -89.483157205701403, 36.571007076754412 ], [ -89.484273926264933, 36.571549685367245 ], [ -89.485517257842659, 36.571997383561332 ], [ -89.486923203992205, 36.572521319294218 ], [ -89.487222053395328, 36.572606640681073 ], [ -89.488287441359162, 36.572933981369651 ], [ -89.489640779807857, 36.573204045665193 ], [ -89.491804598871113, 36.573580174704858 ], [ -89.494794034293847, 36.574131824933438 ], [ -89.496069015394895, 36.574379776040978 ], [ -89.497478280505746, 36.574766474866287 ], [ -89.49963913942878, 36.575265470023417 ], [ -89.501031136695346, 36.575528527333894 ], [ -89.501444816676937, 36.575614161519454 ], [ -89.502141791566288, 36.575758438189929 ], [ -89.503741729686837, 36.575986267487778 ], [ -89.505263219172122, 36.576146014734668 ], [ -89.507314708737923, 36.576304850303401 ], [ -89.509388875627593, 36.576434484492871 ], [ -89.510750265232588, 36.576534636498366 ], [ -89.512247105252101, 36.57670759587311 ], [ -89.513983740318352, 36.576887556752311 ], [ -89.515689487649098, 36.577161264165092 ], [ -89.517052477331134, 36.577463652422296 ], [ -89.518022898975531, 36.577715813961738 ], [ -89.518833272656892, 36.577967591578272 ], [ -89.519968681488876, 36.578305350543857 ], [ -89.520622047108148, 36.578531985454596 ], [ -89.520996281709429, 36.578671252040692 ], [ -89.521776609448992, 36.578961634666634 ], [ -89.522483255671034, 36.579266302093266 ], [ -89.523356570912412, 36.57966190169094 ], [ -89.524249087333928, 36.58010539174694 ], [ -89.524670014917561, 36.58032662831264 ], [ -89.52504666058384, 36.58052458783947 ], [ -89.526163591895013, 36.58096170470391 ], [ -89.527391161593243, 36.581311665716314 ], [ -89.528558842314752, 36.581569496272721 ], [ -89.529495021255286, 36.581660371738934 ], [ -89.530219558574089, 36.581660941621188 ], [ -89.53108439575071, 36.581651714679168 ], [ -89.532342955749058, 36.581587917866138 ], [ -89.533249836077829, 36.581541160052076 ], [ -89.534536147978827, 36.581471422705455 ], [ -89.535662764434989, 36.58138593668987 ], [ -89.536972783122209, 36.581298381665285 ], [ -89.537929804033112, 36.581288712572345 ], [ -89.538823529962244, 36.581211748736365 ], [ -89.539629924393807, 36.581113219264559 ], [ -89.540565789420469, 36.580988877234212 ], [ -89.541770900469615, 36.580787340199606 ], [ -89.542866820992089, 36.580567835322881 ], [ -89.544117559874877, 36.580267804704327 ], [ -89.544539487227908, 36.580158081293611 ], [ -89.545885044616313, 36.579786862216984 ], [ -89.547000266886783, 36.579442212821796 ], [ -89.547943875245593, 36.579164697353633 ], [ -89.549039585312727, 36.578824958893513 ], [ -89.550232121784859, 36.578390116814269 ], [ -89.551031381294351, 36.578053544407382 ], [ -89.552079379636325, 36.577556569873238 ], [ -89.553036357621664, 36.577059436681061 ], [ -89.553887567676298, 36.57657032238977 ], [ -89.554766396495808, 36.576036186101661 ], [ -89.555692693793745, 36.575415788044936 ], [ -89.557057868027073, 36.574549193311505 ], [ -89.557918104008124, 36.573970012694765 ], [ -89.558726436200615, 36.573354808664554 ], [ -89.558950836166431, 36.573183774956618 ], [ -89.559457281600643, 36.572797765139718 ], [ -89.559517988545053, 36.5727431100293 ], [ -89.5601259213947, 36.572195772902568 ], [ -89.561029641434331, 36.571358944928249 ], [ -89.56158720393752, 36.57084865878393 ], [ -89.56224665543003, 36.570211870631312 ], [ -89.562851527728412, 36.569599391622326 ], [ -89.563434257467165, 36.569003528653845 ], [ -89.564037041862363, 36.568401345625411 ], [ -89.564273797091758, 36.568164822612182 ], [ -89.564844674512301, 36.567594497790772 ], [ -89.565441495399966, 36.566921366745511 ], [ -89.566176441418818, 36.56602785302195 ], [ -89.566575965049253, 36.565461207906175 ], [ -89.567344469374163, 36.564292514900352 ], [ -89.567793579513406, 36.563571965710629 ], [ -89.568147935211655, 36.562993908531674 ], [ -89.568427737153314, 36.562537461939314 ], [ -89.568984041175568, 36.561569746010441 ], [ -89.569485770742503, 36.56062634266172 ], [ -89.569781459278332, 36.55998765834601 ], [ -89.569997784241181, 36.559450239995492 ], [ -89.570024218284303, 36.559379791436861 ], [ -89.570167560717394, 36.558997774733193 ], [ -89.570337716405618, 36.558536689939828 ], [ -89.570534573914244, 36.557955562601933 ], [ -89.570732184287905, 36.557115576567391 ], [ -89.570764148973822, 36.556865929109456 ], [ -89.570884919012684, 36.555922695687855 ], [ -89.570944643675489, 36.555456228661477 ], [ -89.571036543675348, 36.554104066181416 ], [ -89.571072386830338, 36.55353555984842 ], [ -89.57109676507433, 36.552500738659553 ], [ -89.57107422126856, 36.551559489965179 ], [ -89.571046486093451, 36.551179265860746 ], [ -89.571014295587958, 36.550737975317183 ], [ -89.570920428577736, 36.550200252193704 ], [ -89.570644870133293, 36.548789845034278 ], [ -89.570506018834649, 36.548297325354859 ], [ -89.570268433346243, 36.54745301619775 ], [ -89.569967698152595, 36.54658953672196 ], [ -89.569854548776149, 36.546264655952612 ], [ -89.569251375201219, 36.544607243421162 ], [ -89.568668058857469, 36.543060069232659 ], [ -89.568126631673593, 36.541683585704583 ], [ -89.56794137562872, 36.541189888488191 ], [ -89.567601940123055, 36.540285297725298 ], [ -89.567593375223737, 36.540262472685939 ], [ -89.566921540891329, 36.538623010949784 ], [ -89.566390525773954, 36.537291684923808 ], [ -89.566225500925128, 36.536888120018311 ], [ -89.565763464094346, 36.535758191471444 ], [ -89.565053362045589, 36.53414752693304 ], [ -89.564891068873465, 36.533795213623328 ], [ -89.564425021649029, 36.532783477429817 ], [ -89.563755060916179, 36.531383329833012 ], [ -89.563038197741378, 36.529926992018744 ], [ -89.562318096499979, 36.528424026316074 ], [ -89.562260782803307, 36.528304399422986 ], [ -89.561447268171008, 36.526660822075534 ], [ -89.560660656383391, 36.525107743576648 ], [ -89.560509727013695, 36.524807422074936 ], [ -89.559880242995106, 36.523554840243499 ], [ -89.559229785317115, 36.522554025954825 ], [ -89.558729997593119, 36.521846686654705 ], [ -89.557818768415572, 36.520599057328546 ], [ -89.557536625069346, 36.520228544614035 ], [ -89.557281836247242, 36.519893950508532 ], [ -89.556607795980824, 36.519008768224168 ], [ -89.555430343290681, 36.517499196653944 ], [ -89.554825055474495, 36.516762334754191 ], [ -89.554109109662221, 36.515890741500151 ], [ -89.553035914670659, 36.514538694754705 ], [ -89.551795595050223, 36.513057179930662 ], [ -89.55083870242531, 36.51189098113958 ], [ -89.550017063346573, 36.510954411184152 ], [ -89.549519807704044, 36.510471429640276 ], [ -89.548598435594556, 36.50952752104395 ], [ -89.547767790106136, 36.508765689353872 ], [ -89.546943328414599, 36.508004033191405 ], [ -89.546128592317316, 36.507162893830667 ], [ -89.545338984545381, 36.50631250781818 ], [ -89.544616343203614, 36.50548399969729 ], [ -89.543536156812067, 36.504226383508218 ], [ -89.542337106658408, 36.502865610429183 ], [ -89.54124341175806, 36.50135833843742 ], [ -89.54060984771516, 36.50047257344049 ], [ -89.540157254253401, 36.499821366136054 ], [ -89.53939124951809, 36.498582806731292 ], [ -89.539164609102471, 36.49811991712798 ], [ -89.538995102647263, 36.497773717177537 ], [ -89.538858005156328, 36.497553871590526 ], [ -89.537906023268121, 36.496027274849595 ], [ -89.53734213859282, 36.49510363930402 ], [ -89.536566060404226, 36.493954498288439 ], [ -89.53577323282299, 36.492904564291791 ], [ -89.53495576396358, 36.491853908930381 ], [ -89.533956901396579, 36.490718214149709 ], [ -89.5329659546953, 36.489682440346492 ], [ -89.531587560480361, 36.488475866133101 ], [ -89.530538015586856, 36.487647732945021 ], [ -89.529496378220614, 36.486919518763095 ], [ -89.527882475022906, 36.485735955176501 ], [ -89.525784896664732, 36.484049752901939 ], [ -89.524114158190855, 36.482609734006346 ], [ -89.524096825575199, 36.48259479397106 ], [ -89.523088437341386, 36.481678071103254 ], [ -89.522051105516852, 36.480581039733842 ], [ -89.521381748855163, 36.47981377229933 ], [ -89.520973397709653, 36.479283424803889 ], [ -89.520666803750444, 36.478686258970889 ], [ -89.52024019531008, 36.477736646953822 ], [ -89.519822066804224, 36.476597854579019 ], [ -89.519484606123498, 36.475311870488071 ], [ -89.519232561964387, 36.47404831980645 ], [ -89.519159052061653, 36.473208711819488 ], [ -89.519285404433177, 36.471627209011857 ], [ -89.519341422533657, 36.46982431543092 ], [ -89.519422821886693, 36.469108868776758 ], [ -89.51953073285722, 36.468214740168484 ], [ -89.519565023522517, 36.468042725161951 ], [ -89.519817238617563, 36.466777487900195 ], [ -89.520202049496888, 36.46507391976678 ], [ -89.52029397749304, 36.464398658008555 ], [ -89.520461346922573, 36.463416535746873 ], [ -89.520653663020028, 36.462704324852403 ], [ -89.520971611701682, 36.461666776769519 ], [ -89.521169120067213, 36.461114232493699 ], [ -89.521460922979614, 36.460384983168531 ], [ -89.521837737520386, 36.459548545778937 ], [ -89.522132059808555, 36.459038703897406 ], [ -89.522499136310259, 36.458281737604295 ], [ -89.522951150660845, 36.457557157148813 ], [ -89.523616828088322, 36.456469923692673 ], [ -89.524463495187391, 36.455198535189872 ], [ -89.525175318225806, 36.454182424873196 ], [ -89.525377986576416, 36.453910725531998 ], [ -89.525910438802498, 36.453196897604542 ], [ -89.52671371188454, 36.452342959364195 ], [ -89.52741614462451, 36.451535926968994 ], [ -89.528091250298317, 36.450787912211794 ], [ -89.528978968676256, 36.449976295333336 ], [ -89.529710337147492, 36.449349547336467 ], [ -89.530566716182648, 36.448686552437813 ], [ -89.531294952997001, 36.448129490930867 ], [ -89.532480165839232, 36.447286621764384 ], [ -89.533102491352011, 36.446887207989668 ], [ -89.533267780222175, 36.446781123339413 ], [ -89.534900210514436, 36.445731895148867 ], [ -89.536028961489635, 36.445046863997057 ], [ -89.536992610107987, 36.444466695539312 ], [ -89.537889791859882, 36.443854679804623 ], [ -89.538780797131309, 36.443242477615641 ], [ -89.539379934985107, 36.442811224256374 ], [ -89.539901582506104, 36.442457478215672 ], [ -89.540438204381616, 36.442044345038525 ], [ -89.541161476436173, 36.441457166229661 ], [ -89.541753128770196, 36.440916014592766 ], [ -89.54216782410073, 36.4404694266522 ], [ -89.542584725734756, 36.439973052779081 ], [ -89.542786357899175, 36.439695089040008 ], [ -89.543222197504036, 36.439094246256225 ], [ -89.543827521904902, 36.438244413285162 ], [ -89.544304326042806, 36.437370913123139 ], [ -89.544668421146838, 36.436673601770472 ], [ -89.544917185971769, 36.436072647798589 ], [ -89.545018517604802, 36.43545744967404 ], [ -89.545112826549669, 36.43472241015732 ], [ -89.545239158089458, 36.433348441513829 ], [ -89.545245898371718, 36.43327310506271 ], [ -89.545280817316936, 36.432882847805963 ], [ -89.545321460341512, 36.431966794971103 ], [ -89.545361485584081, 36.430786522021144 ], [ -89.545328461675382, 36.429584192597837 ], [ -89.54523536427881, 36.428415017421997 ], [ -89.5450791052005, 36.427348696381621 ], [ -89.544872900294436, 36.426295882690418 ], [ -89.544746219579054, 36.425844787488977 ], [ -89.54454263276898, 36.425119835249284 ], [ -89.54338161726632, 36.42264854980035 ], [ -89.542381968073016, 36.421129072373034 ], [ -89.541525483218393, 36.420067369096905 ], [ -89.540284397068831, 36.418439146940123 ], [ -89.539940169130233, 36.417987529071645 ], [ -89.538304587023873, 36.415791555524955 ], [ -89.537210680056091, 36.414523535014204 ], [ -89.535322707554315, 36.412320196348908 ], [ -89.534280446546617, 36.411228571162027 ], [ -89.533747962929439, 36.410672485131791 ], [ -89.532588966386413, 36.409464780043471 ], [ -89.530963453347766, 36.407650789468143 ], [ -89.529745280693703, 36.406190576701555 ], [ -89.528600550585239, 36.404823675084067 ], [ -89.527700712942092, 36.403657662890041 ], [ -89.526717484774053, 36.40230684384219 ], [ -89.525866481393379, 36.401153638027893 ], [ -89.522790421181199, 36.396937859503844 ], [ -89.522668470814622, 36.396765621892705 ], [ -89.521125895994999, 36.394586890878188 ], [ -89.520110227047226, 36.393178084679157 ], [ -89.519556616010192, 36.392416971032212 ], [ -89.518356880280919, 36.390767498629998 ], [ -89.516531286830016, 36.388240797811996 ], [ -89.515323415848925, 36.386404608589203 ], [ -89.514270213185085, 36.385051650887917 ], [ -89.513454763139407, 36.383899402904788 ], [ -89.512608722830407, 36.382643670583988 ], [ -89.512508503143806, 36.382474480571901 ], [ -89.511756773979727, 36.381205389815257 ], [ -89.511214381767374, 36.380095305245788 ], [ -89.510633846419779, 36.378892916957042 ], [ -89.510216649543935, 36.377820683156685 ], [ -89.509905461252004, 36.376899726518275 ], [ -89.509743520475126, 36.376108514547958 ], [ -89.509632796414749, 36.375432782878647 ], [ -89.509567868728695, 36.374678602947796 ], [ -89.509591471854634, 36.373835827653316 ], [ -89.50970300670815, 36.373075411409062 ], [ -89.509840742926585, 36.372201779035699 ], [ -89.510054455328245, 36.37120498895726 ], [ -89.51021033050182, 36.370240701172165 ], [ -89.510644587394552, 36.368566467883291 ], [ -89.510941836619395, 36.367388342948644 ], [ -89.511038545593834, 36.367005035502238 ], [ -89.511464619947958, 36.365512929895758 ], [ -89.512098995396656, 36.363616574228281 ], [ -89.512607945651155, 36.362161078884689 ], [ -89.512829557225672, 36.361301290923073 ], [ -89.513054213796963, 36.360373201423116 ], [ -89.513325498790692, 36.359663040621307 ], [ -89.513436725489711, 36.359381334245043 ], [ -89.513928495124588, 36.357993719292836 ], [ -89.514456288443895, 36.356903508174398 ], [ -89.514743653019792, 36.356148219275212 ], [ -89.515643133771334, 36.354464748816568 ], [ -89.516272775605302, 36.353289232698231 ], [ -89.516719133024978, 36.352455873951904 ], [ -89.517369506442449, 36.351300834849248 ], [ -89.518540365245713, 36.349374495985636 ], [ -89.519113154722888, 36.348536334038499 ], [ -89.519843322583981, 36.347486191136461 ], [ -89.52064072187774, 36.346665968162824 ], [ -89.521394876025056, 36.345867274521716 ], [ -89.522274135608924, 36.34510641648658 ], [ -89.523498238033909, 36.344036444915872 ], [ -89.524937368188745, 36.343041109715422 ], [ -89.526158313328992, 36.342198981625224 ], [ -89.527431467265103, 36.341449546011063 ], [ -89.528787550228628, 36.340577127081566 ], [ -89.529625896408831, 36.340099978388452 ], [ -89.531135653784133, 36.339414372160192 ], [ -89.532254372349698, 36.338968148261749 ], [ -89.533284110209564, 36.338621914596835 ], [ -89.534407775254451, 36.338306650306237 ], [ -89.534425392785806, 36.338301707747164 ], [ -89.535638027360392, 36.337960763102515 ], [ -89.536117966618903, 36.337851588072112 ], [ -89.537815498222258, 36.337465420696077 ], [ -89.540113023629047, 36.337121696237915 ], [ -89.541953235040197, 36.336924256799534 ], [ -89.543366298158347, 36.336828403363846 ], [ -89.54496505512553, 36.336773163386717 ], [ -89.545869549374828, 36.336729889208172 ], [ -89.546849944817481, 36.336701262686823 ], [ -89.548237874402034, 36.33669581063598 ], [ -89.549469021096144, 36.336731404706953 ], [ -89.552293632534543, 36.33689280914416 ], [ -89.554210219527619, 36.337039336269029 ], [ -89.554476480406436, 36.337064543885809 ], [ -89.556461997987995, 36.337252495272651 ], [ -89.559361046525154, 36.337564058697978 ], [ -89.560774146627011, 36.337707366779 ], [ -89.562239540955517, 36.338023139800683 ], [ -89.563513991611089, 36.338356195831452 ], [ -89.56502213951164, 36.338741556215055 ], [ -89.56675192061779, 36.339133273494006 ], [ -89.569663246812325, 36.339809691154208 ], [ -89.571379142312026, 36.340220205151304 ], [ -89.571639597468121, 36.340282514544839 ], [ -89.573591349244651, 36.340754598654108 ], [ -89.574761864006632, 36.341050356695874 ], [ -89.576846338942218, 36.341548993574222 ], [ -89.578733286110435, 36.341893753645458 ], [ -89.580007076904835, 36.342084135919691 ], [ -89.581087108892248, 36.342194864440224 ], [ -89.582432982483965, 36.342267601103146 ], [ -89.583861514984221, 36.342302793701798 ], [ -89.585036058586851, 36.342356759964403 ], [ -89.587914309469568, 36.342423633587323 ], [ -89.589372892960597, 36.342469566883047 ], [ -89.591261822760586, 36.342570471256671 ], [ -89.594131988605952, 36.342780388261012 ], [ -89.596247630085031, 36.342879132127386 ], [ -89.598721027151782, 36.342936836286697 ], [ -89.600114290994838, 36.342912534676188 ], [ -89.601987145140015, 36.342773879855031 ], [ -89.603912398318329, 36.342521496335749 ], [ -89.605365281009284, 36.342217251555596 ], [ -89.606620643290626, 36.341907373836619 ], [ -89.607290032552299, 36.341725258258208 ], [ -89.60840117549867, 36.341343627978752 ], [ -89.609642242101884, 36.340815729273409 ], [ -89.610919330435991, 36.340186448562129 ], [ -89.612137630835534, 36.339453093792088 ], [ -89.613054595055203, 36.338736774188469 ], [ -89.614099459025397, 36.337806492217396 ], [ -89.61416033981385, 36.33774063954727 ], [ -89.614489050086689, 36.337385082433677 ], [ -89.615262503564651, 36.336521179665702 ], [ -89.616127829420549, 36.335534591443306 ], [ -89.616682980526633, 36.334769587730605 ], [ -89.617805019823066, 36.33315031219766 ], [ -89.61848676939394, 36.332017714654768 ], [ -89.619192432803473, 36.33051461865886 ], [ -89.619682896007731, 36.32941499327368 ], [ -89.619999562691248, 36.328310445118362 ], [ -89.620266291101771, 36.326897305870794 ], [ -89.620407892269426, 36.325634211800924 ], [ -89.62034285359033, 36.324211678991766 ], [ -89.620015764380426, 36.322612579822696 ], [ -89.619696382771281, 36.321787162491582 ], [ -89.619035269206918, 36.320616531263575 ], [ -89.618466186936345, 36.319512498403249 ], [ -89.617999955258853, 36.318590563144262 ], [ -89.617534838670636, 36.317643059196584 ], [ -89.616503072190199, 36.315719571561104 ], [ -89.615734249760365, 36.314481877182132 ], [ -89.614973899103646, 36.313231618664865 ], [ -89.613780019466276, 36.31158509210006 ], [ -89.612915954931722, 36.310357478918 ], [ -89.612325093163918, 36.309713444011386 ], [ -89.611332988291508, 36.308751087794043 ], [ -89.61070647042493, 36.308246945169351 ], [ -89.609475078981234, 36.307469646073343 ], [ -89.608211569940849, 36.30670422135055 ], [ -89.606890897828237, 36.30594999438064 ], [ -89.606004642457179, 36.305451210320825 ], [ -89.604202435029421, 36.304529643721018 ], [ -89.602589913976004, 36.303792633683933 ], [ -89.600543553246226, 36.302851268275063 ], [ -89.599214262231087, 36.302147873927332 ], [ -89.596520719664966, 36.300637653691773 ], [ -89.593560383987082, 36.298902183724557 ], [ -89.588869753509712, 36.296362486378349 ], [ -89.587410027320956, 36.295450065180127 ], [ -89.586395926268438, 36.294778008979641 ], [ -89.585200892008018, 36.294081428925082 ], [ -89.584343942323372, 36.293429776586649 ], [ -89.583539399997392, 36.292664426933619 ], [ -89.582599457021956, 36.291741610977091 ], [ -89.581669743344108, 36.290947069285927 ], [ -89.580320345041017, 36.289807733634767 ], [ -89.57888637747385, 36.288614766126173 ], [ -89.578118129595339, 36.288106399176236 ], [ -89.577163214810113, 36.287528683450844 ], [ -89.576376403681209, 36.287083769246522 ], [ -89.574642683998206, 36.286240528524679 ], [ -89.573435753675497, 36.285642757441288 ], [ -89.571738772482661, 36.284864524351626 ], [ -89.570959212049701, 36.284483089837046 ], [ -89.568070810264558, 36.283069735756882 ], [ -89.565700657119223, 36.28214408696234 ], [ -89.56288622062047, 36.281077618665783 ], [ -89.561070709702761, 36.280336155202257 ], [ -89.560323906449455, 36.280031145892679 ], [ -89.558482293024639, 36.279312558766705 ], [ -89.556322697565406, 36.278456788274632 ], [ -89.555312836133609, 36.278056503425127 ], [ -89.554486805557971, 36.277789501540134 ], [ -89.553699140671739, 36.277728381375653 ], [ -89.552513426383982, 36.277732561877286 ], [ -89.551376210497367, 36.277891715525833 ], [ -89.550286364505482, 36.278231410046331 ], [ -89.549658276743827, 36.278494842355862 ], [ -89.548489492184615, 36.279190606103747 ], [ -89.54773960928749, 36.279706484703205 ], [ -89.547022983294411, 36.280184922039439 ], [ -89.546491287987081, 36.28041272671372 ], [ -89.545855279192438, 36.280496726558425 ], [ -89.544861797178172, 36.280442394765025 ], [ -89.544125995623332, 36.280280321188698 ], [ -89.543490561858803, 36.279993159717648 ], [ -89.543029923637278, 36.279685456856406 ], [ -89.542423824803478, 36.279271151874283 ], [ -89.54120656633188, 36.278557574912604 ], [ -89.539900256585554, 36.277713418537481 ], [ -89.539139162899659, 36.277051430502816 ], [ -89.538415870913184, 36.276249746962442 ], [ -89.537891031866096, 36.275607397386828 ], [ -89.537389883578115, 36.274965731521384 ], [ -89.536954167496091, 36.27409558414778 ], [ -89.536479017227236, 36.273045108871521 ], [ -89.53617412623764, 36.272076361598131 ], [ -89.535895727793758, 36.271223570187658 ], [ -89.53562131214639, 36.270102120447156 ], [ -89.535574089640775, 36.269025655108152 ], [ -89.535533650877198, 36.267795802288127 ], [ -89.535481318745155, 36.267013559977293 ], [ -89.535438618787524, 36.265834835759286 ], [ -89.535431250352104, 36.265640958938029 ], [ -89.535402093059105, 36.264873869453055 ], [ -89.53535147929658, 36.263874097764258 ], [ -89.535193749569871, 36.262973610013056 ], [ -89.535028175092137, 36.261714529030172 ], [ -89.535107786232174, 36.260628942820702 ], [ -89.535155829270309, 36.259542441741665 ], [ -89.535260804535156, 36.258419193942707 ], [ -89.535394496543574, 36.257539955892582 ], [ -89.535508485680964, 36.256391372545963 ], [ -89.5356450119926, 36.255269038706615 ], [ -89.53581763743324, 36.253866178811272 ], [ -89.536206677125492, 36.252571982471295 ], [ -89.536548325336227, 36.251634777565961 ], [ -89.53704610027728, 36.250561308937655 ], [ -89.537530294842014, 36.249973797705366 ], [ -89.538137907465355, 36.24945385523381 ], [ -89.5386919611759, 36.249073144726118 ], [ -89.539404946787371, 36.248671436558155 ], [ -89.540211483267896, 36.248298031022259 ], [ -89.54130150307401, 36.247945624759708 ], [ -89.542721219379146, 36.247641144409663 ], [ -89.543396975386884, 36.2475455056613 ], [ -89.544380454757558, 36.247458763967167 ], [ -89.545075936551981, 36.24745327855841 ], [ -89.545848068835525, 36.247501199648326 ], [ -89.546631480700754, 36.247651832047943 ], [ -89.547335989066823, 36.247800180281168 ], [ -89.548257494498614, 36.248044384990365 ], [ -89.549624279803723, 36.248583016621296 ], [ -89.550721678011357, 36.249139454857001 ], [ -89.551169773339097, 36.249369968357925 ], [ -89.552130784562991, 36.249794468525494 ], [ -89.553078273717659, 36.250167375395044 ], [ -89.55397671675594, 36.250398072890079 ], [ -89.556267347259123, 36.250771288289613 ], [ -89.557381107903623, 36.250956969583775 ], [ -89.558342670300803, 36.251010269462554 ], [ -89.559288451964193, 36.251063107171859 ], [ -89.560079223440525, 36.251047478385168 ], [ -89.561443185421652, 36.250933153827262 ], [ -89.563215744250883, 36.250689778287388 ], [ -89.56408028633119, 36.250433066849638 ], [ -89.56470753750844, 36.250182326468064 ], [ -89.565469997373128, 36.249730685733098 ], [ -89.56733973870341, 36.248530122820661 ], [ -89.568790160165349, 36.247522271419484 ], [ -89.570150952853041, 36.246575823365063 ], [ -89.570442849548215, 36.246345544824749 ], [ -89.571231076821405, 36.245723695583997 ], [ -89.572033961580701, 36.245068388295913 ], [ -89.572817142297012, 36.244502102468672 ], [ -89.573598076186215, 36.243986942801818 ], [ -89.574635396974855, 36.243389534195543 ], [ -89.575739248204897, 36.24289641484912 ], [ -89.576845953686416, 36.24251855679578 ], [ -89.578165602047022, 36.241967601928053 ], [ -89.579958638279038, 36.241430180594115 ], [ -89.581942684309283, 36.240859797988328 ], [ -89.583624655490041, 36.240331942051284 ], [ -89.585054223192401, 36.239976035492774 ], [ -89.58688839292823, 36.239580472011376 ], [ -89.588227810018964, 36.239298745753977 ], [ -89.588558728980189, 36.23924846100288 ], [ -89.589929599072335, 36.239040143392806 ], [ -89.591471912377258, 36.238815365291295 ], [ -89.592424813018425, 36.238701751819256 ], [ -89.594035904718737, 36.238530098676925 ], [ -89.596412311426903, 36.238380222481879 ], [ -89.598140075759801, 36.238250232174252 ], [ -89.599976080250059, 36.238174493722482 ], [ -89.601383810315781, 36.238137743252075 ], [ -89.603005123101298, 36.238094247824968 ], [ -89.604567885065165, 36.238125862014819 ], [ -89.606739983700976, 36.238315549344385 ], [ -89.606839435640367, 36.238332729226691 ], [ -89.609045273212104, 36.238713761572001 ], [ -89.610695157774657, 36.239106142795919 ], [ -89.612522116576486, 36.239605913672776 ], [ -89.614639548681865, 36.240331471289785 ], [ -89.616727666497383, 36.241004966358325 ], [ -89.619614208882908, 36.24203379019675 ], [ -89.621084949291728, 36.242369766620278 ], [ -89.623318518788665, 36.242970465636546 ], [ -89.624810004259871, 36.243466902885842 ], [ -89.626722167825861, 36.244103326751997 ], [ -89.629339937214169, 36.244957943953196 ], [ -89.631451647049744, 36.24582384004259 ], [ -89.633484496372063, 36.246687476214362 ], [ -89.635168874640371, 36.247387677244973 ], [ -89.637207292588855, 36.248123418145646 ], [ -89.639096145304322, 36.248662929078733 ], [ -89.640253100352822, 36.248951448458619 ], [ -89.641974410020921, 36.249345413220965 ], [ -89.642690346165281, 36.249483650905617 ], [ -89.644301738415834, 36.249794771280463 ], [ -89.646718636631348, 36.250182602778622 ], [ -89.649187831515732, 36.250456658807678 ], [ -89.651108457735077, 36.250625695396536 ], [ -89.652456827360112, 36.25068907700058 ], [ -89.654307830440615, 36.250638524346535 ], [ -89.656575740141875, 36.250446017798701 ], [ -89.658975355765861, 36.250129158318344 ], [ -89.660322305894354, 36.249990128362697 ], [ -89.663268665483258, 36.249685954502944 ], [ -89.66611125703929, 36.249355720623683 ], [ -89.66788984081137, 36.249149344578349 ], [ -89.672705541508961, 36.248681965447176 ], [ -89.673770870156758, 36.248607402781062 ], [ -89.675646846279918, 36.248443848633222 ], [ -89.677624074386699, 36.248396443473595 ], [ -89.67814548947365, 36.248378735128256 ], [ -89.679613836992004, 36.248426150749545 ], [ -89.680875410773893, 36.248486797561661 ], [ -89.682966468504162, 36.248736851847028 ], [ -89.684642309346316, 36.249090544263296 ], [ -89.686403140506727, 36.249676959085484 ], [ -89.688309085786102, 36.250382565221145 ], [ -89.68944434116608, 36.250920107236283 ], [ -89.690943215189321, 36.251620285173082 ], [ -89.692304158255354, 36.252323535521114 ], [ -89.693253511611672, 36.25266979525432 ], [ -89.693924146677546, 36.25288034288937 ], [ -89.694617578963758, 36.252925126233528 ], [ -89.6952538034013, 36.25282752973596 ], [ -89.69582492457441, 36.252587335906952 ], [ -89.696312462935609, 36.252268031009059 ], [ -89.697054535243794, 36.251533379685377 ], [ -89.697827566798807, 36.250846583151407 ], [ -89.698599617459436, 36.250116942693786 ], [ -89.699355279127317, 36.249433848422527 ], [ -89.70017172890968, 36.248432442847545 ], [ -89.70058422574354, 36.247967761538234 ], [ -89.701648172483473, 36.246578886290365 ], [ -89.702736442567229, 36.245124182604982 ], [ -89.703377043094804, 36.244169096702478 ], [ -89.704281599183531, 36.242760507047905 ], [ -89.704885556435855, 36.241548412384269 ], [ -89.705361627138231, 36.240371187339044 ], [ -89.705616572593584, 36.239379857055376 ], [ -89.705722660303678, 36.238358823284585 ], [ -89.705673286879673, 36.237653490695088 ], [ -89.70546502658604, 36.236969377743819 ], [ -89.705140932340626, 36.23641006519469 ], [ -89.704751032357237, 36.235912935850507 ], [ -89.704243315244909, 36.235399756200401 ], [ -89.703522564722263, 36.234880698782014 ], [ -89.702881263880684, 36.234351029721715 ], [ -89.702390580872532, 36.233940430406783 ], [ -89.701895295593232, 36.233376664611121 ], [ -89.700929968252026, 36.23228766688753 ], [ -89.700441413027676, 36.231681149821938 ], [ -89.699852770809386, 36.231041978572868 ], [ -89.698925156465606, 36.230184397183507 ], [ -89.697907727215423, 36.229209132116395 ], [ -89.696852306879748, 36.22838640233644 ], [ -89.695920449379585, 36.227631076845633 ], [ -89.694122947069928, 36.226237431876541 ], [ -89.692180461657188, 36.224724553510136 ], [ -89.690401369260897, 36.223459359212981 ], [ -89.688493614338597, 36.222062580543394 ], [ -89.68660743514738, 36.220717567895221 ], [ -89.685156052071093, 36.219682787977796 ], [ -89.682407711371965, 36.217817360475628 ], [ -89.681226567523737, 36.21703565363498 ], [ -89.679518057570419, 36.215977053548663 ], [ -89.677916785168776, 36.214998207487255 ], [ -89.676047586441442, 36.213819899758441 ], [ -89.673741834111354, 36.212322231473131 ], [ -89.671376320977728, 36.210746060203519 ], [ -89.669692291395975, 36.209675208304034 ], [ -89.668027631604787, 36.208707267175988 ], [ -89.666438087363176, 36.207830994561284 ], [ -89.66440571319896, 36.206709399163209 ], [ -89.661665200946402, 36.205279454100371 ], [ -89.660064232630972, 36.204517250542835 ], [ -89.658502606381319, 36.203731251003418 ], [ -89.657265730233775, 36.203107904209695 ], [ -89.656064231656671, 36.202395939403118 ], [ -89.655103433047572, 36.20178029263036 ], [ -89.65334920630373, 36.200548377111431 ], [ -89.651517658804039, 36.199209646998504 ], [ -89.650230906684726, 36.198277649649228 ], [ -89.64959998875257, 36.197773254334024 ], [ -89.647302127302453, 36.196045272464993 ], [ -89.646341804266328, 36.195340105440316 ], [ -89.644872444306472, 36.194146815396444 ], [ -89.643956725438088, 36.193404354565395 ], [ -89.641027759977533, 36.191184624671237 ], [ -89.64085042650143, 36.191032201322024 ], [ -89.640106646113111, 36.190569977281271 ], [ -89.6394280371793, 36.19019252613483 ], [ -89.638787831672573, 36.189828269640103 ], [ -89.637697265029914, 36.189311915845778 ], [ -89.636612475059877, 36.188833431914247 ], [ -89.63479065058408, 36.188052613349022 ], [ -89.633011575692905, 36.187196176003674 ], [ -89.630970641411579, 36.186263169244533 ], [ -89.629498113455412, 36.185548480266888 ], [ -89.629121928811443, 36.185375826425805 ], [ -89.628398757212864, 36.185043914197934 ], [ -89.6270414781917, 36.184402443065501 ], [ -89.626843541698065, 36.184308893286079 ], [ -89.62524619093243, 36.183636658966414 ], [ -89.624625302715657, 36.183388748056899 ], [ -89.622780079746477, 36.182607091853207 ], [ -89.621348732527537, 36.181747506483816 ], [ -89.620071806629682, 36.180969065659099 ], [ -89.618514922767446, 36.180093097437407 ], [ -89.61701253284221, 36.179052265433143 ], [ -89.615592877671361, 36.177924161793619 ], [ -89.614615660195199, 36.177154146998241 ], [ -89.613695312350714, 36.176439209131772 ], [ -89.613469975553443, 36.176264160667799 ], [ -89.612617922261848, 36.175572233475087 ], [ -89.611967555829395, 36.175044078004987 ], [ -89.610938959415734, 36.174243193607893 ], [ -89.609283257645018, 36.172945162845927 ], [ -89.608775862623318, 36.172547364173326 ], [ -89.607274690408275, 36.171301661842413 ], [ -89.606302603439588, 36.170416534930737 ], [ -89.605203546463514, 36.169182219277403 ], [ -89.604087654556864, 36.16797301418098 ], [ -89.602527699361204, 36.166264817355604 ], [ -89.600990907712315, 36.164570057900228 ], [ -89.599985496062004, 36.163363956797291 ], [ -89.598815022134559, 36.161790330502427 ], [ -89.598769773134464, 36.161729494657443 ], [ -89.59855928313651, 36.161432808840217 ], [ -89.597639142806443, 36.160135839636034 ], [ -89.596777922980465, 36.158882618347839 ], [ -89.595052109799212, 36.156273669738859 ], [ -89.593944033074266, 36.154527034852251 ], [ -89.593479052348073, 36.153784241533465 ], [ -89.5930504576461, 36.152748102517592 ], [ -89.592718660860314, 36.151663523526352 ], [ -89.592496101815243, 36.150607653601206 ], [ -89.59203757746711, 36.148623521490421 ], [ -89.591860174202878, 36.147265335657593 ], [ -89.59184795860854, 36.147171814643904 ], [ -89.591830051018889, 36.146923242340627 ], [ -89.591818392662134, 36.146761399895404 ], [ -89.591670395381399, 36.145259681628275 ], [ -89.591600817738311, 36.143222634061743 ], [ -89.591674967633807, 36.142239211028631 ], [ -89.591770313439511, 36.140219660615543 ], [ -89.591896485850384, 36.138034597945456 ], [ -89.592003960029629, 36.136463362469392 ], [ -89.592209434916725, 36.134997310169496 ], [ -89.592445022889251, 36.13392889060254 ], [ -89.592647287827674, 36.132865584651455 ], [ -89.592677019422624, 36.132709282089891 ], [ -89.592679915347475, 36.132694060528401 ], [ -89.59289726323469, 36.130588385687581 ], [ -89.593174848457721, 36.129277974460557 ], [ -89.593444816395106, 36.128325723496495 ], [ -89.593843739913311, 36.127492334165161 ], [ -89.594486202582601, 36.126499486003624 ], [ -89.59518725459391, 36.125610695247516 ], [ -89.596365830071363, 36.124441102125431 ], [ -89.597325578625259, 36.123406065813015 ], [ -89.598254894043293, 36.122344556809772 ], [ -89.599109564040617, 36.121549702123126 ], [ -89.599847301634128, 36.120905108695624 ], [ -89.600589594776892, 36.120337435089958 ], [ -89.601484317609703, 36.119710089697421 ], [ -89.602555651912795, 36.119010956444697 ], [ -89.603812730962943, 36.118393880399253 ], [ -89.605462417167971, 36.117634337800226 ], [ -89.606141268036765, 36.117342853210651 ], [ -89.607503592318778, 36.116757879213793 ], [ -89.609910951222346, 36.115802163491324 ], [ -89.61211966516953, 36.114879171243722 ], [ -89.61247543980663, 36.114733023392681 ], [ -89.614801344633605, 36.113777529248409 ], [ -89.61753038021304, 36.112305981896355 ], [ -89.619332032016416, 36.111307348981896 ], [ -89.621703341275833, 36.110081582395232 ], [ -89.622930272193273, 36.10942504834896 ], [ -89.62401518457709, 36.108585304578732 ], [ -89.624997549488384, 36.108113837420468 ], [ -89.626472111026629, 36.107566643901365 ], [ -89.627508903229042, 36.107250572753337 ], [ -89.628086250853528, 36.107074560224035 ], [ -89.630827102850475, 36.106422188817788 ], [ -89.632611212490801, 36.106011624542354 ], [ -89.634346951546675, 36.105625271269943 ], [ -89.636893211489124, 36.105095279497604 ], [ -89.638965194631581, 36.10459031192061 ], [ -89.64160864180765, 36.103998949924716 ], [ -89.643300308606143, 36.103534430882824 ], [ -89.643993152023498, 36.103339068489234 ], [ -89.645563224203528, 36.102896333360128 ], [ -89.64569490414938, 36.10285920035178 ], [ -89.647924051338549, 36.10217928700208 ], [ -89.651995597535446, 36.101007172176935 ], [ -89.653466395892963, 36.100573233765282 ], [ -89.655277328876792, 36.100002431929141 ], [ -89.65740832293632, 36.099318692147719 ], [ -89.660274060097947, 36.098302059290752 ], [ -89.661618472263186, 36.09775469390204 ], [ -89.663827689613967, 36.09690137214745 ], [ -89.6654215111963, 36.096227939963647 ], [ -89.667048129022248, 36.095395938508325 ], [ -89.668171112262357, 36.094757037070075 ], [ -89.670175041633499, 36.09352120745551 ], [ -89.671182635050442, 36.092769403653811 ], [ -89.672332356087665, 36.091850953392566 ], [ -89.673873356470878, 36.090553449238463 ], [ -89.674611481567354, 36.089781940824039 ], [ -89.675493602636976, 36.088834832052626 ], [ -89.676405532583175, 36.087821263019293 ], [ -89.677229347515379, 36.086796233883135 ], [ -89.677964199704746, 36.085744359917037 ], [ -89.678397746118094, 36.085074036773037 ], [ -89.679102577735208, 36.084021321841128 ], [ -89.679636311850714, 36.083110075260173 ], [ -89.680095578837907, 36.082184575920245 ], [ -89.680574153338554, 36.080443222510766 ], [ -89.6811391559295, 36.07771728437654 ], [ -89.681455716764333, 36.075008826342476 ], [ -89.68159316841178, 36.074212958378489 ], [ -89.681832696809792, 36.072825991356389 ], [ -89.681913497747146, 36.072358461381967 ], [ -89.682110387045341, 36.07121918656167 ], [ -89.682382128519421, 36.069039524169263 ], [ -89.682653517801157, 36.06668926173527 ], [ -89.682973946444307, 36.064242875953596 ], [ -89.683112649295794, 36.062906376375835 ], [ -89.683279200491086, 36.061442706019534 ], [ -89.683420526720269, 36.060222034859457 ], [ -89.683445248532777, 36.06000098406551 ], [ -89.683576755049444, 36.058825093652914 ], [ -89.683776408794614, 36.057465910185485 ], [ -89.683885693436835, 36.056293089957677 ], [ -89.684166502606516, 36.053894339680483 ], [ -89.684311793067906, 36.052935751684039 ], [ -89.68456616781377, 36.05152324815586 ], [ -89.684770545851052, 36.050944029026383 ], [ -89.685036490483029, 36.050506639607008 ], [ -89.685362709123467, 36.050228857081088 ], [ -89.685479982060002, 36.050128995846045 ], [ -89.686378621573155, 36.04945322951766 ], [ -89.687212956253617, 36.048879248412497 ], [ -89.688095907366389, 36.048397993697485 ], [ -89.689008821137861, 36.047917560534728 ], [ -89.690390403988758, 36.04735259206138 ], [ -89.691642539657963, 36.046832772042883 ], [ -89.693299201453087, 36.046147425136574 ], [ -89.694545334098066, 36.045590852956593 ], [ -89.695440648314104, 36.045170806997881 ], [ -89.696230535578906, 36.044760031772583 ], [ -89.696794345011753, 36.044373478463491 ], [ -89.697161033282683, 36.04403631801727 ], [ -89.697662481021283, 36.043526190555099 ], [ -89.69831672184705, 36.042770479517607 ], [ -89.698757954682378, 36.042264779537028 ], [ -89.699557084165775, 36.041452129536751 ], [ -89.699796565291493, 36.041173577478702 ], [ -89.700038054087301, 36.040892686817799 ], [ -89.700574264360299, 36.040267745224085 ], [ -89.701112243551037, 36.039600202124959 ], [ -89.701488671169699, 36.039208463764965 ], [ -89.701990185227942, 36.038875001074878 ], [ -89.703342055956057, 36.037937414438986 ], [ -89.704555605873466, 36.037257984287166 ], [ -89.705477565044319, 36.036735020190299 ], [ -89.706477228430188, 36.036147166657329 ], [ -89.708141404018122, 36.035272943509803 ], [ -89.708474735835267, 36.035014032761744 ], [ -89.708860766239965, 36.034750475582207 ], [ -89.709271553344038, 36.034432765374085 ], [ -89.709570963501065, 36.034087623119966 ], [ -89.70980040573798, 36.033801484350292 ], [ -89.710277709773621, 36.033327191717156 ], [ -89.710709546519155, 36.03286383262629 ], [ -89.711030662245847, 36.032537560893779 ], [ -89.711158388689682, 36.032352199372333 ], [ -89.711334467515613, 36.031906186264443 ], [ -89.711461896334569, 36.031367448287341 ], [ -89.71149124429185, 36.031227218259495 ], [ -89.711576231328735, 36.030821131692647 ], [ -89.711583603526762, 36.030785905278854 ], [ -89.711738211284739, 36.030314931774008 ], [ -89.71188689026927, 36.030166699684216 ], [ -89.711962926873639, 36.029961640613095 ], [ -89.712077942138507, 36.029721096155306 ], [ -89.712311412107297, 36.02933758093711 ], [ -89.712342494895907, 36.029131287748427 ], [ -89.712366338676361, 36.028918703327143 ], [ -89.712425110577357, 36.028768002879637 ], [ -89.712624306310474, 36.028487120305286 ], [ -89.712797733599658, 36.028284732339607 ], [ -89.712946406575355, 36.028136498589504 ], [ -89.712981688793789, 36.028009523405998 ], [ -89.712973285204399, 36.027850886774615 ], [ -89.713039799919997, 36.027694305881099 ], [ -89.713156732549379, 36.027587848663678 ], [ -89.713283181138394, 36.027432911188605 ], [ -89.713290266598122, 36.027262514450463 ], [ -89.713320333417926, 36.027080563165718 ], [ -89.713432556361639, 36.026906958464728 ], [ -89.713612051486862, 36.026558514613903 ], [ -89.713822213127401, 36.02583317495187 ], [ -89.713974012944689, 36.025429138676067 ], [ -89.714091135825655, 36.024957132088502 ], [ -89.714260191901332, 36.024498735765142 ], [ -89.714520915394246, 36.024000204511445 ], [ -89.714637936265774, 36.023710971661842 ], [ -89.714715475766525, 36.023469396301657 ], [ -89.714857908629142, 36.023290525017515 ], [ -89.714864989623194, 36.023120127892049 ], [ -89.714797409510339, 36.02294159078567 ], [ -89.714699864171308, 36.022762231881039 ], [ -89.714699201109624, 36.022597714935962 ], [ -89.714784230440245, 36.022356343968724 ], [ -89.715236870405377, 36.021570632140232 ], [ -89.715568283306382, 36.020994833119403 ], [ -89.715790011687844, 36.020531785515999 ], [ -89.715943213691702, 36.020274005658067 ], [ -89.716233024268462, 36.019977321380964 ], [ -89.716604061717135, 36.019530549654505 ], [ -89.717139627409665, 36.019101565232482 ], [ -89.717170368542739, 36.019076941620938 ], [ -89.718116523853624, 36.018505794191498 ], [ -89.718462206297971, 36.018308116441979 ], [ -89.718917727360619, 36.018174370559102 ], [ -89.719463389916271, 36.01803699959671 ], [ -89.719830025229825, 36.017876446846834 ], [ -89.720389991721987, 36.017574964047533 ], [ -89.721402009767488, 36.01704214691204 ], [ -89.722216149430764, 36.016759795827348 ], [ -89.722582773678781, 36.016599234018315 ], [ -89.722845205747234, 36.016600320310964 ], [ -89.723123123972258, 36.016589644467125 ], [ -89.723456253146267, 36.016513459704065 ], [ -89.723844842224892, 36.016365679773443 ], [ -89.724134032249651, 36.016263921253277 ], [ -89.724393681247179, 36.016157906597954 ], [ -89.724553591686004, 36.016092615493214 ], [ -89.724714932030182, 36.015999544336104 ], [ -89.725413663481831, 36.015787126629306 ], [ -89.726072921864613, 36.015622366659429 ], [ -89.726661738927206, 36.015528789311873 ], [ -89.726963133460373, 36.015494375538218 ], [ -89.727444940938085, 36.015087148544126 ], [ -89.727723673615429, 36.014875429066983 ], [ -89.729204998602967, 36.013691269405008 ], [ -89.729428770581748, 36.013538971055212 ], [ -89.729627301570886, 36.013453001672985 ], [ -89.729809341031142, 36.01340313730752 ], [ -89.72999087811192, 36.013365444111017 ], [ -89.73020388605795, 36.013292054029762 ], [ -89.730426145447879, 36.013176267946498 ], [ -89.730505580060068, 36.013068769159609 ], [ -89.730608492537115, 36.012937539744009 ], [ -89.730724121538088, 36.012861491379532 ], [ -89.730884190507439, 36.012798840644514 ], [ -89.731074976082169, 36.012718750010549 ], [ -89.731207347291431, 36.012600509856917 ], [ -89.731273811437873, 36.012443915960809 ], [ -89.731379740019719, 36.012239657983699 ], [ -89.731552579388648, 36.012049410396493 ], [ -89.731675193675017, 36.011985736778513 ], [ -89.731880454513046, 36.011918224821706 ], [ -89.732042029517388, 36.011819058018048 ], [ -89.732175403570906, 36.011676473711688 ], [ -89.732294800951138, 36.011509136800228 ], [ -89.732449889893303, 36.011385422158419 ], [ -89.732709592850824, 36.011270652746063 ], [ -89.732865183482332, 36.011134766037578 ], [ -89.733001821766337, 36.010913066083006 ], [ -89.733031080247557, 36.010749363965644 ], [ -89.733006197487313, 36.010444055107158 ], [ -89.732968144866618, 36.009912962208119 ], [ -89.732965332292764, 36.009254885781687 ], [ -89.732929491341338, 36.008851796626985 ], [ -89.732913858713786, 36.008504092698672 ], [ -89.732958901234142, 36.008139765418967 ], [ -89.733032899321103, 36.007800597070762 ], [ -89.733169831013669, 36.007390034337398 ], [ -89.733334761391177, 36.006846197695069 ], [ -89.733571421019889, 36.006017963376941 ], [ -89.733665215534259, 36.005380796992874 ], [ -89.733680292348922, 36.005015652316963 ], [ -89.733610419623247, 36.004891895686782 ], [ -89.733506616076298, 36.004681917705888 ], [ -89.733499677723955, 36.004486764630194 ], [ -89.733538180510749, 36.004280666032628 ], [ -89.733676813763836, 36.004010278420829 ], [ -89.733706163612254, 36.003481021767286 ], [ -89.733545102007469, 36.002660223431356 ], [ -89.73336936396008, 36.001650153397506 ], [ -89.733340662184233, 36.001569514766807 ], [ -89.733073749556112, 36.000819592795381 ], [ -89.734406660491942, 36.000793500773526 ], [ -89.752223964213741, 36.000817557552487 ], [ -89.770205371517392, 36.000711632234555 ], [ -89.788103631556424, 36.000544382581388 ], [ -89.806111270952684, 36.000360075191992 ], [ -89.824059305870307, 36.000237526181614 ], [ -89.841864740903162, 36.000158394094179 ], [ -89.859813494985332, 35.999990923621937 ], [ -89.877548740224341, 35.999775827961322 ], [ -89.895437793413564, 35.999660490511424 ], [ -89.914368599068382, 35.999410694253093 ], [ -89.932309670357583, 35.99933240093295 ], [ -89.950076109730489, 35.999218331125419 ], [ -89.959239612027616, 35.999151641071776 ], [ -89.968289103919105, 35.999085665525413 ], [ -89.98612608223219, 35.99903213045517 ], [ -90.003890793581533, 35.999011086850111 ], [ -90.021641662395439, 35.998796180456523 ], [ -90.039349035842363, 35.998688158272401 ], [ -90.057445216125302, 35.998521790633504 ], [ -90.075342304740261, 35.998383953418674 ], [ -90.09324693765852, 35.998269890379611 ], [ -90.111431280712679, 35.998059532276955 ], [ -90.116225184982241, 35.998003615770983 ], [ -90.11822817551348, 35.997980195522842 ], [ -90.120231167172093, 35.997956741720735 ], [ -90.123218311220555, 35.997921701847297 ], [ -90.123258238278865, 35.997921232566441 ], [ -90.123354664548188, 35.997920100481835 ], [ -90.141205036194151, 35.997743355667779 ], [ -90.159367566725791, 35.997621402399957 ], [ -90.177287635388396, 35.997398812890481 ], [ -90.195180453805946, 35.997226187716151 ], [ -90.212981815746957, 35.997098170812635 ], [ -90.230961030510144, 35.996960181635124 ], [ -90.248210536362308, 35.996796820400661 ], [ -90.266091281927316, 35.996593231111341 ], [ -90.284116269804116, 35.996502913698691 ], [ -90.291716272564386, 35.99647222398491 ], [ -90.301954317574086, 35.996368690265101 ], [ -90.302053688848801, 35.996367681266634 ], [ -90.304890005840988, 35.996338419757777 ], [ -90.320111647402825, 35.996180233623939 ], [ -90.338087320183391, 35.996011497879024 ], [ -90.355969563495989, 35.995856655615135 ], [ -90.377890669124582, 35.995602276156554 ], [ -90.37770688766409, 35.995800200832896 ], [ -90.377293208699399, 35.996245707890047 ], [ -90.375438239731011, 35.998900999170139 ], [ -90.3746913533097, 36.000037234051526 ], [ -90.373445683118334, 36.001826019206959 ], [ -90.372699486632811, 36.002934091432664 ], [ -90.372167790949703, 36.00372361742194 ], [ -90.371015403467638, 36.005453329118993 ], [ -90.369906718903763, 36.007220550221064 ], [ -90.369057242668063, 36.008408456035433 ], [ -90.368292408274783, 36.009305716484256 ], [ -90.367434783275613, 36.010286246783231 ], [ -90.366424404919613, 36.011348724575889 ], [ -90.365182261059473, 36.012613283049582 ], [ -90.364375210050184, 36.013424276961977 ], [ -90.36367631966948, 36.014140146504438 ], [ -90.363182028204378, 36.014568016529232 ], [ -90.362692198448499, 36.014861922991045 ], [ -90.362418317201971, 36.014977769252603 ], [ -90.362130256162772, 36.015068928159408 ], [ -90.361931323938578, 36.015186422808881 ], [ -90.361668775184597, 36.015412202545612 ], [ -90.361448352054538, 36.015724220241268 ], [ -90.361209686892579, 36.016133335223458 ], [ -90.360817865210763, 36.016636575645492 ], [ -90.360427662860843, 36.017091100194705 ], [ -90.360159875216567, 36.017346878628153 ], [ -90.359916313461966, 36.017579516675909 ], [ -90.359577170812003, 36.017852353431309 ], [ -90.359043962016514, 36.018096539263652 ], [ -90.358511969029692, 36.018304186649601 ], [ -90.357883114885638, 36.018716880315942 ], [ -90.357193069222873, 36.019164783962275 ], [ -90.356728694070512, 36.019593285414373 ], [ -90.356232703646839, 36.020069837575932 ], [ -90.35599562497255, 36.020430226078645 ], [ -90.35589427920354, 36.020769235078127 ], [ -90.355624772458725, 36.021202030989492 ], [ -90.355478450239801, 36.021540047136362 ], [ -90.355240549995116, 36.021924790351314 ], [ -90.355035481087256, 36.022224946662483 ], [ -90.354663874632678, 36.022570175777517 ], [ -90.354309701938206, 36.02284266487063 ], [ -90.35414960150321, 36.023143813144628 ], [ -90.35389873431275, 36.023467331630137 ], [ -90.353613807606962, 36.023911969257327 ], [ -90.353120217280519, 36.024315435805043 ], [ -90.352693926240534, 36.024501016927161 ], [ -90.352330453494574, 36.024602672588529 ], [ -90.352023685819319, 36.024803078225098 ], [ -90.351869689684605, 36.024921548104174 ], [ -90.35164919900302, 36.025233544568003 ], [ -90.351609426609457, 36.025525159981242 ], [ -90.351668888836159, 36.025989591004858 ], [ -90.351506730895352, 36.026351625235499 ], [ -90.351386285630966, 36.026812079224484 ], [ -90.351456251138742, 36.027410802283534 ], [ -90.351721526602091, 36.028001653474263 ], [ -90.352010770911164, 36.028324914005374 ], [ -90.352304912276395, 36.028502034925943 ], [ -90.352840157731407, 36.028647920502465 ], [ -90.353303296010537, 36.028706899413237 ], [ -90.35352777789258, 36.028724044418446 ], [ -90.353642010917795, 36.028897188840453 ], [ -90.353854673934222, 36.02926750294872 ], [ -90.353982679520655, 36.02947751388222 ], [ -90.35423899150247, 36.030043786484669 ], [ -90.354282284850896, 36.030302081825589 ], [ -90.354181814669772, 36.03051079733487 ], [ -90.35398750248828, 36.030730096592762 ], [ -90.353529915662847, 36.030901394670209 ], [ -90.352949605202042, 36.03101513741472 ], [ -90.352507759419694, 36.031026469266017 ], [ -90.352155976083992, 36.030984946909456 ], [ -90.35195583002654, 36.030913025661157 ], [ -90.351713318801345, 36.030865479676692 ], [ -90.351488741036732, 36.03090270301773 ], [ -90.351276627761408, 36.031033012770763 ], [ -90.351118211009094, 36.031265756510138 ], [ -90.350870399597056, 36.031686363538661 ], [ -90.350827854713259, 36.03187104379014 ], [ -90.350808083107395, 36.032095900499229 ], [ -90.350802679334905, 36.032157357207332 ], [ -90.350805394333847, 36.032541315643918 ], [ -90.35075582300577, 36.032780684023884 ], [ -90.350570462514511, 36.033042361074777 ], [ -90.350442652448208, 36.033136564433178 ], [ -90.350248784835742, 36.03318712024857 ], [ -90.34998268148054, 36.033223422349941 ], [ -90.349692707308279, 36.033352007155102 ], [ -90.349399058459653, 36.033590194256419 ], [ -90.349038886678301, 36.033953468962295 ], [ -90.348822376258354, 36.034214454857604 ], [ -90.348553640618377, 36.034638812482207 ], [ -90.34830358326451, 36.034970772458877 ], [ -90.348261879753593, 36.035130158364048 ], [ -90.348284436040757, 36.035231905708933 ], [ -90.348338841245592, 36.035313264065067 ], [ -90.348456093598315, 36.035379139172846 ], [ -90.348703624319171, 36.035587111832548 ], [ -90.348799792931899, 36.035817047842599 ], [ -90.348835375614428, 36.035995018768794 ], [ -90.348787350826825, 36.036188014678565 ], [ -90.348606275065919, 36.036631186540312 ], [ -90.348634688470227, 36.036868060372569 ], [ -90.3487489329939, 36.037178550764622 ], [ -90.348895168272051, 36.037464436142109 ], [ -90.349012907477515, 36.037825627245965 ], [ -90.348974797056172, 36.038187589147526 ], [ -90.348994527112282, 36.038373647135231 ], [ -90.349164071811643, 36.038584112470907 ], [ -90.349269776955609, 36.03883957090347 ], [ -90.349302675492723, 36.039097636662135 ], [ -90.349268382676868, 36.039345779012201 ], [ -90.349226394329023, 36.039513596724724 ], [ -90.349063388874455, 36.040037323111576 ], [ -90.348774536126641, 36.040596233251875 ], [ -90.348475297374634, 36.041154911833402 ], [ -90.348084180579278, 36.041665150476533 ], [ -90.347883118985834, 36.041774604186912 ], [ -90.347617127185217, 36.041806683926062 ], [ -90.347070277818887, 36.04184942050982 ], [ -90.346436037428489, 36.041864905588895 ], [ -90.346205953271451, 36.041910434199529 ], [ -90.346031549944044, 36.041999381421832 ], [ -90.34588559959623, 36.042169113835286 ], [ -90.345811750975102, 36.042357317205095 ], [ -90.345657919444093, 36.042607028988492 ], [ -90.345328029941015, 36.042840183085772 ], [ -90.344960295185771, 36.042962813556734 ], [ -90.34445118828998, 36.042964186831533 ], [ -90.343922735580733, 36.042922942502692 ], [ -90.343739929325935, 36.042952639514453 ], [ -90.343580385493368, 36.043063005313464 ], [ -90.343379545471194, 36.04332010869124 ], [ -90.34326836284977, 36.043537014105425 ], [ -90.343179731023227, 36.043855666486174 ], [ -90.343188500081496, 36.044058355899267 ], [ -90.343367996973328, 36.044281705796294 ], [ -90.34359086118269, 36.044451174509931 ], [ -90.343655171019606, 36.044701500785351 ], [ -90.343580747565639, 36.044906564623311 ], [ -90.343459322486297, 36.045119024119096 ], [ -90.343293732204955, 36.045254567999926 ], [ -90.342891436685264, 36.045477672433577 ], [ -90.34268346720269, 36.045637588211207 ], [ -90.342586771574432, 36.045732472515361 ], [ -90.34251588860468, 36.045832147301859 ], [ -90.342429007724874, 36.045944123962023 ], [ -90.34222636795586, 36.046099937286414 ], [ -90.341954687740795, 36.046300624942262 ], [ -90.341732898421384, 36.046449740488491 ], [ -90.341189334291968, 36.046815191996558 ], [ -90.340914443905021, 36.046956744616963 ], [ -90.340525352272536, 36.047095760749627 ], [ -90.340258772852451, 36.047144685424747 ], [ -90.339914753777919, 36.047179234293509 ], [ -90.339717074642451, 36.047187500989253 ], [ -90.339489243932675, 36.04716556716388 ], [ -90.339319788835752, 36.047106961720885 ], [ -90.339157229819634, 36.046997885753285 ], [ -90.338944040274569, 36.046849716559798 ], [ -90.338847827645282, 36.046775862428689 ], [ -90.33870838408879, 36.046751672299699 ], [ -90.33847913398877, 36.046771891548332 ], [ -90.338300941530662, 36.046818556382703 ], [ -90.338179214788084, 36.046886395687764 ], [ -90.33800976267537, 36.046980833149618 ], [ -90.337691273681685, 36.047028598710661 ], [ -90.337394257228738, 36.04705574782497 ], [ -90.337197003482402, 36.047051363953926 ], [ -90.337024710196985, 36.047077065178243 ], [ -90.336945284777954, 36.047121704276286 ], [ -90.336900631532046, 36.047213522533973 ], [ -90.33691108921731, 36.047365626127956 ], [ -90.336966987157155, 36.047556707305134 ], [ -90.33710558916826, 36.047914154583324 ], [ -90.337296320980371, 36.048420411612483 ], [ -90.337527523232694, 36.049113189309487 ], [ -90.337588471836142, 36.049308601365802 ], [ -90.337580723481437, 36.049384365190832 ], [ -90.337541260911408, 36.049476298099442 ], [ -90.337424217281338, 36.049558069916223 ], [ -90.337275743223628, 36.049647579998492 ], [ -90.337137792553094, 36.049733105771466 ], [ -90.337052035236624, 36.0498113536704 ], [ -90.336971328152572, 36.049893932676909 ], [ -90.336916007295855, 36.049993950688979 ], [ -90.336921842009943, 36.050129076707407 ], [ -90.336958966232032, 36.050260679318434 ], [ -90.337176576049757, 36.050586133127304 ], [ -90.337601973760101, 36.050911986380832 ], [ -90.337794122236943, 36.051068127429645 ], [ -90.337892831386824, 36.051222191943111 ], [ -90.337960820283868, 36.051362917928266 ], [ -90.337940275303083, 36.051510113598304 ], [ -90.33789868116385, 36.051665279370596 ], [ -90.337861426057231, 36.051845853237431 ], [ -90.337842532811422, 36.052406512357628 ], [ -90.337772501382574, 36.052788853189661 ], [ -90.3377631252051, 36.053067075263932 ], [ -90.337705246750446, 36.053242971816886 ], [ -90.337604841570553, 36.053447453853117 ], [ -90.337361713854037, 36.053724699745601 ], [ -90.337026493633999, 36.054113800640209 ], [ -90.336750081980639, 36.054453584529313 ], [ -90.33643803771281, 36.054771482715189 ], [ -90.336230598849809, 36.054914522473503 ], [ -90.33594671053541, 36.055013676287821 ], [ -90.335606283483258, 36.055094697219076 ], [ -90.335266994607323, 36.055141992087265 ], [ -90.33483916695684, 36.055195755012505 ], [ -90.334531736739024, 36.055222663779787 ], [ -90.334281410973958, 36.055250843341454 ], [ -90.334134345178171, 36.055298194104168 ], [ -90.333970565756715, 36.055378922214715 ], [ -90.333819515503237, 36.055544306190924 ], [ -90.333736094273647, 36.055706976249674 ], [ -90.333609287488059, 36.056231483410045 ], [ -90.333410650399074, 36.056729079834646 ], [ -90.333297495464478, 36.057156861805289 ], [ -90.333306801704495, 36.057650649753768 ], [ -90.333399890411826, 36.057817248544211 ], [ -90.333515738463305, 36.057925292747804 ], [ -90.333669066464353, 36.058000422495077 ], [ -90.333931274987691, 36.058082194187428 ], [ -90.334235586424612, 36.058148026594637 ], [ -90.334451215427478, 36.058224541719092 ], [ -90.334624314669696, 36.058329640762949 ], [ -90.334843641720383, 36.058604512718723 ], [ -90.334930831535303, 36.05879207279213 ], [ -90.335091701838195, 36.058951741351237 ], [ -90.335232373745569, 36.059094085658067 ], [ -90.335483493707599, 36.059196700122961 ], [ -90.335677648930073, 36.059293828217349 ], [ -90.33580402737735, 36.059397886485279 ], [ -90.335978841282468, 36.059760358183858 ], [ -90.336082820741211, 36.060066412224167 ], [ -90.336148395762692, 36.060278802452345 ], [ -90.336226344763702, 36.060432406665953 ], [ -90.336275634334285, 36.06066552743814 ], [ -90.3362336044313, 36.060833338423421 ], [ -90.336095063602627, 36.060935724072948 ], [ -90.336010382239706, 36.060994167431843 ], [ -90.335781211621722, 36.061152331097681 ], [ -90.335452351517006, 36.061351729593007 ], [ -90.335259472531945, 36.06152462248594 ], [ -90.334958629546932, 36.061817452469661 ], [ -90.334767241473301, 36.062100062076006 ], [ -90.334695052406119, 36.062237670831166 ], [ -90.334676558245889, 36.062477720840668 ], [ -90.334715318460027, 36.062714826753968 ], [ -90.334789212651799, 36.062834593073156 ], [ -90.334877118840808, 36.063001075475015 ], [ -90.334971140807014, 36.063294252989067 ], [ -90.334934582126479, 36.063453747286566 ], [ -90.334856347110886, 36.063616534124314 ], [ -90.334672563988491, 36.063827594813056 ], [ -90.334467870525216, 36.064042408797306 ], [ -90.334373060839837, 36.064234356087368 ], [ -90.334305207404213, 36.064397372631809 ], [ -90.334213448002274, 36.064960627919938 ], [ -90.334125958977395, 36.065397418162981 ], [ -90.334064006807552, 36.065539473128823 ], [ -90.333944088236194, 36.065705549528758 ], [ -90.333841309968719, 36.065825602057942 ], [ -90.333811649170997, 36.06593462617375 ], [ -90.333828574578106, 36.066048906118681 ], [ -90.333846780009011, 36.066125246212934 ], [ -90.333753742133737, 36.066418479712333 ], [ -90.333667319525873, 36.066669674031864 ], [ -90.333481599950161, 36.067091621162611 ], [ -90.333368929362919, 36.067350667797207 ], [ -90.333268777644463, 36.067546713972931 ], [ -90.333176950416117, 36.067650135830448 ], [ -90.332999276982122, 36.067679928484168 ], [ -90.332746281883971, 36.06763210881752 ], [ -90.3324669005018, 36.067596356807478 ], [ -90.332232824547859, 36.06760379951433 ], [ -90.331484989027715, 36.067899320282763 ], [ -90.330879618849309, 36.068130512148443 ], [ -90.330391467515597, 36.068275722862182 ], [ -90.329996062639182, 36.068444091671111 ], [ -90.329791569241507, 36.068498594143726 ], [ -90.329484940416151, 36.068500195098878 ], [ -90.329315022180211, 36.068454220345437 ], [ -90.328830374765701, 36.068342166153194 ], [ -90.328440957489434, 36.068333481288875 ], [ -90.32808317830883, 36.06846471640366 ], [ -90.327776606049511, 36.068618184610948 ], [ -90.327548773245752, 36.068748097242576 ], [ -90.32740144827433, 36.068955741419074 ], [ -90.327266788845932, 36.069096170182021 ], [ -90.326931826454938, 36.069320719349641 ], [ -90.32645481284554, 36.06959693895795 ], [ -90.326188201682569, 36.069797700009822 ], [ -90.325651068919271, 36.070161165583094 ], [ -90.325294469795281, 36.070410539307623 ], [ -90.324971594673912, 36.07058472953041 ], [ -90.324723124835415, 36.070709956748154 ], [ -90.324230661135573, 36.070981604031417 ], [ -90.324060075456785, 36.071108570602583 ], [ -90.3240055794071, 36.071183287722683 ], [ -90.323982094586242, 36.071262916558389 ], [ -90.323963516650906, 36.071351092799929 ], [ -90.32392402588188, 36.071443019786138 ], [ -90.323842995120458, 36.071534019533829 ], [ -90.323721568694566, 36.071590366398226 ], [ -90.323611813839292, 36.07160900752649 ], [ -90.323467139960684, 36.07158468114627 ], [ -90.323332994611164, 36.071556371888668 ], [ -90.323174317189313, 36.071485328026725 ], [ -90.323000776537427, 36.071392859117417 ], [ -90.322743729154283, 36.071311178299922 ], [ -90.322539035262523, 36.071218011487431 ], [ -90.32231428807836, 36.071103303382635 ], [ -90.322080300098222, 36.070954638951385 ], [ -90.321916145243847, 36.070891908775948 ], [ -90.321750561688191, 36.070871331719594 ], [ -90.321459216841305, 36.070881691430969 ], [ -90.3209720346604, 36.070997354198155 ], [ -90.320690972869912, 36.071164030061666 ], [ -90.320561491799722, 36.071304566753994 ], [ -90.32049603458961, 36.071395911645396 ], [ -90.320461017137845, 36.071509031014571 ], [ -90.320461774307134, 36.0716398244491 ], [ -90.320516499579014, 36.07186463532377 ], [ -90.32063472179064, 36.072208988251063 ], [ -90.320797815944886, 36.072609185832619 ], [ -90.320813232785966, 36.073073578520493 ], [ -90.320717662931813, 36.073286589504569 ], [ -90.320472653856527, 36.073462508887097 ], [ -90.320180624868016, 36.073645812587536 ], [ -90.320011310073568, 36.073749696345629 ], [ -90.31988873764621, 36.073824900731054 ], [ -90.319644011349794, 36.073992387791115 ], [ -90.319206194183593, 36.074336952044291 ], [ -90.318776755530422, 36.074740762934255 ], [ -90.318581657989583, 36.074976856317782 ], [ -90.318397125737846, 36.075360836899925 ], [ -90.318317136811046, 36.075571372664115 ], [ -90.31827157329684, 36.075691295885598 ], [ -90.318237482460873, 36.076082863411784 ], [ -90.318270180402408, 36.076497018990011 ], [ -90.318229714357614, 36.076770322229635 ], [ -90.318408669803404, 36.077162441070691 ], [ -90.318548661961913, 36.077477752853163 ], [ -90.318580752542573, 36.077756899508024 ], [ -90.318530121053342, 36.078941195043569 ], [ -90.318497747825845, 36.079282177063284 ], [ -90.318532273439217, 36.079489661726626 ], [ -90.31861120656977, 36.079613768408265 ], [ -90.318746832986065, 36.079751800930985 ], [ -90.319315555738484, 36.080144206092754 ], [ -90.319822969632469, 36.080505707161066 ], [ -90.320050927999134, 36.080679552868624 ], [ -90.320200563120352, 36.080864301378774 ], [ -90.320216325351993, 36.081012305025034 ], [ -90.320173245985885, 36.081209615910836 ], [ -90.320056644101456, 36.081582462872191 ], [ -90.320022948642801, 36.081809514027228 ], [ -90.319995772204251, 36.082150612721591 ], [ -90.319983707961143, 36.082352835516303 ], [ -90.319973256775185, 36.082660560110781 ], [ -90.319893393926932, 36.082869703408043 ], [ -90.319719195148608, 36.083102046875588 ], [ -90.319177212690093, 36.083604585799669 ], [ -90.318996061553349, 36.08373552569789 ], [ -90.318866267939512, 36.083884489712382 ], [ -90.318789588968571, 36.084152764131986 ], [ -90.318822970776836, 36.084393971353535 ], [ -90.318902660976079, 36.084648871942385 ], [ -90.319046857530395, 36.0849938076096 ], [ -90.319130884372726, 36.085274115701971 ], [ -90.319175369778335, 36.085494479696166 ], [ -90.319487798677812, 36.085935988837278 ], [ -90.319832678670764, 36.086340257173255 ], [ -90.320382540991048, 36.086677394043456 ], [ -90.320527995770661, 36.086832518350832 ], [ -90.32056410352746, 36.086993633730529 ], [ -90.320587390190752, 36.087226177771591 ], [ -90.320528870261725, 36.087418924225744 ], [ -90.320388868097766, 36.087715313077304 ], [ -90.320246288678064, 36.088087578457895 ], [ -90.320120394793719, 36.088274598116321 ], [ -90.320087983067125, 36.08846370966959 ], [ -90.320094113940485, 36.088742274765636 ], [ -90.320000954840253, 36.088883622767753 ], [ -90.31986248575285, 36.088981770559649 ], [ -90.319734403037074, 36.089080149747829 ], [ -90.319647582547404, 36.089187890105343 ], [ -90.319590634026028, 36.089334267110353 ], [ -90.319564273712331, 36.089498202454251 ], [ -90.319440094576208, 36.089634636755846 ], [ -90.319299474850141, 36.089796014340067 ], [ -90.319218170008241, 36.089872500774277 ], [ -90.319035251621216, 36.090044577401187 ], [ -90.31896658275069, 36.09010917570513 ], [ -90.318710555377621, 36.090301717888444 ], [ -90.318460722695107, 36.090464866987801 ], [ -90.318281559008156, 36.090536790115863 ], [ -90.318088391678273, 36.090561994430104 ], [ -90.317910947318282, 36.090583331710256 ], [ -90.317751234751569, 36.090541787292523 ], [ -90.317571606491867, 36.090474484208002 ], [ -90.317366727624417, 36.090385522633447 ], [ -90.317155222794213, 36.09033859830155 ], [ -90.316862515606374, 36.090386881973103 ], [ -90.31646625381174, 36.090576277020965 ], [ -90.315820640793859, 36.09121990905598 ], [ -90.315263884478696, 36.091848654946816 ], [ -90.314919604924171, 36.092342948853492 ], [ -90.314433483443423, 36.092728595214545 ], [ -90.313935246374569, 36.09316459143502 ], [ -90.313417807552426, 36.093553749798076 ], [ -90.312905845024602, 36.093934591855096 ], [ -90.312344547572067, 36.094390258477965 ], [ -90.312053569527976, 36.094539815267304 ], [ -90.311785807478515, 36.094618176310838 ], [ -90.311524964476163, 36.094646068410746 ], [ -90.311276231895704, 36.094623609090938 ], [ -90.311070058078016, 36.09457257559842 ], [ -90.310894759133859, 36.094530671045007 ], [ -90.310625538875243, 36.094499313458861 ], [ -90.310313619640311, 36.094500745285949 ], [ -90.310058257325991, 36.094520320462486 ], [ -90.309911103042538, 36.094567637444534 ], [ -90.309809975454542, 36.094637081709479 ], [ -90.309709710360636, 36.094681233885723 ], [ -90.309557648926642, 36.094720003347369 ], [ -90.309338930784619, 36.094731962569604 ], [ -90.309152957575847, 36.094698254246758 ], [ -90.308982997570055, 36.094652248917619 ], [ -90.308452774675757, 36.094501117660386 ], [ -90.308116324481517, 36.094459806441179 ], [ -90.307749876128142, 36.094535939828859 ], [ -90.307267291516808, 36.094664302110672 ], [ -90.306921473357505, 36.09474511569961 ], [ -90.306580848797239, 36.094826044192402 ], [ -90.306224352975903, 36.094915052375576 ], [ -90.305857182184809, 36.09501225701667 ], [ -90.305224553677448, 36.095272229382743 ], [ -90.304658722883104, 36.095554795293253 ], [ -90.304318819761662, 36.095766509904522 ], [ -90.30360914891034, 36.09630316549665 ], [ -90.303284821641654, 36.096515227769046 ], [ -90.302265338552118, 36.096900610832293 ], [ -90.301469247358497, 36.097166171914026 ], [ -90.300786523284216, 36.097370150507743 ], [ -90.300555389891343, 36.097440873926921 ], [ -90.300232493069373, 36.097610774062822 ], [ -90.300131064772145, 36.097688640783019 ], [ -90.300055173077538, 36.097779737979472 ], [ -90.299918250725554, 36.0979833606808 ], [ -90.299861113351369, 36.098133940950348 ], [ -90.299808305312467, 36.0983099301164 ], [ -90.299828936219811, 36.09846648291613 ], [ -90.299890253438846, 36.098649264500423 ], [ -90.299967586129085, 36.098819751547005 ], [ -90.300050402251713, 36.098981924490737 ], [ -90.300144182951982, 36.099279339716745 ], [ -90.300134081747856, 36.099422543854239 ], [ -90.30005558943229, 36.099741385847246 ], [ -90.299954733062762, 36.099954258518444 ], [ -90.299881002358987, 36.10013399469711 ], [ -90.299828914403321, 36.100288907593573 ], [ -90.299707857988992, 36.100484449983568 ], [ -90.299551159614126, 36.100809965498648 ], [ -90.299431398468926, 36.10111943848414 ], [ -90.299147288140404, 36.101674100917741 ], [ -90.299059126027629, 36.101819761966837 ], [ -90.298887853492488, 36.10196354895394 ], [ -90.298694793075612, 36.102136373353403 ], [ -90.298418189271715, 36.102319968068315 ], [ -90.298172027900463, 36.102525342396476 ], [ -90.298036824003177, 36.102678378781064 ], [ -90.297915181357283, 36.102890781287066 ], [ -90.297848219826577, 36.103176132697378 ], [ -90.297899580331901, 36.103346034829052 ], [ -90.297952089987305, 36.103634082442952 ], [ -90.297991900219714, 36.1039893413638 ], [ -90.297965338342905, 36.104309352554829 ], [ -90.297939043916131, 36.104409020039043 ], [ -90.297905592721079, 36.104535807444549 ], [ -90.297791012311038, 36.10484539621531 ], [ -90.297743100160503, 36.105029931417711 ], [ -90.297751748896616, 36.105232618544832 ], [ -90.297911761509624, 36.10541762847992 ], [ -90.298083609219873, 36.10556071955002 ], [ -90.298205388655845, 36.105647839173848 ], [ -90.298275512704592, 36.105725355373451 ], [ -90.298326730994944, 36.105899472952395 ], [ -90.298353704222876, 36.106174288491189 ], [ -90.298302457186452, 36.106759513637535 ], [ -90.298227409815667, 36.107129054092816 ], [ -90.298147605691199, 36.107333963028083 ], [ -90.298080647119562, 36.107467445951642 ], [ -90.298005320853335, 36.107541680683013 ], [ -90.297815711734998, 36.107613335182407 ], [ -90.297491618459489, 36.107665080239897 ], [ -90.297244288575897, 36.107752305370788 ], [ -90.297080362206216, 36.107832976136542 ], [ -90.296999551693744, 36.107915523175741 ], [ -90.296995504886695, 36.108033552187585 ], [ -90.297051770927396, 36.108212002137051 ], [ -90.297031706481505, 36.108342325151867 ], [ -90.296961573482832, 36.10841667552473 ], [ -90.296813953341172, 36.108476621624135 ], [ -90.296702839793923, 36.108533172091427 ], [ -90.296615965714352, 36.108640894078363 ], [ -90.296591283557817, 36.108754237361218 ], [ -90.296592142018426, 36.108880813877292 ], [ -90.296592422240693, 36.109024251798679 ], [ -90.296547394175406, 36.109124480923036 ], [ -90.296470909465157, 36.109232436477015 ], [ -90.296358927148191, 36.109314279118905 ], [ -90.295960363632645, 36.109414960595323 ], [ -90.295317643242981, 36.109510125194284 ], [ -90.294807685346171, 36.109523914823811 ], [ -90.294494550534353, 36.109559024697823 ], [ -90.294286324368983, 36.109566974634276 ], [ -90.294139423658379, 36.109605840304468 ], [ -90.294049230834744, 36.109658643115765 ], [ -90.293897987641131, 36.10982396736496 ], [ -90.29377473002468, 36.110082732121526 ], [ -90.293650457399977, 36.110371003841173 ], [ -90.293639603336686, 36.110687150553609 ], [ -90.293710146341724, 36.110903892370921 ], [ -90.293854430486277, 36.111092770038049 ], [ -90.294142436979755, 36.111335519296517 ], [ -90.294466953462376, 36.111574875037562 ], [ -90.294723070770274, 36.111837994678403 ], [ -90.294910786125001, 36.112124880387341 ], [ -90.295005427546954, 36.112397007287711 ], [ -90.29503628333039, 36.112709877715979 ], [ -90.295003943758275, 36.11289476415886 ], [ -90.294809689495651, 36.113101303250318 ], [ -90.294392900565242, 36.113429369053975 ], [ -90.293792818792298, 36.11394734486403 ], [ -90.293413980401994, 36.114229861329719 ], [ -90.292996618162306, 36.114422916227085 ], [ -90.292786496887643, 36.114485661673342 ], [ -90.29224980675481, 36.1145199275755 ], [ -90.291592469793613, 36.114585211422018 ], [ -90.291061264011248, 36.114611159271824 ], [ -90.29041388191952, 36.114689316547988 ], [ -90.289412046567904, 36.114945062167571 ], [ -90.288969275245933, 36.11512065207183 ], [ -90.288512486595181, 36.115401388129804 ], [ -90.288067826366799, 36.11563177297483 ], [ -90.287904599752395, 36.115691354063884 ], [ -90.287613524937299, 36.115688977431347 ], [ -90.287374837167448, 36.115675132464013 ], [ -90.287086374269592, 36.115596880244034 ], [ -90.286501207105829, 36.115528776904164 ], [ -90.286153131179276, 36.115520886778476 ], [ -90.285673290847456, 36.115564849313159 ], [ -90.28489241961924, 36.115593546203016 ], [ -90.284521385610688, 36.115648408497812 ], [ -90.284001338893916, 36.115774731917838 ], [ -90.283981345206513, 36.115779588569104 ], [ -90.283688492786254, 36.115979652961492 ], [ -90.283368354683347, 36.116217064122367 ], [ -90.283165996282861, 36.11635590285001 ], [ -90.282878662132561, 36.11639578594977 ], [ -90.282614143569901, 36.11637712634073 ], [ -90.282442702045486, 36.11637323464857 ], [ -90.282269224396927, 36.11642835638893 ], [ -90.281981706313857, 36.116624318723375 ], [ -90.281855276348196, 36.116672070384013 ], [ -90.281703888405431, 36.116689726149588 ], [ -90.281616587367395, 36.116658213845376 ], [ -90.281494229525094, 36.116587938709728 ], [ -90.281266657970292, 36.116553240735215 ], [ -90.2809646084131, 36.116567472980385 ], [ -90.280750296727604, 36.116600572716479 ], [ -90.280523848386707, 36.116684017693657 ], [ -90.280063719123333, 36.116909802767118 ], [ -90.279462587088631, 36.117153474000617 ], [ -90.279051537741637, 36.117312873830492 ], [ -90.278700836078144, 36.117380836377606 ], [ -90.278554496356463, 36.117402820781308 ], [ -90.278410631286789, 36.117353145876884 ], [ -90.278282059743745, 36.117312256145013 ], [ -90.278057645237169, 36.117336683655786 ], [ -90.277690337921001, 36.117433794656208 ], [ -90.277407756594272, 36.117486428084675 ], [ -90.277193003314053, 36.117532165956256 ], [ -90.277021123115318, 36.117540912006447 ], [ -90.276870169764919, 36.117545915928638 ], [ -90.276550249627419, 36.117475359509115 ], [ -90.276377544379116, 36.117357529523666 ], [ -90.276085640843007, 36.117228550397421 ], [ -90.275874968530957, 36.117156260059083 ], [ -90.275598893205967, 36.117171070628764 ], [ -90.275203619303909, 36.117174729874577 ], [ -90.274754165002221, 36.116940916167984 ], [ -90.274497611943133, 36.116842266975404 ], [ -90.27384578799672, 36.116747273007945 ], [ -90.273400024124214, 36.116707591111691 ], [ -90.273050196513424, 36.116750245869035 ], [ -90.272912642280204, 36.116818827705295 ], [ -90.272837575560601, 36.116884614112124 ], [ -90.272787464160885, 36.116980498867619 ], [ -90.272762598759684, 36.117098051002131 ], [ -90.27275054718821, 36.117296047959009 ], [ -90.27273762138708, 36.117519336055736 ], [ -90.272670845433055, 36.117796238243422 ], [ -90.272589942112901, 36.11803063310316 ], [ -90.272464469489933, 36.11820073385941 ], [ -90.27238318522393, 36.118295908140695 ], [ -90.272112680740975, 36.118450049205443 ], [ -90.2718878240333, 36.118487110468287 ], [ -90.271763575665815, 36.118471623333853 ], [ -90.271574064339916, 36.118539019394753 ], [ -90.271369111771975, 36.118601844376066 ], [ -90.27116605755532, 36.118609871363191 ], [ -90.270951445368993, 36.118651382279708 ], [ -90.27054907117305, 36.118709705902397 ], [ -90.270004378786595, 36.118823840543484 ], [ -90.269385784043578, 36.118970036498538 ], [ -90.269050946434874, 36.119029894634977 ], [ -90.268780059911904, 36.119044807656131 ], [ -90.268545101258979, 36.119073194464569 ], [ -90.268416760516502, 36.119175729812596 ], [ -90.268402096464513, 36.1192057902459 ], [ -90.268371984006436, 36.119267515478803 ], [ -90.268316231555048, 36.119375924980432 ], [ -90.268255721637601, 36.119471570371715 ], [ -90.268107476175075, 36.119548339204655 ], [ -90.267960545699694, 36.119587171318862 ], [ -90.267633318923501, 36.119727351877543 ], [ -90.267481483465218, 36.119757633823937 ], [ -90.267278572452611, 36.11976143949925 ], [ -90.266881971150497, 36.119803007161998 ], [ -90.26666947802704, 36.11993314811005 ], [ -90.266412789778684, 36.12013821339616 ], [ -90.266278080110212, 36.120274348619937 ], [ -90.266168176445419, 36.120444798811988 ], [ -90.266078321810539, 36.120636798989914 ], [ -90.265893634558978, 36.120864599649707 ], [ -90.265728264388244, 36.121135026541729 ], [ -90.265577380409326, 36.121287665755155 ], [ -90.265388517231358, 36.121485840359846 ], [ -90.265203385860815, 36.121726286103446 ], [ -90.265025279848487, 36.122063917240588 ], [ -90.26481746257376, 36.122358683887001 ], [ -90.264593324376378, 36.122674170269896 ], [ -90.264455387424022, 36.122903037670447 ], [ -90.264214049564771, 36.123264533379647 ], [ -90.264005786730152, 36.123571944655019 ], [ -90.263596574913095, 36.123976005912084 ], [ -90.263163501133704, 36.124468109416966 ], [ -90.262169349087984, 36.125394542852412 ], [ -90.261557991381309, 36.1259289653011 ], [ -90.261300537318263, 36.126155093426938 ], [ -90.261142240613211, 36.126370835270556 ], [ -90.261093786414762, 36.126567996350204 ], [ -90.261113317852463, 36.126754058462623 ], [ -90.261086086368749, 36.126939049653345 ], [ -90.260980331785106, 36.127139119199498 ], [ -90.260691842668137, 36.127360316896649 ], [ -90.26058053232876, 36.127421047759306 ], [ -90.260355792312239, 36.127453870521968 ], [ -90.26013354434987, 36.127415035842922 ], [ -90.25995893844518, 36.127351979508411 ], [ -90.259809726014538, 36.127306378516394 ], [ -90.259674781489622, 36.127299070409691 ], [ -90.259548761866284, 36.127334151697028 ], [ -90.259389074492802, 36.127440176936403 ], [ -90.259245853987707, 36.127521268058288 ], [ -90.259119101649006, 36.127577425156318 ], [ -90.25895166084895, 36.127607339418375 ], [ -90.258655792461809, 36.127592126110919 ], [ -90.258526922795781, 36.127559645790406 ], [ -90.258420158204828, 36.127489703426534 ], [ -90.25829883220969, 36.127389898610389 ], [ -90.258182849353403, 36.127285998178593 ], [ -90.258032990201329, 36.127109605798047 ], [ -90.25794598190717, 36.127069646220548 ], [ -90.25773653597426, 36.127111251090902 ], [ -90.257562433369571, 36.127183195985531 ], [ -90.257287849397073, 36.127303460121048 ], [ -90.257084332516612, 36.127324107541888 ], [ -90.256907674699903, 36.127320059215037 ], [ -90.256758170794711, 36.127282884443289 ], [ -90.256547051778327, 36.127223205148979 ], [ -90.256268827148659, 36.127149331831816 ], [ -90.256036631895014, 36.127097605207183 ], [ -90.255704835176957, 36.127068906445565 ], [ -90.255403480115419, 36.127061996914996 ], [ -90.255142515827018, 36.127089761351435 ], [ -90.254711026812302, 36.127235950096825 ], [ -90.254564956489986, 36.12724947408401 ], [ -90.254295216308947, 36.127230631420083 ], [ -90.254082630336526, 36.127213099312385 ], [ -90.253859505323788, 36.127199542921716 ], [ -90.253630155617685, 36.127215373889548 ], [ -90.253410463305698, 36.127252518137873 ], [ -90.253268854131179, 36.127287235022187 ], [ -90.253141215372679, 36.12736867626289 ], [ -90.252842019400248, 36.127598046391292 ], [ -90.252309794485484, 36.127948622039455 ], [ -90.252160489038758, 36.128054875705921 ], [ -90.252058239529546, 36.128153772818436 ], [ -90.251955989760717, 36.12825266983107 ], [ -90.251897855273626, 36.12842851228649 ], [ -90.251877415170242, 36.128567253810232 ], [ -90.25183472070529, 36.128747669494537 ], [ -90.251697028858231, 36.128968089080601 ], [ -90.251609041536057, 36.129105279568222 ], [ -90.251402624925319, 36.129357868265281 ], [ -90.251200179513091, 36.129496648787025 ], [ -90.251015232306159, 36.129580990279869 ], [ -90.250856266107405, 36.129665927315209 ], [ -90.250704259044866, 36.129700402216173 ], [ -90.250543332774228, 36.129692487839982 ], [ -90.250393533673645, 36.129663735861577 ], [ -90.250096436322011, 36.129534573146977 ], [ -90.249983597935739, 36.12948979559237 ], [ -90.249833946608902, 36.129456828439778 ], [ -90.249683558496443, 36.129444935367054 ], [ -90.249490868947234, 36.129453163041859 ], [ -90.249354450548338, 36.129487995342707 ], [ -90.249231853380479, 36.129573765965198 ], [ -90.249148761899946, 36.129719503700542 ], [ -90.248946839891147, 36.130140932466588 ], [ -90.248860066695997, 36.130392048495054 ], [ -90.248770453338707, 36.130575602313435 ], [ -90.248684078607468, 36.130666424592725 ], [ -90.24862022662478, 36.130727540030165 ], [ -90.248533438010924, 36.130810609089238 ], [ -90.248288679150576, 36.130969503849627 ], [ -90.24808622315264, 36.131108278625575 ], [ -90.247972689290691, 36.131232223428682 ], [ -90.247906507077246, 36.131340382688435 ], [ -90.247806792110708, 36.131515266772517 ], [ -90.247763792917425, 36.131704110356459 ], [ -90.247762507558519, 36.131889695242414 ], [ -90.247847789429017, 36.132127892388795 ], [ -90.247884202586064, 36.132276376921141 ], [ -90.247870128709266, 36.132381516404891 ], [ -90.247820565642101, 36.132460528086369 ], [ -90.247739088414377, 36.132559898861203 ], [ -90.247595700960062, 36.132645190464217 ], [ -90.247465060855646, 36.13266327824018 ], [ -90.247315846819717, 36.132617661575097 ], [ -90.247255850938018, 36.132548785842445 ], [ -90.247149384071207, 36.132470403711238 ], [ -90.246979385963371, 36.132424308602552 ], [ -90.24672477722865, 36.132418451995541 ], [ -90.246505067806481, 36.132455582762638 ], [ -90.246272902127174, 36.132551485773078 ], [ -90.245985091205, 36.132751570090385 ], [ -90.24569550885181, 36.133002235492292 ], [ -90.245380865709365, 36.133374658779836 ], [ -90.245293155986374, 36.133503413958458 ], [ -90.245240493541019, 36.133670941973712 ], [ -90.245249211070117, 36.133772733833297 ], [ -90.245258954884903, 36.133886509861384 ], [ -90.245327462857276, 36.134158070941929 ], [ -90.245332288951033, 36.134466132569557 ], [ -90.245309512539819, 36.13481996178006 ], [ -90.245304240110016, 36.135119353410502 ], [ -90.245341866359198, 36.135381767041928 ], [ -90.245439305255331, 36.13556962297563 ], [ -90.245529189064797, 36.135824801702846 ], [ -90.245590549282596, 36.136003390547252 ], [ -90.245576766238941, 36.136100098784731 ], [ -90.245367179685559, 36.136293544814393 ], [ -90.24517524428461, 36.136428337547407 ], [ -90.244894494287664, 36.136426093844847 ], [ -90.244588204482, 36.136410605187997 ], [ -90.244312502727695, 36.136412695111112 ], [ -90.244076748588768, 36.136462107125475 ], [ -90.243809522319694, 36.136519230542127 ], [ -90.24355268794865, 36.136576593590391 ], [ -90.24331752425438, 36.136609143509489 ], [ -90.243084130034617, 36.136591112102643 ], [ -90.242850441922883, 36.136581510106922 ], [ -90.242631309746443, 36.136601772581159 ], [ -90.242048313558271, 36.136765517067687 ], [ -90.241669303435259, 36.136895992074372 ], [ -90.241339007394217, 36.137120397061217 ], [ -90.241044493735671, 36.137362499220529 ], [ -90.240875429845204, 36.137586400731941 ], [ -90.240516071114627, 36.138046367935111 ], [ -90.240349664230536, 36.138194396624506 ], [ -90.240137078687511, 36.138324486035181 ], [ -90.23976933707813, 36.13842990474074 ], [ -90.239265895340296, 36.138549066270421 ], [ -90.238643228930258, 36.138657037347997 ], [ -90.238203916856051, 36.138727051516881 ], [ -90.237875060170296, 36.138761647165332 ], [ -90.23762592434062, 36.138747460449167 ], [ -90.237443752370041, 36.138751692184648 ], [ -90.237289505557769, 36.138849375607606 ], [ -90.237037136217069, 36.139075566159953 ], [ -90.236866115608137, 36.139206609144047 ], [ -90.236715287889808, 36.139354993145027 ], [ -90.236593549269713, 36.13941545915818 ], [ -90.236457256513688, 36.139446060356505 ], [ -90.236363867753766, 36.13943968510587 ], [ -90.236234398035606, 36.139424039951571 ], [ -90.236095719418856, 36.139374433712675 ], [ -90.236034841242414, 36.139330842875474 ], [ -90.235984947511682, 36.139270632459997 ], [ -90.235945003685416, 36.139223306297893 ], [ -90.235869275039519, 36.139158279505644 ], [ -90.235786279218814, 36.139152144747051 ], [ -90.23572822958387, 36.139176114731185 ], [ -90.235547701998314, 36.139281625440034 ], [ -90.235370445789556, 36.139442051692868 ], [ -90.23526089155682, 36.139599823823872 ], [ -90.235247258769007, 36.139839961897366 ], [ -90.235279638706913, 36.139954609180336 ], [ -90.235430059522528, 36.140114168127511 ], [ -90.235617596982067, 36.140253491343415 ], [ -90.235682192706946, 36.140339353147503 ], [ -90.235687998041598, 36.140470260641777 ], [ -90.235681782868554, 36.140647293223147 ], [ -90.235679170724907, 36.141166106807674 ], [ -90.23560482452875, 36.141506086390692 ], [ -90.235400281060777, 36.141999142443908 ], [ -90.23519884318101, 36.142403682224078 ], [ -90.234895407623057, 36.142898670409735 ], [ -90.234784514823318, 36.143094377090144 ], [ -90.234754386353671, 36.14321179889437 ], [ -90.234753957754876, 36.143372090902453 ], [ -90.234935610327625, 36.14397531269487 ], [ -90.235022802727002, 36.144306368569268 ], [ -90.235056546834812, 36.144678374364389 ], [ -90.235027024876203, 36.144926583528893 ], [ -90.235006697065842, 36.145061105020346 ], [ -90.234930831523869, 36.145147939693459 ], [ -90.234798540987015, 36.1452123785701 ], [ -90.234504109571034, 36.145302600874686 ], [ -90.234311381103211, 36.145310802319948 ], [ -90.234072767194633, 36.145292632207699 ], [ -90.233892061232382, 36.145254707256903 ], [ -90.233694578880957, 36.145250142465997 ], [ -90.233291901027528, 36.145312547884217 ], [ -90.233007120395897, 36.145424080631926 ], [ -90.232691157745066, 36.145534892527571 ], [ -90.232155452797315, 36.14583045262119 ], [ -90.231775800362684, 36.146125401382008 ], [ -90.231608469262213, 36.146298706379213 ], [ -90.231442925197385, 36.146569077421198 ], [ -90.231406414564148, 36.146867745100913 ], [ -90.231422773057943, 36.14728997064833 ], [ -90.231445660907895, 36.147674382087537 ], [ -90.231465306024688, 36.148446817322615 ], [ -90.231465243797501, 36.148452662289436 ], [ -90.23150660315126, 36.148751502874163 ], [ -90.231607013161394, 36.149298009341514 ], [ -90.231827118520528, 36.150203508924911 ], [ -90.231941444625605, 36.150764211745162 ], [ -90.2319777015189, 36.151257881575859 ], [ -90.231917775003311, 36.151691345492964 ], [ -90.231703757959849, 36.15218647350229 ], [ -90.231536676961113, 36.152617458139638 ], [ -90.231313979672237, 36.153105136621619 ], [ -90.231229807919988, 36.153465564164023 ], [ -90.231212216006952, 36.15371157210555 ], [ -90.23127830115024, 36.153865299633161 ], [ -90.231449756034408, 36.154072196395553 ], [ -90.231623505527523, 36.154213919015262 ], [ -90.23176382967911, 36.15428964112936 ], [ -90.231923286405632, 36.154329566451892 ], [ -90.232084781952125, 36.154311559568043 ], [ -90.232211321890446, 36.154271002195024 ], [ -90.232372562627106, 36.154260235968728 ], [ -90.232479206422525, 36.154277198190506 ], [ -90.232549878307935, 36.154300574421576 ], [ -90.232610857471187, 36.154345469985884 ], [ -90.232774152010791, 36.154530434462885 ], [ -90.232896363432204, 36.154612983348443 ], [ -90.232993569796733, 36.154644221674921 ], [ -90.233136187578097, 36.154654766431896 ], [ -90.233261201205096, 36.154657657035223 ], [ -90.233341058196316, 36.154673998238053 ], [ -90.233383923622355, 36.154725722456348 ], [ -90.233407912002846, 36.154805999800203 ], [ -90.23341531340931, 36.154849655305327 ], [ -90.23332732881714, 36.155318709443456 ], [ -90.233305905584928, 36.155419679453296 ], [ -90.233247744857152, 36.155548789596928 ], [ -90.233119419863939, 36.155640039874754 ], [ -90.232880119868852, 36.155837436009428 ], [ -90.232785475999904, 36.155987445746462 ], [ -90.232700015449979, 36.1561304190339 ], [ -90.232720692947538, 36.156304837400675 ], [ -90.232806170016573, 36.156415527340577 ], [ -90.2329209830759, 36.156454419878948 ], [ -90.233045999536174, 36.156457310830298 ], [ -90.233180454303209, 36.156445924201599 ], [ -90.233296541742234, 36.15644860842513 ], [ -90.233483047566622, 36.156481911139359 ], [ -90.233606281000419, 36.156535492500261 ], [ -90.233701709157941, 36.15661742140523 ], [ -90.233831072971924, 36.156750867872603 ], [ -90.23391527938027, 36.156897764207123 ], [ -90.233946925185279, 36.157014455889524 ], [ -90.233977553976132, 36.157160114537795 ], [ -90.234052576250676, 36.15731404632335 ], [ -90.234163574416499, 36.157461561804489 ], [ -90.234266914184033, 36.157572663643194 ], [ -90.234431237031444, 36.157728659275342 ], [ -90.234587649327935, 36.157855481381262 ], [ -90.234813717816223, 36.158034647067687 ], [ -90.235080113417652, 36.158337950400217 ], [ -90.235258482462086, 36.158602982719323 ], [ -90.235336841259254, 36.158916436270687 ], [ -90.235379989818114, 36.159214580541878 ], [ -90.23533129347696, 36.159583079350973 ], [ -90.235031787614489, 36.159967523425713 ], [ -90.234862901550002, 36.160195541765837 ], [ -90.234632012657002, 36.160407630271003 ], [ -90.234365654528801, 36.160611651523404 ], [ -90.233843903762732, 36.160961966517498 ], [ -90.233684450893577, 36.161175704544753 ], [ -90.233602823927484, 36.161463717457401 ], [ -90.233562283001817, 36.161854145521481 ], [ -90.233473252863178, 36.162098502786591 ], [ -90.233331911656094, 36.162305412081373 ], [ -90.233089025250436, 36.162604190383867 ], [ -90.23296707196171, 36.162768062312097 ], [ -90.232656813317405, 36.162949322460562 ], [ -90.232365943610134, 36.163087544140119 ], [ -90.232004393337007, 36.163202388241871 ], [ -90.231624981387682, 36.163316817047715 ], [ -90.231370594620387, 36.163434138653585 ], [ -90.231300859977821, 36.163505216933899 ], [ -90.23125935139592, 36.163547524407676 ], [ -90.231246958903924, 36.163607651882792 ], [ -90.231173123883281, 36.16396588359698 ], [ -90.23119099528914, 36.164219960564424 ], [ -90.231345374335234, 36.164404719888935 ], [ -90.231506901214061, 36.164640377458333 ], [ -90.231528596404928, 36.164785829845542 ], [ -90.231467621503313, 36.164994596222471 ], [ -90.231286978996252, 36.165302058553884 ], [ -90.231070357690967, 36.165615934854067 ], [ -90.230841744329382, 36.166016504441515 ], [ -90.230654716099636, 36.166251342269319 ], [ -90.230556993769767, 36.166488247911239 ], [ -90.230319705890423, 36.167135029166182 ], [ -90.230219177521846, 36.16745159202469 ], [ -90.23023857475215, 36.167662218222922 ], [ -90.230365145741644, 36.167875325469836 ], [ -90.230532285307845, 36.16795166922536 ], [ -90.230796391865368, 36.168066495422437 ], [ -90.230935973128183, 36.168163943353754 ], [ -90.23100308775426, 36.168288703489694 ], [ -90.230946203599871, 36.16888892888673 ], [ -90.23082322386918, 36.169335427167105 ], [ -90.230719889522064, 36.169731647001868 ], [ -90.230632113940018, 36.16993979234126 ], [ -90.23047748458194, 36.170269597680772 ], [ -90.230362148624096, 36.170498847360683 ], [ -90.230239411441204, 36.170684440404543 ], [ -90.230016388424104, 36.170925692228693 ], [ -90.229576970481645, 36.171219911771324 ], [ -90.22935853581015, 36.171330813098557 ], [ -90.229200578946759, 36.171501094584606 ], [ -90.229154903945357, 36.171782689248836 ], [ -90.229234523422008, 36.172059937931785 ], [ -90.229414689129371, 36.172527949502609 ], [ -90.229525955268045, 36.172921889751073 ], [ -90.22954458680853, 36.173154240740288 ], [ -90.229487425406205, 36.173254382020019 ], [ -90.229287613127681, 36.173343971763941 ], [ -90.228871655258388, 36.173479287659347 ], [ -90.228454421104971, 36.173650809806894 ], [ -90.228093070429424, 36.173758397610349 ], [ -90.227753920094372, 36.173996953177479 ], [ -90.227522713499596, 36.174216266802624 ], [ -90.22713711470648, 36.174504477001193 ], [ -90.226961537395965, 36.174667099901953 ], [ -90.226886252972363, 36.174774066656518 ], [ -90.226822703787505, 36.175055244871167 ], [ -90.226770127110612, 36.175278698469015 ], [ -90.22675481146203, 36.175459529812954 ], [ -90.226641244020158, 36.17563808436406 ], [ -90.226419472452363, 36.175843119645187 ], [ -90.226099193240273, 36.176053118224587 ], [ -90.225582399736368, 36.1765122194169 ], [ -90.22527130351726, 36.176715180813119 ], [ -90.225150077217137, 36.176857318914657 ], [ -90.225072743690561, 36.177022216658557 ], [ -90.225048489965701, 36.177202841229608 ], [ -90.225094415780347, 36.177421330942089 ], [ -90.225150550971549, 36.177603819295939 ], [ -90.225177312151274, 36.177661508656506 ], [ -90.225225318014964, 36.177764998161173 ], [ -90.225272266707066, 36.177954522091696 ], [ -90.225289608122196, 36.178223080690174 ], [ -90.225235492244025, 36.178489981845587 ], [ -90.225110683944052, 36.178733500660918 ], [ -90.224723263230999, 36.179072391960624 ], [ -90.224155915008794, 36.179443344194446 ], [ -90.223843780467448, 36.179675267714359 ], [ -90.223604636921166, 36.179865399416421 ], [ -90.223426228012187, 36.180107672246237 ], [ -90.223284314092282, 36.180329050289778 ], [ -90.223052565366913, 36.180562836570239 ], [ -90.222682735422424, 36.180909376956834 ], [ -90.222231742069496, 36.181275773960635 ], [ -90.22191142933049, 36.181485758800584 ], [ -90.22179963286689, 36.181613616533404 ], [ -90.221686557573349, 36.181777682551157 ], [ -90.221591346611419, 36.18194216247354 ], [ -90.221556103412112, 36.182180510475291 ], [ -90.221402662907863, 36.182727753050855 ], [ -90.221235195463777, 36.183165958841748 ], [ -90.221079216786777, 36.183531955059628 ], [ -90.220997516625957, 36.18381995632037 ], [ -90.22065369217411, 36.184188835522335 ], [ -90.220265967542133, 36.184534951914792 ], [ -90.2199476847684, 36.184686999443258 ], [ -90.219337179154195, 36.184759778198469 ], [ -90.218907121084769, 36.184786017442363 ], [ -90.218391068098995, 36.184716038656532 ], [ -90.218108548094847, 36.184615252744294 ], [ -90.217733407686779, 36.184352865934258 ], [ -90.217527736860092, 36.184101668832341 ], [ -90.217397846163522, 36.183982688136354 ], [ -90.217184524809539, 36.183695075357427 ], [ -90.216921415664942, 36.183551252458038 ], [ -90.21658351087909, 36.183499905372955 ], [ -90.216184320728431, 36.183664554855866 ], [ -90.216026309898751, 36.183834816299701 ], [ -90.215891505081615, 36.18410708214919 ], [ -90.215648994798741, 36.184391335498674 ], [ -90.215473116000155, 36.184561180229515 ], [ -90.215112726233613, 36.18463976023412 ], [ -90.214730155676591, 36.184587367949625 ], [ -90.214307027800544, 36.184418070815781 ], [ -90.214186332628458, 36.184292053079112 ], [ -90.214157273329164, 36.1841029429402 ], [ -90.214260665662508, 36.183960402345932 ], [ -90.214336746229705, 36.183831719394909 ], [ -90.214387311319072, 36.18366620598588 ], [ -90.214327397041245, 36.183338675731889 ], [ -90.214233243649716, 36.183220523934217 ], [ -90.214084724746314, 36.183122848382013 ], [ -90.213872138639132, 36.183067164460759 ], [ -90.213696053725712, 36.182990588837399 ], [ -90.213518428054243, 36.182957461069869 ], [ -90.213420037261017, 36.182947893363561 ], [ -90.213322424262415, 36.182938400474377 ], [ -90.213134070054622, 36.1829557548891 ], [ -90.212944175427467, 36.183016558009243 ], [ -90.212709104204862, 36.183090802828517 ], [ -90.21246664017356, 36.183121390011138 ], [ -90.212154769584217, 36.183092379598627 ], [ -90.211869954011718, 36.183056751199452 ], [ -90.211655828811985, 36.183044513273423 ], [ -90.211458798028403, 36.183054415000768 ], [ -90.211296727464898, 36.183086873869577 ], [ -90.211079262712516, 36.183168772777215 ], [ -90.210887824681777, 36.183273021466924 ], [ -90.210584312308896, 36.183512357005455 ], [ -90.21029917817043, 36.183737625682305 ], [ -90.21009649173935, 36.183906837101411 ], [ -90.209970086887893, 36.184193786404705 ], [ -90.21003075426114, 36.184499594493737 ], [ -90.210216995111281, 36.184793835738915 ], [ -90.210380549315204, 36.184971588623981 ], [ -90.21044635933508, 36.185132567234568 ], [ -90.210447068278313, 36.185364500886351 ], [ -90.210275997750003, 36.185650409696841 ], [ -90.210046507267094, 36.185818995756549 ], [ -90.20956406741746, 36.186061402678334 ], [ -90.209058425321913, 36.186201801908226 ], [ -90.208708240774513, 36.186244362426798 ], [ -90.208404007376032, 36.186251757270931 ], [ -90.208163075558005, 36.186238887302274 ], [ -90.207967581042666, 36.186205335026607 ], [ -90.207835387254349, 36.186151516749362 ], [ -90.207740726421591, 36.186047842796334 ], [ -90.207610334866658, 36.185943334660635 ], [ -90.207450828448927, 36.185903374807523 ], [ -90.207305588152877, 36.18596521028244 ], [ -90.207113880072384, 36.186076693203191 ], [ -90.206632974350327, 36.186275639066018 ], [ -90.206289405630002, 36.186383574152487 ], [ -90.205874115162246, 36.186497080654327 ], [ -90.205515254477433, 36.186532182207515 ], [ -90.205174000565577, 36.186574940923578 ], [ -90.204526193975838, 36.186690256549454 ], [ -90.204326578347519, 36.186772560811598 ], [ -90.204232869482837, 36.186893576250959 ], [ -90.204155225196658, 36.187065699634893 ], [ -90.204068048864542, 36.18750575563412 ], [ -90.204096310558683, 36.18771659141963 ], [ -90.204154380901556, 36.18809481435413 ], [ -90.204248008818169, 36.188227456180314 ], [ -90.204368178994159, 36.188367966055438 ], [ -90.204512058524912, 36.188595999469932 ], [ -90.20457682755368, 36.188785945975205 ], [ -90.20458035150709, 36.188938224118516 ], [ -90.204503734757054, 36.18908138242994 ], [ -90.204365100697643, 36.189208595676106 ], [ -90.204248628413168, 36.189466780133245 ], [ -90.204046089056931, 36.189882397044855 ], [ -90.203649332404666, 36.190228246011834 ], [ -90.203329450550697, 36.190423694444057 ], [ -90.202722925909598, 36.190634181080561 ], [ -90.202115109179402, 36.190880872213022 ], [ -90.201706918427931, 36.191045261191604 ], [ -90.201278021703203, 36.191288885921807 ], [ -90.200850319819551, 36.19174995876012 ], [ -90.200772661644521, 36.191922079262469 ], [ -90.20074705582762, 36.192138902632543 ], [ -90.200793435249238, 36.192342916097097 ], [ -90.200955435444101, 36.192564129951691 ], [ -90.20113788252192, 36.192713347254532 ], [ -90.201322366571873, 36.19277447813559 ], [ -90.20140332901731, 36.19280985171396 ], [ -90.201472166223141, 36.192952146443517 ], [ -90.201490493429688, 36.193105710830999 ], [ -90.201443577691364, 36.193669911597567 ], [ -90.201320125111735, 36.194123610553071 ], [ -90.201202604090881, 36.194410757082593 ], [ -90.201043929752061, 36.1948491359475 ], [ -90.200975881832107, 36.195253398515042 ], [ -90.200753635217211, 36.195719279205669 ], [ -90.200378475569053, 36.196210569340778 ], [ -90.200144030172154, 36.196516719956911 ], [ -90.199813888786863, 36.196748154859037 ], [ -90.199482296809251, 36.196769381052817 ], [ -90.199216856293944, 36.196690691533064 ], [ -90.199033113696359, 36.19657767693198 ], [ -90.198633766046783, 36.196242190772502 ], [ -90.198432932222076, 36.196107033534219 ], [ -90.198095248865528, 36.196048390770791 ], [ -90.197906086553957, 36.196087443807052 ], [ -90.197769494046298, 36.196156717403611 ], [ -90.197581106136425, 36.196174045735205 ], [ -90.197349598183806, 36.19614687869457 ], [ -90.197182177471873, 36.196077729332025 ], [ -90.197030816500131, 36.196059687594797 ], [ -90.196867939090509, 36.19611384955634 ], [ -90.196595269885123, 36.196237911682779 ], [ -90.196347076499549, 36.19642777386904 ], [ -90.196327643518998, 36.196444175045066 ], [ -90.196079722160363, 36.196653423195791 ], [ -90.196045439594272, 36.196720240100625 ], [ -90.195954793984711, 36.196896905717388 ], [ -90.195857184172411, 36.197126534015311 ], [ -90.195820449395157, 36.197654733225875 ], [ -90.19579523297007, 36.198110727784055 ], [ -90.195740999512324, 36.198377610713464 ], [ -90.195757981053347, 36.1986534102383 ], [ -90.195761229728831, 36.198812928490874 ], [ -90.195761892689106, 36.199044860766598 ], [ -90.195737304412773, 36.199232717254048 ], [ -90.195674651947783, 36.199484907220651 ], [ -90.195560978577461, 36.19966342611788 ], [ -90.195465948573968, 36.199820640675952 ], [ -90.195425040617337, 36.199964629763357 ], [ -90.195355003749185, 36.200173161739279 ], [ -90.195133597867567, 36.200363649177781 ], [ -90.194797077550859, 36.200522446130478 ], [ -90.194551967748367, 36.200625407262891 ], [ -90.194282124880914, 36.200669809397716 ], [ -90.194076374326016, 36.200672229159593 ], [ -90.193872950473306, 36.200609477187463 ], [ -90.193688431299222, 36.200518179352621 ], [ -90.193539908370468, 36.200420478205587 ], [ -90.193372482540838, 36.200351322396351 ], [ -90.193204540726114, 36.200296648806308 ], [ -90.192999048833926, 36.200291825972236 ], [ -90.192809615407214, 36.200338112012894 ], [ -90.192623165132858, 36.200551157417671 ], [ -90.192390745586053, 36.200799360185208 ], [ -90.19211727789245, 36.200945135062597 ], [ -90.19170344491252, 36.201015139710655 ], [ -90.191507662901259, 36.200988799998676 ], [ -90.191348137202979, 36.200948816887234 ], [ -90.191142126139354, 36.200958473179732 ], [ -90.190943238578512, 36.201019028703385 ], [ -90.190652415753419, 36.201149897061761 ], [ -90.190525002135217, 36.201212130803128 ], [ -90.190389171353075, 36.201259672116521 ], [ -90.190253082558627, 36.201314454032023 ], [ -90.190061832275788, 36.201411424291578 ], [ -90.190058529996946, 36.20141499219401 ], [ -90.189950214438596, 36.20153200670196 ], [ -90.189902433760096, 36.201617852179311 ], [ -90.189888059297118, 36.201769710281241 ], [ -90.189891295740239, 36.201929228101861 ], [ -90.189993330685056, 36.20207657370814 ], [ -90.189985560106933, 36.202293812872817 ], [ -90.18991783663509, 36.202437169725187 ], [ -90.189814374950004, 36.202579685865352 ], [ -90.189639695829939, 36.202713281545535 ], [ -90.189564072519573, 36.202827462546935 ], [ -90.189488450093179, 36.202941643515018 ], [ -90.189376311996682, 36.203076708515965 ], [ -90.189246562378727, 36.203204111763981 ], [ -90.189037437056356, 36.203300660124398 ], [ -90.188909241307343, 36.20338461499599 ], [ -90.188724846254388, 36.203539723128962 ], [ -90.188666312523665, 36.203676047486205 ], [ -90.18866035191428, 36.203842597669002 ], [ -90.18866448691972, 36.204226805888226 ], [ -90.188586270057286, 36.204413398787715 ], [ -90.188452888287415, 36.204642179221693 ], [ -90.188227305873042, 36.204948512997056 ], [ -90.188094699739182, 36.205155568966049 ], [ -90.188116579435018, 36.20529378370648 ], [ -90.188112691122214, 36.20540240260609 ], [ -90.188045220480319, 36.205538516443625 ], [ -90.187835568916753, 36.205649544665768 ], [ -90.187522326401435, 36.205656672825086 ], [ -90.187050329355586, 36.205602087978257 ], [ -90.186775419826418, 36.205537642309515 ], [ -90.186647101931712, 36.20537518121813 ], [ -90.186585218900703, 36.205105572647376 ], [ -90.186467133085671, 36.204907115328837 ], [ -90.186241830207251, 36.204706135314076 ], [ -90.186067024885531, 36.204593311137643 ], [ -90.185899596542427, 36.20452414567356 ], [ -90.185729834739121, 36.204520150868618 ], [ -90.185522777514578, 36.204558762573321 ], [ -90.185311049600344, 36.20472771647065 ], [ -90.185124567454665, 36.204940747757576 ], [ -90.184947798088757, 36.205132266031882 ], [ -90.184781260809729, 36.205287788149178 ], [ -90.184571605705898, 36.205398810475202 ], [ -90.184355090125138, 36.205451691931898 ], [ -90.184077588920445, 36.205459652555312 ], [ -90.183962992744085, 36.205413470606722 ], [ -90.183833641502915, 36.205279971304684 ], [ -90.183653278520154, 36.205072797982609 ], [ -90.183488189458302, 36.204938457591609 ], [ -90.18330263497316, 36.2048761084259 ], [ -90.183131574412585, 36.204908316051579 ], [ -90.182939527983436, 36.205026997053587 ], [ -90.182692053420766, 36.205195104097108 ], [ -90.182393305884617, 36.205296776848954 ], [ -90.182255386613775, 36.205402237456049 ], [ -90.182179231600514, 36.2055308954438 ], [ -90.182182191078638, 36.205697655158879 ], [ -90.182229306767596, 36.205879948901575 ], [ -90.182266707921414, 36.206083756844272 ], [ -90.182285979768466, 36.206294384418001 ], [ -90.182270030569569, 36.206489687605568 ], [ -90.182217822096831, 36.206698630935662 ], [ -90.182141248759677, 36.207088184575134 ], [ -90.182077765733922, 36.207362088762878 ], [ -90.181975424470778, 36.207722045133124 ], [ -90.181843417232017, 36.208161023381805 ], [ -90.18158231828167, 36.208459259029041 ], [ -90.181389740860169, 36.208592420141784 ], [ -90.181092018244271, 36.208665123553786 ], [ -90.180822400680569, 36.208702252092564 ], [ -90.180617929874629, 36.208668442585939 ], [ -90.18038873312554, 36.208576069957886 ], [ -90.179784941488322, 36.208206711114961 ], [ -90.179174301716117, 36.207779208913152 ], [ -90.178756079251485, 36.207472201928503 ], [ -90.178459049419033, 36.207276762150919 ], [ -90.178258744819715, 36.207127089274991 ], [ -90.178216747132993, 36.207118646024867 ], [ -90.178054539648272, 36.207086034048054 ], [ -90.177821968300577, 36.207087793417877 ], [ -90.177530582123097, 36.207233110874178 ], [ -90.177421529918377, 36.207331594632947 ], [ -90.177327244284072, 36.207416742552113 ], [ -90.177088946394733, 36.207577806431772 ], [ -90.176924990392322, 36.207660904725152 ], [ -90.176850126948011, 36.207753352883152 ], [ -90.17681811571461, 36.207897544693658 ], [ -90.176838934725595, 36.208064724986357 ], [ -90.176913364032103, 36.208233170882082 ], [ -90.176988055004358, 36.208394376121014 ], [ -90.177036720189236, 36.208533224770697 ], [ -90.177037587368019, 36.208757912862737 ], [ -90.1769956002464, 36.208930859068523 ], [ -90.176864259349145, 36.209101694922659 ], [ -90.176722940935932, 36.209301284014771 ], [ -90.176401177709707, 36.209793754146339 ], [ -90.176310084682527, 36.210088744947164 ], [ -90.176040803925957, 36.210365032471188 ], [ -90.175710275605766, 36.210603637075259 ], [ -90.17532899612813, 36.210761320073438 ], [ -90.174895926639067, 36.210867047200431 ], [ -90.174647297403482, 36.210817688789803 ], [ -90.174507455345378, 36.210727416950952 ], [ -90.174422790831258, 36.21059496353984 ], [ -90.174365453998746, 36.21044866224107 ], [ -90.174307596289793, 36.21031684307664 ], [ -90.174202976533465, 36.210241896754795 ], [ -90.174061573734292, 36.210195071841341 ], [ -90.173875494423726, 36.210147190018148 ], [ -90.173552256880654, 36.210183034716856 ], [ -90.173081883774145, 36.21033135786017 ], [ -90.172617836757468, 36.21055230099082 ], [ -90.172340388159014, 36.210806645486535 ], [ -90.172006978993792, 36.211124891396629 ], [ -90.171683283180556, 36.211421623911853 ], [ -90.171169853242162, 36.211771846839362 ], [ -90.170641939567915, 36.212027508564852 ], [ -90.170239641788967, 36.212271646102508 ], [ -90.170065690337509, 36.212383486930214 ], [ -90.170006074475509, 36.212548764465588 ], [ -90.169989309617122, 36.212765788021294 ], [ -90.17000907072979, 36.212961933889105 ], [ -90.170046182197609, 36.213172984814825 ], [ -90.170094315396582, 36.213326317877794 ], [ -90.170096466583217, 36.213514800198283 ], [ -90.16999086633642, 36.213715225982703 ], [ -90.1698492608908, 36.213922047165717 ], [ -90.169611711001636, 36.214061371744663 ], [ -90.169296349217717, 36.21412637982634 ], [ -90.168967029462138, 36.2140823469433 ], [ -90.168844800103173, 36.213999733175811 ], [ -90.168724399794982, 36.213866429799666 ], [ -90.168605826454353, 36.213682438575688 ], [ -90.168512755367459, 36.213535288566234 ], [ -90.168376572972164, 36.213343633391062 ], [ -90.168194146248368, 36.21319436625631 ], [ -90.167945513780666, 36.213144993751278 ], [ -90.167569432563425, 36.21315782826219 ], [ -90.167352364507977, 36.213225160385825 ], [ -90.167114027931774, 36.213386202522493 ], [ -90.166946393381281, 36.213570661369104 ], [ -90.166796106650892, 36.213770026326337 ], [ -90.166496838459295, 36.214132549109578 ], [ -90.166314986814484, 36.21421520728002 ], [ -90.165909739781114, 36.214292571563632 ], [ -90.165709755621634, 36.214382046692322 ], [ -90.165574149770464, 36.214422316564693 ], [ -90.165225915731469, 36.214406813881638 ], [ -90.165057704213723, 36.214359341822458 ], [ -90.164353868956823, 36.21428467446745 ], [ -90.164068447444606, 36.214263411188313 ], [ -90.163808264299746, 36.214286229115942 ], [ -90.163519180990335, 36.214366340414848 ], [ -90.163181755926388, 36.214546765981588 ], [ -90.162723453153561, 36.214854774895834 ], [ -90.162358169816301, 36.215063526747414 ], [ -90.161937960519012, 36.215307209381663 ], [ -90.161647824765865, 36.215416279860662 ], [ -90.161277004161093, 36.215530681823772 ], [ -90.161051512115449, 36.21558330691839 ], [ -90.160846772568604, 36.215556703732986 ], [ -90.160598138370744, 36.215507315828894 ], [ -90.160287477563244, 36.215441960887169 ], [ -90.159971483054562, 36.215394849039413 ], [ -90.159824908496205, 36.215372995266108 ], [ -90.159383093341901, 36.215224801235117 ], [ -90.158985433762396, 36.215092150014812 ], [ -90.158721551314756, 36.214969923059314 ], [ -90.158338857746941, 36.214670936594011 ], [ -90.157976137176519, 36.21431444516444 ], [ -90.15773615853746, 36.214026095499989 ], [ -90.157566095225405, 36.213782892341321 ], [ -90.157463585051161, 36.213650003259218 ], [ -90.157307986522298, 36.21350135854356 ], [ -90.157095366669921, 36.213445572017378 ], [ -90.156646749702276, 36.213485637181329 ], [ -90.1561248117237, 36.213574687715855 ], [ -90.155570559614205, 36.2138151606284 ], [ -90.155111184036429, 36.214152103054133 ], [ -90.154778742645135, 36.214441332296872 ], [ -90.154543278944075, 36.214769105625805 ], [ -90.154411092942368, 36.214961637341766 ], [ -90.154122012057528, 36.215288133778444 ], [ -90.153911239678564, 36.215428062810687 ], [ -90.153665772629566, 36.215538176826165 ], [ -90.153459197847951, 36.215562249008975 ], [ -90.153271808133439, 36.215550540278656 ], [ -90.153121473943244, 36.215503477102253 ], [ -90.152936972575574, 36.215412117089755 ], [ -90.152795049959082, 36.215379748167472 ], [ -90.15261580815374, 36.215389975345254 ], [ -90.152398461321411, 36.215464519945463 ], [ -90.152233676573758, 36.215569304717896 ], [ -90.152040771622907, 36.215709656785528 ], [ -90.151879668966288, 36.215959474273504 ], [ -90.151818174592293, 36.216175428708176 ], [ -90.151820285862271, 36.216610317354572 ], [ -90.151791907209301, 36.216899533302218 ], [ -90.151740397739033, 36.217086735850543 ], [ -90.15165550762741, 36.217207918090068 ], [ -90.151598477359343, 36.217300774296177 ], [ -90.151528831484725, 36.217494792320522 ], [ -90.151543292459948, 36.217835759423444 ], [ -90.151590082100853, 36.218271712292349 ], [ -90.151597971070643, 36.218547297703338 ], [ -90.151499677274828, 36.21879136393126 ], [ -90.151367740446901, 36.218976650185439 ], [ -90.151149066404059, 36.219087396986701 ], [ -90.150931181214972, 36.21917642017425 ], [ -90.150730643220768, 36.219280351592552 ], [ -90.150501192198149, 36.219441571068714 ], [ -90.150231264440777, 36.219732277312723 ], [ -90.150142163217552, 36.219969313731333 ], [ -90.15010010981193, 36.220142246399632 ], [ -90.149975262771193, 36.220378431554465 ], [ -90.149877748900792, 36.220600772842765 ], [ -90.149808096465762, 36.220794789476741 ], [ -90.149702697432616, 36.220987953915213 ], [ -90.149468243451437, 36.221286750572744 ], [ -90.149300025019357, 36.221485664566032 ], [ -90.149098688941194, 36.221611315092353 ], [ -90.148788536818202, 36.221777854390083 ], [ -90.148420035696731, 36.221827044675159 ], [ -90.148115668786147, 36.22183428052309 ], [ -90.147919328603081, 36.221822349612239 ], [ -90.147700388513371, 36.221693922677233 ], [ -90.14746726128638, 36.221463695564665 ], [ -90.147164220673631, 36.221188315975162 ], [ -90.146929517524043, 36.221001533292771 ], [ -90.146475352716621, 36.220700803865057 ], [ -90.146174675634271, 36.22060665980846 ], [ -90.145960203349759, 36.220601540582997 ], [ -90.145787779992773, 36.22066989824765 ], [ -90.145641112444423, 36.220767859195774 ], [ -90.145527294366275, 36.220946323508549 ], [ -90.145497045726302, 36.221286224181078 ], [ -90.145572981627907, 36.221657647628447 ], [ -90.145616633768853, 36.221766724517956 ], [ -90.145736967520861, 36.222067411091743 ], [ -90.145919880974333, 36.222448635680529 ], [ -90.145957703203578, 36.22288437585641 ], [ -90.145975561890197, 36.223131209486205 ], [ -90.145935603465404, 36.223246212152958 ], [ -90.145790509710622, 36.223300726815843 ], [ -90.145548957846614, 36.223302207873026 ], [ -90.145336321684425, 36.223246399689678 ], [ -90.14503537209545, 36.223159494629741 ], [ -90.144760444185849, 36.223094951285645 ], [ -90.144402979529701, 36.223086414302841 ], [ -90.144248949214102, 36.223140713638593 ], [ -90.144084138632692, 36.223245485875104 ], [ -90.143945610727201, 36.223365380931803 ], [ -90.143887248152467, 36.223494437543188 ], [ -90.143882505680182, 36.223624775010691 ], [ -90.143945809626757, 36.22409736051474 ], [ -90.144010432629898, 36.224533740312594 ], [ -90.144000420733562, 36.224808897866453 ], [ -90.143953850392975, 36.225351331187596 ], [ -90.143872341691903, 36.225624780762253 ], [ -90.143783477152283, 36.225854570661483 ], [ -90.143594725467821, 36.226125457073984 ], [ -90.143205932224234, 36.226485778776691 ], [ -90.142613666342228, 36.22702966522651 ], [ -90.142242737939597, 36.227390410524094 ], [ -90.141931492892084, 36.227585894499313 ], [ -90.141861972513027, 36.22760514175927 ], [ -90.14149776472054, 36.227705975868389 ], [ -90.141338479349457, 36.227658684463648 ], [ -90.141216260853824, 36.22757604204871 ], [ -90.141068814940425, 36.227449312430203 ], [ -90.140833844486323, 36.227269759026264 ], [ -90.140617804156591, 36.227061668397788 ], [ -90.140426729364108, 36.226904905952985 ], [ -90.140189387417877, 36.226790520348942 ], [ -90.139995148964701, 36.226720648311257 ], [ -90.139754640573855, 36.226693152859539 ], [ -90.13953962615787, 36.226702503993934 ], [ -90.139182373152877, 36.226933115276601 ], [ -90.138897407333573, 36.227143714342134 ], [ -90.13865056357777, 36.227289999357481 ], [ -90.138453156242875, 36.227307016581342 ], [ -90.13822999369134, 36.227294427492893 ], [ -90.137884882196261, 36.227191951994548 ], [ -90.137647543461497, 36.227077561472171 ], [ -90.137348439174687, 36.226939949717746 ], [ -90.13706483249473, 36.226867933121696 ], [ -90.136450030030105, 36.226802479003432 ], [ -90.136131204819478, 36.22671512239274 ], [ -90.135927504783311, 36.226659511459943 ], [ -90.135742471396497, 36.226582606396825 ], [ -90.135522218627415, 36.226490362952894 ], [ -90.135381870575259, 36.226414527042706 ], [ -90.135250194680083, 36.226346147263506 ], [ -90.135090652095272, 36.226306087271709 ], [ -90.134957127534634, 36.226288393340702 ], [ -90.13477103872259, 36.226240450089776 ], [ -90.13463724889661, 36.226229997041685 ], [ -90.134447988034481, 36.226268944796544 ], [ -90.134175914960082, 36.226371131999393 ], [ -90.13384916282493, 36.22650099723586 ], [ -90.133705114374081, 36.226526532465698 ], [ -90.133518232503235, 36.226500311029284 ], [ -90.133314269574214, 36.226451936970633 ], [ -90.132905287589338, 36.226384151957937 ], [ -90.132638239626857, 36.226348758196202 ], [ -90.132424811295209, 36.226314650806785 ], [ -90.13215353059239, 36.226395110474826 ], [ -90.131988696709584, 36.226499865819768 ], [ -90.13176653710461, 36.226704706511207 ], [ -90.131696834138452, 36.226898710165891 ], [ -90.131639182525461, 36.227252441721625 ], [ -90.131645676875152, 36.22756422938248 ], [ -90.131635091280558, 36.227853865394714 ], [ -90.131626093381882, 36.228100056667174 ], [ -90.131573468574146, 36.228316211778768 ], [ -90.131441467504104, 36.228501472919554 ], [ -90.131320520785749, 36.228629021158405 ], [ -90.130985081942725, 36.228751422197718 ], [ -90.130642292954661, 36.228830163061232 ], [ -90.130316318317696, 36.228938295054256 ], [ -90.130036883296214, 36.228996812971346 ], [ -90.129758772059091, 36.229019124993926 ], [ -90.129300857174314, 36.229066108549851 ], [ -90.128756943530178, 36.229263216985494 ], [ -90.128075259708609, 36.229558475042921 ], [ -90.127775826836057, 36.229674485108326 ], [ -90.127579471368151, 36.229662520015694 ], [ -90.127456471330134, 36.229601586811491 ], [ -90.127326123051532, 36.229496994157209 ], [ -90.127223383190639, 36.229371322043228 ], [ -90.127095951449803, 36.229187078583962 ], [ -90.127030815953319, 36.229011579608049 ], [ -90.126898084533224, 36.228972153831833 ], [ -90.126781636688293, 36.228976602007826 ], [ -90.126610505169779, 36.229008726113484 ], [ -90.126374957963137, 36.22909003111171 ], [ -90.126201704859284, 36.229180080627245 ], [ -90.126098356648484, 36.229315293961065 ], [ -90.126056245499157, 36.229488215356241 ], [ -90.125984668292475, 36.22973290142518 ], [ -90.125850795473852, 36.229968841340792 ], [ -90.12571737272647, 36.230436704346324 ], [ -90.12557296865414, 36.23071587432969 ], [ -90.12548635141907, 36.231126884451072 ], [ -90.125452643912226, 36.231314501847024 ], [ -90.125450971846533, 36.231604351910029 ], [ -90.125665654520986, 36.23184867183322 ], [ -90.125863260523701, 36.232070839932966 ], [ -90.12600254756309, 36.232175649990765 ], [ -90.1261178596626, 36.232446569615789 ], [ -90.126373522981723, 36.232793334978652 ], [ -90.126482551897638, 36.232991631123646 ], [ -90.12654113839362, 36.233101747493791 ], [ -90.126528222885369, 36.233210146141928 ], [ -90.12633575961101, 36.233335969941493 ], [ -90.126047103106458, 36.233401503097589 ], [ -90.125677211130608, 36.233486825128601 ], [ -90.125406693940079, 36.233545545265279 ], [ -90.125151399558149, 36.23367710384386 ], [ -90.124893184692127, 36.233888311271471 ], [ -90.124595237877386, 36.234207270577343 ], [ -90.124573382398324, 36.234315453009323 ], [ -90.124640904033114, 36.234425786074091 ], [ -90.124736035343219, 36.234515040451157 ], [ -90.124803822715805, 36.234618132252606 ], [ -90.124778517909093, 36.234820446537604 ], [ -90.124719849254987, 36.234956732957528 ], [ -90.124686136544184, 36.235144349849101 ], [ -90.124743394006941, 36.235290671121874 ], [ -90.124855341600409, 36.23540931924164 ], [ -90.125111886389618, 36.235487961078647 ], [ -90.125398427888982, 36.235480357365397 ], [ -90.125621609953697, 36.235492971362042 ], [ -90.125885767970345, 36.235608030651889 ], [ -90.126065506694061, 36.235829768955291 ], [ -90.12618533342075, 36.23597759467102 ], [ -90.126319588501275, 36.236219980105147 ], [ -90.126511450573659, 36.236355041970107 ], [ -90.126743307545127, 36.23637511000932 ], [ -90.126923393711138, 36.236343201287589 ], [ -90.127083746888033, 36.236361550161654 ], [ -90.127206226599398, 36.236436965649858 ], [ -90.127316588841566, 36.236599057079722 ], [ -90.127344481633529, 36.236635231612752 ], [ -90.127401992008899, 36.236709817465986 ], [ -90.127488455805405, 36.236791615699239 ], [ -90.127557839339644, 36.236851259849793 ], [ -90.127679260990092, 36.236955638833926 ], [ -90.127791479405843, 36.237067043250256 ], [ -90.127814317497197, 36.237176301030772 ], [ -90.127810191206322, 36.237777722360697 ], [ -90.127772698102731, 36.238313116519336 ], [ -90.127652638366513, 36.238904505491746 ], [ -90.127632829820101, 36.239201165455761 ], [ -90.127712404610079, 36.239471224919178 ], [ -90.127847465064391, 36.239691887195654 ], [ -90.127985176075185, 36.239840140921451 ], [ -90.128221742655867, 36.239976274257302 ], [ -90.128451490549239, 36.240054265486222 ], [ -90.128701765809225, 36.240060277240822 ], [ -90.128980447709225, 36.240023487097957 ], [ -90.129188680849111, 36.239956015978457 ], [ -90.129387446013624, 36.239902811368985 ], [ -90.129513113951916, 36.23989133481637 ], [ -90.129638516906965, 36.239887099340294 ], [ -90.12974498252062, 36.239911396621117 ], [ -90.129894816645631, 36.239972972035503 ], [ -90.130332996573088, 36.240222650828841 ], [ -90.130750124519579, 36.240558789147116 ], [ -90.130945116368238, 36.240853358729346 ], [ -90.130966570198851, 36.24124522460977 ], [ -90.130865265664312, 36.241568918656348 ], [ -90.130740853280642, 36.241790596419285 ], [ -90.130561749503229, 36.242039950595505 ], [ -90.130464945173415, 36.242240549825553 ], [ -90.130403630828098, 36.242449247605848 ], [ -90.130345692281537, 36.242810218169886 ], [ -90.130281462988449, 36.2430985664543 ], [ -90.130223591338535, 36.243213131932563 ], [ -90.130112617326603, 36.243311929140233 ], [ -90.129975885135394, 36.243381118414973 ], [ -90.129723744209329, 36.243425795500514 ], [ -90.129411415638174, 36.243403800370565 ], [ -90.12926131053726, 36.243349465308022 ], [ -90.129165103733541, 36.243289176951983 ], [ -90.129041286598721, 36.243249967196391 ], [ -90.128881182714181, 36.243224379989144 ], [ -90.128700287097828, 36.243278012785083 ], [ -90.128475226465397, 36.243316090132019 ], [ -90.12821547146298, 36.243324344175655 ], [ -90.127964919650339, 36.243325572108709 ], [ -90.127715429604152, 36.243297835666489 ], [ -90.127537715187202, 36.243264575938952 ], [ -90.127352121361255, 36.24320213813661 ], [ -90.127175468138532, 36.243139914922004 ], [ -90.12695279436933, 36.243112821377117 ], [ -90.126629408213475, 36.243148531940037 ], [ -90.126420898110396, 36.243223239246646 ], [ -90.126239205197905, 36.243298590894945 ], [ -90.126048838073075, 36.243366486145604 ], [ -90.12577881604561, 36.243410724032849 ], [ -90.125672081868913, 36.243393664252231 ], [ -90.12545126565135, 36.243315881439663 ], [ -90.125257798135934, 36.2432242626248 ], [ -90.125109554368521, 36.243119236041956 ], [ -90.124952372965026, 36.243013994316541 ], [ -90.124776782857126, 36.242922804725978 ], [ -90.124618275141415, 36.242853766671388 ], [ -90.124431889657146, 36.242813047124621 ], [ -90.124214971588003, 36.242873053170705 ], [ -90.124085316165619, 36.242993136965062 ], [ -90.123933535151522, 36.243228643791824 ], [ -90.123883265937579, 36.24337962580335 ], [ -90.123864769542323, 36.243640080238968 ], [ -90.124035314460073, 36.24386884798836 ], [ -90.124237190248763, 36.243975165284276 ], [ -90.12451084278419, 36.244075963153279 ], [ -90.124679088394799, 36.244123493852079 ], [ -90.124871231312881, 36.244251317761865 ], [ -90.124975047928601, 36.244348028556395 ], [ -90.125003902124561, 36.244537150984918 ], [ -90.124954696740474, 36.244659169700412 ], [ -90.12481795793498, 36.244728353647794 ], [ -90.124557136583817, 36.244765562397141 ], [ -90.124315254477565, 36.244774238675781 ], [ -90.124163824463992, 36.244756100434657 ], [ -90.123984514433403, 36.244766281433726 ], [ -90.12382122441231, 36.244827576924195 ], [ -90.123666341277513, 36.244903569593291 ], [ -90.123652492351411, 36.244921066848811 ], [ -90.123581908289765, 36.245010246690931 ], [ -90.123531901488064, 36.245153987241494 ], [ -90.123517120925499, 36.24531307057773 ], [ -90.123556237899251, 36.245466203357694 ], [ -90.123594560559283, 36.245641058776677 ], [ -90.123578982172347, 36.245821864678021 ], [ -90.123566060436104, 36.245930261652468 ], [ -90.123454010987174, 36.246058014913459 ], [ -90.123262306902404, 36.246162110199798 ], [ -90.123036173515317, 36.246229139636135 ], [ -90.122793755660112, 36.246252294040552 ], [ -90.122570012588525, 36.246254154840699 ], [ -90.122409109433335, 36.246250281386295 ], [ -90.12223714132098, 36.246304119039152 ], [ -90.122081192094342, 36.246409072281779 ], [ -90.121940727776831, 36.246579624317334 ], [ -90.121853899044225, 36.246751466754922 ], [ -90.121808480214469, 36.247257678257888 ], [ -90.121815728863339, 36.247547741305766 ], [ -90.121811647278903, 36.247902755866996 ], [ -90.121861295933073, 36.248012660109367 ], [ -90.121980600047792, 36.248174971662394 ], [ -90.122093642493553, 36.248315312185255 ], [ -90.12211751729464, 36.248344953822489 ], [ -90.122308602809383, 36.248501745764493 ], [ -90.122427377179491, 36.248678538341501 ], [ -90.122490390020744, 36.248911966125135 ], [ -90.122499235052217, 36.24915858495995 ], [ -90.122448692820484, 36.249316807095397 ], [ -90.122300347775223, 36.24945817947804 ], [ -90.122115713461369, 36.249613172120569 ], [ -90.12210119834468, 36.24962201770493 ], [ -90.121841151257755, 36.249780495067206 ], [ -90.12161181684634, 36.2499344105196 ], [ -90.120976914001403, 36.250411930034133 ], [ -90.120513186393296, 36.250857333958578 ], [ -90.120345743218124, 36.251145520570581 ], [ -90.120226650133816, 36.251350487795534 ], [ -90.119950379970518, 36.251807652297593 ], [ -90.119622330716624, 36.252212838172539 ], [ -90.119361643185684, 36.252489196228886 ], [ -90.118929767293537, 36.252797663236898 ], [ -90.118639436514357, 36.252906619757553 ], [ -90.118455051721057, 36.253054365722328 ], [ -90.118396888670247, 36.253176166220051 ], [ -90.118353412610773, 36.253385286740624 ], [ -90.11840774181367, 36.253611259471008 ], [ -90.118500492499336, 36.253765687593805 ], [ -90.118648479942351, 36.253877962946248 ], [ -90.11888560077368, 36.253999634293905 ], [ -90.119587229370268, 36.254386152723811 ], [ -90.11978885872503, 36.254499719450337 ], [ -90.119933923614241, 36.254691643077336 ], [ -90.119900985775843, 36.254857534689776 ], [ -90.119688715150716, 36.255033599764005 ], [ -90.119449091180911, 36.255223498471317 ], [ -90.11922346043896, 36.255276037927359 ], [ -90.118881874513377, 36.255318535174787 ], [ -90.118505592989791, 36.255331205718079 ], [ -90.118287837381786, 36.255412921588338 ], [ -90.118160280472395, 36.255475071141376 ], [ -90.118015531677869, 36.255761468800102 ], [ -90.11795539301076, 36.256180355876936 ], [ -90.117993329944085, 36.256608855419231 ], [ -90.118127856186462, 36.256844009563196 ], [ -90.118292664196005, 36.256985680249159 ], [ -90.118494031807728, 36.257106490452983 ], [ -90.118705937490475, 36.257184070965998 ], [ -90.118909967276622, 36.257232472911525 ], [ -90.119041145536556, 36.257315354328341 ], [ -90.119189140158014, 36.257427629288344 ], [ -90.119264280989512, 36.257574384866317 ], [ -90.119221868303583, 36.257754541972886 ], [ -90.11910271674526, 36.25783138922187 ], [ -90.118740311717957, 36.257953103260363 ], [ -90.118488383622534, 36.257990512092945 ], [ -90.118190422621595, 36.258063047205319 ], [ -90.11797585326066, 36.258057873244653 ], [ -90.117760485307301, 36.258074421337746 ], [ -90.117651337606262, 36.258122520016464 ], [ -90.117513237455171, 36.258227896974851 ], [ -90.117427982036432, 36.258356290923786 ], [ -90.117386362279049, 36.258514724692859 ], [ -90.117435212695639, 36.258646352183668 ], [ -90.117589750886367, 36.258824012023702 ], [ -90.117639400481963, 36.258933917917254 ], [ -90.117630348473241, 36.259180103979801 ], [ -90.117576860008128, 36.259417971699854 ], [ -90.117521506305422, 36.259706524410412 ], [ -90.117407563418965, 36.259884955499416 ], [ -90.117086121117651, 36.260109113129779 ], [ -90.116795646274767, 36.260464465246208 ], [ -90.116462328816738, 36.260768052911608 ], [ -90.116151835174051, 36.261180897827124 ], [ -90.116018938869047, 36.261387860200806 ], [ -90.116037802040125, 36.262091292118797 ], [ -90.11619835295599, 36.262348818041353 ], [ -90.1164344288553, 36.262499458579946 ], [ -90.116768589410967, 36.262659711670132 ], [ -90.116978377163605, 36.262795221895871 ], [ -90.117088483551214, 36.262964563944479 ], [ -90.117136270454139, 36.263125154183669 ], [ -90.117111464356128, 36.263312983392758 ], [ -90.117070106955296, 36.263464176588116 ], [ -90.116967494395553, 36.263577656226161 ], [ -90.116777337212397, 36.263638293749466 ], [ -90.116525123593732, 36.263682938644436 ], [ -90.116251564641189, 36.263821281256639 ], [ -90.115959856451838, 36.263966433657671 ], [ -90.115721527446624, 36.264120119339125 ], [ -90.115517095844041, 36.264325354447713 ], [ -90.115383392577073, 36.264554036272791 ], [ -90.11524862239537, 36.264811682260017 ], [ -90.115113851279418, 36.265069328045591 ], [ -90.115036992396597, 36.265212415870479 ], [ -90.114832822601727, 36.265410408480378 ], [ -90.114595552139818, 36.265535129022858 ], [ -90.114478250121024, 36.265561285954306 ], [ -90.114277811710451, 36.265657905984476 ], [ -90.11424681854767, 36.265689371285816 ], [ -90.114194140832751, 36.265742852171691 ], [ -90.114093654092102, 36.26579840304035 ], [ -90.113957669437568, 36.265845849037973 ], [ -90.113840632330167, 36.265864764205951 ], [ -90.113697306838958, 36.26586855020723 ], [ -90.113533964609573, 36.265929829103406 ], [ -90.113359812443917, 36.266041577477218 ], [ -90.113149096198882, 36.266174183972005 ], [ -90.112856840227622, 36.266333809334043 ], [ -90.112686688820503, 36.26633694510403 ], [ -90.112283530565094, 36.266348945507559 ], [ -90.11198953495871, 36.266312852774554 ], [ -90.111668715737864, 36.266276110119726 ], [ -90.111418627500839, 36.266262817923476 ], [ -90.111211377277755, 36.26630129152359 ], [ -90.110948876266548, 36.266381912345338 ], [ -90.11068157080021, 36.266592864420765 ], [ -90.110453232280889, 36.266717793341222 ], [ -90.110253053281298, 36.266807166088178 ], [ -90.110117864715548, 36.26683288523499 ], [ -90.110001361694316, 36.266837315377529 ], [ -90.109949849624343, 36.266778092258015 ], [ -90.109927297880859, 36.266661592115362 ], [ -90.109986819230201, 36.266503593535852 ], [ -90.10992410054142, 36.266262920642895 ], [ -90.10961930664989, 36.265791729259711 ], [ -90.109448729365852, 36.265705908165977 ], [ -90.109346935843263, 36.265654692461688 ], [ -90.109072429301946, 36.265575580767248 ], [ -90.108831018572261, 36.265569740621125 ], [ -90.10857118936363, 36.265577948470487 ], [ -90.108344989232634, 36.26564494683592 ], [ -90.108273425440487, 36.26570274984244 ], [ -90.108188179684035, 36.265771602168932 ], [ -90.108058994975266, 36.265877183266255 ], [ -90.107893511193666, 36.26599638077073 ], [ -90.107776206720686, 36.266022530084356 ], [ -90.107634216164612, 36.265990105361766 ], [ -90.10748462145321, 36.265921259790737 ], [ -90.107209848894669, 36.265849384896775 ], [ -90.10700500377601, 36.265822684539991 ], [ -90.106745976843754, 36.265809166197549 ], [ -90.106386458172651, 36.265851192330636 ], [ -90.105995837487171, 36.266008417934778 ], [ -90.105766424290806, 36.266162299949997 ], [ -90.105701377244259, 36.266219832914814 ], [ -90.105535138250815, 36.266366865951547 ], [ -90.105402739859514, 36.266559332645208 ], [ -90.105315314514428, 36.266745641041929 ], [ -90.105274851553546, 36.267114266349928 ], [ -90.105201029288992, 36.267416858738429 ], [ -90.105121740597156, 36.267625106543342 ], [ -90.105036721712921, 36.267746248172649 ], [ -90.104936761314079, 36.26778730977238 ], [ -90.104588848871032, 36.267757139150042 ], [ -90.104447926966088, 36.267695747399621 ], [ -90.10419676510665, 36.267711403063785 ], [ -90.103923172864327, 36.267849715762267 ], [ -90.103594591725113, 36.268022931624358 ], [ -90.103410678978534, 36.268156170058809 ], [ -90.103286409992933, 36.268370572821134 ], [ -90.103198175524469, 36.268578601448084 ], [ -90.103120755032876, 36.268736162378644 ], [ -90.102909746343997, 36.26887598972111 ], [ -90.102637218672655, 36.268985336950443 ], [ -90.102251394794067, 36.269012217471023 ], [ -90.10187477932088, 36.269032073468111 ], [ -90.101445854670231, 36.269014422936145 ], [ -90.100872526873388, 36.26902950423095 ], [ -90.100695304750317, 36.268981721484664 ], [ -90.100518350784213, 36.268926697495473 ], [ -90.100180448441748, 36.268867768663213 ], [ -90.099885379224617, 36.268860608109343 ], [ -90.099643424338666, 36.268869230933255 ], [ -90.099362218771901, 36.268971112474176 ], [ -90.09921432931084, 36.269097971123955 ], [ -90.099082716045316, 36.269268707810575 ], [ -90.098954317796284, 36.269352557052585 ], [ -90.098845410536512, 36.269393395326304 ], [ -90.098663363442569, 36.26947594177296 ], [ -90.098419796931367, 36.269528005150434 ], [ -90.098165947490457, 36.26961605394316 ], [ -90.098047294153957, 36.269678397257273 ], [ -90.097917822658033, 36.269791207412901 ], [ -90.097814906402135, 36.269911908931157 ], [ -90.097747755608083, 36.270033479888447 ], [ -90.097662454604361, 36.270161856560648 ], [ -90.097548986166714, 36.270325785534595 ], [ -90.097398946602382, 36.27051056673011 ], [ -90.097203929878489, 36.270701502642481 ], [ -90.096927631812619, 36.27091220513806 ], [ -90.096670826257764, 36.271079897469789 ], [ -90.096441917070166, 36.271219278034593 ], [ -90.096044187413071, 36.271325567560837 ], [ -90.09540852017372, 36.271331859761887 ], [ -90.095043788249313, 36.271272264106216 ], [ -90.09476820638956, 36.271222081381914 ], [ -90.094439779950122, 36.271148871602882 ], [ -90.094173408491827, 36.271091664894428 ], [ -90.093931982859104, 36.271085793884701 ], [ -90.093554283897305, 36.271134585082073 ], [ -90.092999899258459, 36.271121099897499 ], [ -90.092356904591583, 36.271083714569244 ], [ -90.09180063971418, 36.271120908564335 ], [ -90.091173109968011, 36.271149116855476 ], [ -90.090608708908022, 36.271164365707847 ], [ -90.090109051314343, 36.271123211440383 ], [ -90.089803690681123, 36.271152010699566 ], [ -90.089533020181406, 36.271210642154067 ], [ -90.089110879612264, 36.271251090207343 ], [ -90.08888599258016, 36.271281847371611 ], [ -90.08863320525694, 36.271340912417081 ], [ -90.088387206080114, 36.27145812022782 ], [ -90.088045807415526, 36.27149328430859 ], [ -90.087849090127804, 36.27148849043148 ], [ -90.087737487010372, 36.271450177633362 ], [ -90.087530958133584, 36.271379277097111 ], [ -90.087343720487681, 36.271360219414376 ], [ -90.087022359642901, 36.27133789108052 ], [ -90.086620523723766, 36.271313600793718 ], [ -90.086407001051967, 36.271279406783904 ], [ -90.086110849328975, 36.271301173614297 ], [ -90.085867270478531, 36.271353210736017 ], [ -90.085594981013458, 36.271455277540795 ], [ -90.085241677895382, 36.27156986075768 ], [ -90.08469084835184, 36.271701366440233 ], [ -90.084222377781884, 36.271784148792072 ], [ -90.083844132542893, 36.2718473896986 ], [ -90.083643911621635, 36.271936715770657 ], [ -90.083496532236566, 36.272049072663307 ], [ -90.083375438658038, 36.272176565854743 ], [ -90.083271958392189, 36.272311734484916 ], [ -90.083194494482342, 36.272469280423607 ], [ -90.083179622241289, 36.272628354159139 ], [ -90.083138195081801, 36.272779532232065 ], [ -90.083043925283903, 36.272907679806451 ], [ -90.082896273606877, 36.273027275791051 ], [ -90.082749430231274, 36.2731251507618 ], [ -90.082664639740102, 36.273239034527329 ], [ -90.082570907839028, 36.2733526999221 ], [ -90.082386948406111, 36.273485903679621 ], [ -90.082286159865646, 36.273548667083425 ], [ -90.082005229104325, 36.273882421080891 ], [ -90.081909876245405, 36.274039529220829 ], [ -90.081865209476234, 36.274277593428344 ], [ -90.081820003007309, 36.274530138422442 ], [ -90.081760147773949, 36.274695359855976 ], [ -90.081754753723942, 36.274840170781474 ], [ -90.081754256529791, 36.275093807611057 ], [ -90.081757534070817, 36.275246076855289 ], [ -90.081697947747244, 36.275404058249478 ], [ -90.081582281910926, 36.275625893364506 ], [ -90.081421903773432, 36.275846636247337 ], [ -90.081085959483417, 36.276215280324401 ], [ -90.080641894406881, 36.276603022348098 ], [ -90.08052811247515, 36.27677417292886 ], [ -90.080447939694665, 36.2770041214347 ], [ -90.080385380810768, 36.277241747698007 ], [ -90.080320932484156, 36.277530057143665 ], [ -90.080212852630282, 36.277788312398535 ], [ -90.080126703641156, 36.277938396322497 ], [ -90.080048147635949, 36.2781249011352 ], [ -90.079859852702583, 36.278373948296483 ], [ -90.079709216300287, 36.278573186136981 ], [ -90.079497062223467, 36.278741931297446 ], [ -90.079195481842888, 36.278908489189668 ], [ -90.07879958305746, 36.278964035148121 ], [ -90.078509373667615, 36.279065646811112 ], [ -90.078298025941962, 36.279212668048473 ], [ -90.078068791593893, 36.279359251488522 ], [ -90.077804597236806, 36.279483238063428 ], [ -90.077486476488616, 36.279613152483407 ], [ -90.077236923172293, 36.27982446148313 ], [ -90.077143445326442, 36.279930880965253 ], [ -90.076824240875837, 36.280089755874243 ], [ -90.076703683948168, 36.280168435105644 ], [ -90.076567363778253, 36.280257401416016 ], [ -90.076255404025716, 36.280465892611062 ], [ -90.07611755456746, 36.280558020212666 ], [ -90.075768814433772, 36.280788639221512 ], [ -90.075652581383224, 36.281024948893212 ], [ -90.075636340511238, 36.281220223016284 ], [ -90.075737434896595, 36.2813893800732 ], [ -90.075859930032919, 36.281464849606522 ], [ -90.076021192388424, 36.28170070310987 ], [ -90.076065118517306, 36.281962672963438 ], [ -90.076046175300945, 36.282230351707227 ], [ -90.076082780214165, 36.282448660500556 ], [ -90.076165180632429, 36.282639102037464 ], [ -90.076390127037769, 36.282847524662188 ], [ -90.076562499038062, 36.28302567258806 ], [ -90.076707771511778, 36.28321040467501 ], [ -90.076826216805642, 36.283394479349411 ], [ -90.076930045395926, 36.283730386060768 ], [ -90.076958790696295, 36.283919514404012 ], [ -90.077020066070006, 36.284196402331496 ], [ -90.077093527987074, 36.284386624596479 ], [ -90.077115493272601, 36.284517609392175 ], [ -90.077108197117226, 36.28471310251313 ], [ -90.077097387875384, 36.285002721770837 ], [ -90.077058667856377, 36.285320647018466 ], [ -90.077112351899984, 36.285561113817437 ], [ -90.077255739553706, 36.285796528498913 ], [ -90.077383942841379, 36.285959100890175 ], [ -90.077613522119165, 36.286283588190479 ], [ -90.077723840570243, 36.286445722774531 ], [ -90.077753669115779, 36.286605888600086 ], [ -90.077701387225545, 36.286807527954863 ], [ -90.077685689634876, 36.286988321629913 ], [ -90.077724462034652, 36.28714870621711 ], [ -90.077851587625148, 36.287340239700882 ], [ -90.07792694530994, 36.287479777645352 ], [ -90.0779380773632, 36.287661227534151 ], [ -90.077949749827653, 36.287828195777614 ], [ -90.077925919098817, 36.287987049166119 ], [ -90.077883687602196, 36.288399100787075 ], [ -90.077939268099868, 36.288588884307181 ], [ -90.078102170073905, 36.288781292558092 ], [ -90.078283772435341, 36.28895241743421 ], [ -90.078424708803155, 36.289013840682159 ], [ -90.078602229705012, 36.289054416965158 ], [ -90.078752920929702, 36.289094336974642 ], [ -90.078874620435371, 36.289191524684597 ], [ -90.078933984180694, 36.289279940773881 ], [ -90.078947009271701, 36.289410707561849 ], [ -90.07889715903201, 36.289547183588311 ], [ -90.078918047749525, 36.289707130556138 ], [ -90.07893188320628, 36.289816174865102 ], [ -90.078848419285166, 36.289893852274773 ], [ -90.078676867872517, 36.289933140398112 ], [ -90.078549764614138, 36.28998076169956 ], [ -90.078438118041632, 36.290093984991117 ], [ -90.078319957424796, 36.290141824721445 ], [ -90.077979826258812, 36.290140753745639 ], [ -90.077719646467358, 36.290156131394149 ], [ -90.077483596575163, 36.290244569398979 ], [ -90.077327768923809, 36.290342216885811 ], [ -90.077136707006005, 36.290424507306554 ], [ -90.076776523989409, 36.290480918993538 ], [ -90.076588705202681, 36.290476323283848 ], [ -90.076409829518298, 36.290471946126857 ], [ -90.076147216306623, 36.290552483968632 ], [ -90.075945316885964, 36.290685237366723 ], [ -90.07585425586305, 36.290726491338724 ], [ -90.075666707042529, 36.290714654251452 ], [ -90.07554257564108, 36.29068262698236 ], [ -90.075392966212576, 36.290613741488755 ], [ -90.075250405839839, 36.29059575672558 ], [ -90.075070990232931, 36.290605859179337 ], [ -90.074862037158027, 36.290687707867015 ], [ -90.074462305205586, 36.291083756672052 ], [ -90.074237644268649, 36.291346396933307 ], [ -90.073858769772372, 36.291663236343922 ], [ -90.073518104045917, 36.291915787285227 ], [ -90.073235700072658, 36.292046563852061 ], [ -90.073032166823126, 36.292222754771565 ], [ -90.072792316057445, 36.292412548502611 ], [ -90.072598537411437, 36.292567236297081 ], [ -90.072485254241428, 36.292723896297325 ], [ -90.072327791170281, 36.292864978685024 ], [ -90.072109886018836, 36.292946603858041 ], [ -90.071920708161045, 36.292978202628255 ], [ -90.071613632183983, 36.293050393902618 ], [ -90.071457522203829, 36.29315527299817 ], [ -90.071280271553832, 36.293346598951359 ], [ -90.07100328302306, 36.293571714608575 ], [ -90.070761526865113, 36.293812188283049 ], [ -90.070459598156475, 36.293985961014172 ], [ -90.070070126363262, 36.29434601046357 ], [ -90.069786250542634, 36.294627822288021 ], [ -90.069664311453593, 36.294911876227033 ], [ -90.069708095290224, 36.295228139382523 ], [ -90.069831795105969, 36.29570600299764 ], [ -90.069863791889063, 36.295931923314491 ], [ -90.070006933342427, 36.29616056874228 ], [ -90.07027270498574, 36.296490462496024 ], [ -90.070280669182239, 36.29681812666977 ], [ -90.070179016943982, 36.297102169368344 ], [ -90.069942947181971, 36.297464782344882 ], [ -90.069727084168875, 36.297827890446982 ], [ -90.069523772752873, 36.298125811715543 ], [ -90.069383229707924, 36.298367965520491 ], [ -90.069264425041226, 36.298569719312574 ], [ -90.068983337636155, 36.298783864264692 ], [ -90.068611002159201, 36.299003956779266 ], [ -90.068150481482775, 36.299148203110228 ], [ -90.067730684372066, 36.29928525989704 ], [ -90.067286079615556, 36.299544507276785 ], [ -90.067042642874981, 36.299833252429991 ], [ -90.066738270183748, 36.300128688124325 ], [ -90.066426548855759, 36.300350260963853 ], [ -90.066116053211616, 36.300539117295706 ], [ -90.065883634243335, 36.300803570274859 ], [ -90.065721945138648, 36.301069760158178 ], [ -90.065450943513653, 36.301284144061057 ], [ -90.065066028400452, 36.301569409218992 ], [ -90.064703159842452, 36.301806095298836 ], [ -90.064378560536952, 36.302101026626787 ], [ -90.064216250939864, 36.302383572776186 ], [ -90.064114261580059, 36.30267578763614 ], [ -90.06406341012395, 36.302952885496531 ], [ -90.064048375136906, 36.303353665494363 ], [ -90.064157360738747, 36.303683812157288 ], [ -90.064395566220199, 36.304074441253952 ], [ -90.064672679353592, 36.304236798723743 ], [ -90.064816279961946, 36.304453181788837 ], [ -90.064938442486252, 36.304701784562383 ], [ -90.065094296667553, 36.304861161575502 ], [ -90.06526179109882, 36.304979890418345 ], [ -90.065553307918279, 36.305027986148474 ], [ -90.065814815051425, 36.305067156688715 ], [ -90.066113372204924, 36.305197290135233 ], [ -90.066270149661179, 36.305332129048104 ], [ -90.066564415094561, 36.30557677057314 ], [ -90.066678932600965, 36.305759689761473 ], [ -90.06667096119007, 36.305972348497953 ], [ -90.066676467242033, 36.306095284720527 ], [ -90.06680017318071, 36.306302989643861 ], [ -90.066976550935934, 36.306454681850603 ], [ -90.067072086673875, 36.306604387961549 ], [ -90.067136693245899, 36.306769709264543 ], [ -90.067156280262367, 36.307056724383408 ], [ -90.06719209241146, 36.307450566007702 ], [ -90.067253328867452, 36.307705857973474 ], [ -90.067445937172138, 36.307964374382507 ], [ -90.067518198510598, 36.308195376692133 ], [ -90.067518188275173, 36.308465536846931 ], [ -90.06753349544276, 36.30859690097973 ], [ -90.067686603711394, 36.308829887086183 ], [ -90.067813380169852, 36.308955800279158 ], [ -90.067967715896486, 36.309156069543633 ], [ -90.068006997274509, 36.309228407323836 ], [ -90.068062337033581, 36.309330313571586 ], [ -90.068067538669851, 36.309461428690696 ], [ -90.068081927446585, 36.309617328615538 ], [ -90.068073345727484, 36.309846346202491 ], [ -90.06813765021495, 36.310019845113622 ], [ -90.068232579119339, 36.310185910139204 ], [ -90.068277591393155, 36.310334375252481 ], [ -90.068329645756322, 36.310564881124648 ], [ -90.068281866839413, 36.310760189107114 ], [ -90.068281245613974, 36.311046708901657 ], [ -90.068353206316843, 36.311285889781253 ], [ -90.068417205934963, 36.311467567497751 ], [ -90.068531123709022, 36.311666844991421 ], [ -90.068705371251482, 36.3118757894091 ], [ -90.068896117572265, 36.312064280365441 ], [ -90.06896873658124, 36.312136040902445 ], [ -90.069030593283514, 36.312374972558601 ], [ -90.069052332152253, 36.312604734219484 ], [ -90.069231480080063, 36.312952972021613 ], [ -90.06941522759233, 36.31317852143583 ], [ -90.069737399369671, 36.313489334582862 ], [ -90.070002611395779, 36.313700507927607 ], [ -90.070179012499125, 36.31385219630782 ], [ -90.070397063681611, 36.313972158492774 ], [ -90.070617566827323, 36.314026687151809 ], [ -90.070941584197911, 36.314018259776361 ], [ -90.071204044328553, 36.314032883195935 ], [ -90.071505399082, 36.314089392765986 ], [ -90.071685170780185, 36.314151107225221 ], [ -90.071740298673376, 36.314299819147685 ], [ -90.071784095992825, 36.314481000811057 ], [ -90.071891597358643, 36.314852038550917 ], [ -90.072001547661259, 36.315157642040759 ], [ -90.072211953466507, 36.315482081713704 ], [ -90.072399081362519, 36.315617656118548 ], [ -90.072841943109822, 36.315947792343408 ], [ -90.073328907375597, 36.316180766814696 ], [ -90.073818934274854, 36.31633194729099 ], [ -90.074028115526346, 36.316418939085551 ], [ -90.074124593785655, 36.316544103666786 ], [ -90.074113886011219, 36.316830376640745 ], [ -90.074076222940974, 36.317025934829736 ], [ -90.074112683083499, 36.317403416810187 ], [ -90.07419630260361, 36.317601946987729 ], [ -90.074490027036475, 36.317862929678597 ], [ -90.074834593500327, 36.318116970455748 ], [ -90.075133520262057, 36.318238905961366 ], [ -90.075346683830546, 36.318219565752692 ], [ -90.075562294866216, 36.318134790857648 ], [ -90.075777904308268, 36.318050016423889 ], [ -90.075969325235988, 36.318071076755373 ], [ -90.0761457467284, 36.318222756265378 ], [ -90.076189555939749, 36.31840393677188 ], [ -90.076300139910373, 36.318693179244711 ], [ -90.076422970340175, 36.318925413600844 ], [ -90.076597867149914, 36.319117989175211 ], [ -90.076765408075275, 36.319236704681664 ], [ -90.07701564125729, 36.319308322414933 ], [ -90.077258823389244, 36.319297899943393 ], [ -90.077895244168701, 36.319051498162544 ], [ -90.078124933931178, 36.318860635681737 ], [ -90.078516641191896, 36.318665549492628 ], [ -90.078969293315424, 36.318463766071048 ], [ -90.079460845131834, 36.318303866141477 ], [ -90.079593458018351, 36.318274362140073 ], [ -90.079674009454919, 36.318284518189984 ], [ -90.079802652559522, 36.318361344342463 ], [ -90.079934073154391, 36.318634719377286 ], [ -90.080042534098766, 36.318981213709669 ], [ -90.080049008332466, 36.319349773943678 ], [ -90.080125315668596, 36.319744602592344 ], [ -90.080227641113296, 36.319984519314488 ], [ -90.080352623634326, 36.320159495532657 ], [ -90.080596452209235, 36.320402871051876 ], [ -90.080870603286328, 36.32064698723407 ], [ -90.080968013439062, 36.32074760907124 ], [ -90.081328825978815, 36.320838294327878 ], [ -90.081466971493057, 36.320931723901388 ], [ -90.081640664565711, 36.321157010569166 ], [ -90.081685708647058, 36.321305471856782 ], [ -90.081901662689148, 36.32148267029747 ], [ -90.082155912477731, 36.321718110043562 ], [ -90.082283037909207, 36.321835830636758 ], [ -90.082358099963855, 36.321993211484902 ], [ -90.082322895066923, 36.322123339171753 ], [ -90.082259504405954, 36.322195471292936 ], [ -90.082144353550447, 36.322299085517159 ], [ -90.082068412892255, 36.322436404321735 ], [ -90.081920192968838, 36.322612891116371 ], [ -90.081853138088817, 36.322783173574734 ], [ -90.081635688590723, 36.322917035255237 ], [ -90.081328491341111, 36.323015955657496 ], [ -90.081083160654586, 36.323083639726804 ], [ -90.080737667816564, 36.323124315669901 ], [ -90.080505802388387, 36.323102274953492 ], [ -90.08030395480948, 36.323089154087931 ], [ -90.080121712309491, 36.323092885092557 ], [ -90.079949270617902, 36.323105041894379 ], [ -90.07984544549781, 36.323176184026202 ], [ -90.079739787651945, 36.323296401720754 ], [ -90.079759115579918, 36.323591596245556 ], [ -90.079967436984688, 36.323973278976567 ], [ -90.080188310876807, 36.324289774896499 ], [ -90.080407503033769, 36.324522704870276 ], [ -90.080431539095031, 36.324549509098908 ], [ -90.080852132488573, 36.324936379482892 ], [ -90.08133581898872, 36.325259297029604 ], [ -90.081620097228537, 36.325503659241456 ], [ -90.081806044338535, 36.32567193737804 ], [ -90.081880803311492, 36.325837498450909 ], [ -90.081912419936515, 36.326345847804568 ], [ -90.081802792363561, 36.326572397663199 ], [ -90.081633125655003, 36.326781105550666 ], [ -90.081423025574296, 36.32698882593921 ], [ -90.081054246480818, 36.327110801377941 ], [ -90.080401215015442, 36.327258572529963 ], [ -90.080035181105202, 36.327306930286014 ], [ -90.079598391830899, 36.327353556666147 ], [ -90.079302809986544, 36.327411821416675 ], [ -90.079086565189442, 36.327512959911644 ], [ -90.078881064304241, 36.327868149402725 ], [ -90.07885045804403, 36.328145749567661 ], [ -90.07888938850688, 36.328457796376476 ], [ -90.07906861385959, 36.328806022271358 ], [ -90.079107238655368, 36.329126248870864 ], [ -90.079056110611575, 36.329411533548608 ], [ -90.078916144476381, 36.329637338338166 ], [ -90.078534184885143, 36.329840849348422 ], [ -90.078145782032308, 36.329945960621075 ], [ -90.077828749119661, 36.330036444159582 ], [ -90.077634853778008, 36.330080818941575 ], [ -90.077197453328608, 36.330413956230686 ], [ -90.076880129618729, 36.330782777727954 ], [ -90.076624082344381, 36.331406886707676 ], [ -90.076519646420209, 36.331764544658796 ], [ -90.076484747282834, 36.332156652386921 ], [ -90.076380003588653, 36.33252248994274 ], [ -90.076090240431554, 36.332965664277893 ], [ -90.075854077433391, 36.333328282477481 ], [ -90.075572886830756, 36.333812599230718 ], [ -90.075471196061088, 36.334096643593945 ], [ -90.0754601803648, 36.334391095001465 ], [ -90.075498486593759, 36.334719500920123 ], [ -90.07578860327385, 36.335078633629706 ], [ -90.076014995037951, 36.33524791122916 ], [ -90.076893898747471, 36.335555963919042 ], [ -90.077530799096138, 36.335841714019011 ], [ -90.077887394800257, 36.336046922193788 ], [ -90.078080714306523, 36.336289067244927 ], [ -90.078181521743033, 36.336569881449023 ], [ -90.078281433805344, 36.337145395876213 ], [ -90.078243481855779, 36.337619295368498 ], [ -90.078147318741628, 36.338026278135715 ], [ -90.077918199533329, 36.338470939394028 ], [ -90.077616544961785, 36.339058731134038 ], [ -90.077281054012843, 36.339544177260045 ], [ -90.077156693408966, 36.33989316202733 ], [ -90.077195313772464, 36.340213388648408 ], [ -90.077212184799166, 36.340574015890134 ], [ -90.077160121832833, 36.34088383632853 ], [ -90.077017374382365, 36.341183249529607 ], [ -90.07685715866117, 36.341408555305563 ], [ -90.076567041596576, 36.341589746592824 ], [ -90.076250878037541, 36.341655685905565 ], [ -90.075998740526842, 36.341633138061233 ], [ -90.075799599803673, 36.341546394434346 ], [ -90.075557878541659, 36.341515914340249 ], [ -90.075182278878913, 36.341547648527225 ], [ -90.074865807338767, 36.341621763014317 ], [ -90.074493886993949, 36.341825505261575 ], [ -90.074313748477707, 36.342042131976896 ], [ -90.07417221278628, 36.342308824590091 ], [ -90.074083068694534, 36.342797842098719 ], [ -90.074108811083221, 36.343191433315688 ], [ -90.074221869075217, 36.343685405537272 ], [ -90.074356987792456, 36.344130797923967 ], [ -90.074771217480119, 36.344689454547733 ], [ -90.075197094853067, 36.345207462171345 ], [ -90.075504099898268, 36.345657063730179 ], [ -90.075901796711136, 36.346117072045267 ], [ -90.076290612002978, 36.346544114165525 ], [ -90.076873077780874, 36.347205123939858 ], [ -90.077364556635203, 36.347863903846125 ], [ -90.077698551627762, 36.34840421401249 ], [ -90.07792132966712, 36.34894180144002 ], [ -90.077981705897301, 36.349221627081697 ], [ -90.077812894781957, 36.349405789400571 ], [ -90.077595055681826, 36.349547817550942 ], [ -90.077118307148226, 36.349577081179582 ], [ -90.076764420331799, 36.349568417216361 ], [ -90.076379894411005, 36.349567188357824 ], [ -90.075982809005893, 36.349631144655021 ], [ -90.075734940125045, 36.349764247462538 ], [ -90.075470835249149, 36.350060685613556 ], [ -90.075248703548553, 36.350317218399546 ], [ -90.075076515326487, 36.350591347983922 ], [ -90.074843044939456, 36.35088034868469 ], [ -90.074380080716097, 36.351352019152941 ], [ -90.0741591679961, 36.351575833068118 ], [ -90.074092679925172, 36.35172974985683 ], [ -90.074010260070963, 36.35203882412106 ], [ -90.073999844363072, 36.352316915568139 ], [ -90.07385920663566, 36.352829230140166 ], [ -90.073750739257562, 36.35302305160883 ], [ -90.073530432578778, 36.353230505326579 ], [ -90.073291125881354, 36.353404746341653 ], [ -90.0730346614788, 36.35349669951254 ], [ -90.07282987164875, 36.353547416311685 ], [ -90.072493233191892, 36.353630784240302 ], [ -90.072360274054219, 36.353681655615709 ], [ -90.072010634267684, 36.353815430342173 ], [ -90.071686139080512, 36.354102191895585 ], [ -90.071487265372568, 36.35454758089621 ], [ -90.071445891329574, 36.354841286134835 ], [ -90.071334041725223, 36.355125076145711 ], [ -90.071029138371301, 36.355698849067338 ], [ -90.070805442835848, 36.35599626724315 ], [ -90.070524754159692, 36.356194047075398 ], [ -90.07017266873315, 36.356406446873599 ], [ -90.069844486449512, 36.356521192883271 ], [ -90.069478310909091, 36.356569511548742 ], [ -90.069103864896078, 36.356568505910509 ], [ -90.068752097570155, 36.356502563025217 ], [ -90.06846261565758, 36.356371014606147 ], [ -90.068246033034654, 36.356329188170548 ], [ -90.0681293174747, 36.356333573779175 ], [ -90.068065256177363, 36.356368259815532 ], [ -90.067998748269844, 36.356468152417648 ], [ -90.067967797090716, 36.356576170991623 ], [ -90.068008503735768, 36.356685949429639 ], [ -90.06815479501131, 36.356849082919631 ], [ -90.06833474043826, 36.357071059308709 ], [ -90.068427016171171, 36.357240118794422 ], [ -90.068429175149774, 36.357421469067809 ], [ -90.068360491145356, 36.357579324146769 ], [ -90.068212277290954, 36.35770621871994 ], [ -90.06811102669306, 36.357776250729245 ], [ -90.067726111033664, 36.357998858214977 ], [ -90.067270078066429, 36.358205212773562 ], [ -90.066850416663314, 36.358397955459161 ], [ -90.066514092606013, 36.358520225932054 ], [ -90.066357188734329, 36.358639651798264 ], [ -90.066288498264697, 36.358797505389795 ], [ -90.066215454116346, 36.359071282419002 ], [ -90.066236339211898, 36.359231337230071 ], [ -90.066162477879615, 36.359526849661492 ], [ -90.066064737127974, 36.35974200393639 ], [ -90.066019651521998, 36.359987460504541 ], [ -90.066029945611476, 36.360190766120155 ], [ -90.06610566615548, 36.360323161203709 ], [ -90.066335820852728, 36.36064064761527 ], [ -90.066477216598301, 36.360934197917963 ], [ -90.066600696731058, 36.361227307840508 ], [ -90.066645984105833, 36.361692540657266 ], [ -90.066628861946128, 36.361909677137852 ], [ -90.066526764475867, 36.362240755079981 ], [ -90.066340257321073, 36.362431972624442 ], [ -90.066019083400462, 36.362866444695534 ], [ -90.065826039881784, 36.363231545872466 ], [ -90.065796145493337, 36.363549894016032 ], [ -90.065775753302503, 36.363853972010133 ], [ -90.065807475885634, 36.364202842014322 ], [ -90.065898119948287, 36.364415374324416 ], [ -90.065990943425362, 36.364569945391963 ], [ -90.066190720588736, 36.364741648674148 ], [ -90.066292775378244, 36.364889194550379 ], [ -90.066326158224086, 36.364955281542741 ], [ -90.066315022418564, 36.365013022621454 ], [ -90.066204800957678, 36.365082833150439 ], [ -90.066067705864171, 36.365151982183782 ], [ -90.065742758317768, 36.365209262773483 ], [ -90.065589107580777, 36.365241745087665 ], [ -90.065425135964759, 36.365310232688763 ], [ -90.065169946899516, 36.365419989434763 ], [ -90.064966601289157, 36.365581783184403 ], [ -90.064836011365529, 36.365716358156249 ], [ -90.064758353501333, 36.365873990040534 ], [ -90.064607938425027, 36.366058840133562 ], [ -90.064217795230064, 36.366419091366481 ], [ -90.06393300261044, 36.366600635648368 ], [ -90.063639521678496, 36.366774713662103 ], [ -90.063429118407385, 36.366885568159226 ], [ -90.063372643214649, 36.366956697200685 ], [ -90.063350911437198, 36.367057689182474 ], [ -90.063375061637487, 36.367130801655144 ], [ -90.063461921821002, 36.367205457710192 ], [ -90.063612307456822, 36.367259919963288 ], [ -90.063799617965984, 36.367286282941258 ], [ -90.063996159489349, 36.367305620833235 ], [ -90.064209255843181, 36.367361625637031 ], [ -90.064306165244417, 36.367407519994472 ], [ -90.064383249904438, 36.367503689600277 ], [ -90.064570803186882, 36.367762117955884 ], [ -90.064687895732916, 36.368104487301679 ], [ -90.064722190884396, 36.368505531638441 ], [ -90.064702851078025, 36.36901993919016 ], [ -90.064675399860107, 36.369273080234372 ], [ -90.064508118686177, 36.369667819372822 ], [ -90.064410903677171, 36.369868480918768 ], [ -90.064215653567388, 36.3702915399613 ], [ -90.064085838739828, 36.370643688825297 ], [ -90.063910682314287, 36.371009225902448 ], [ -90.063711645074335, 36.371294405069648 ], [ -90.063636395987771, 36.371626140078831 ], [ -90.063583698170362, 36.371835147741521 ], [ -90.063586390099672, 36.372002006996176 ], [ -90.063623826720786, 36.372198728298926 ], [ -90.063685415263365, 36.372468562934529 ], [ -90.063760563081075, 36.372854760385245 ], [ -90.06375102478286, 36.373108341644986 ], [ -90.063758041978105, 36.373398589301686 ], [ -90.06375201095338, 36.373797293429135 ], [ -90.063713688074174, 36.374100929376119 ], [ -90.063772552642746, 36.374443215230791 ], [ -90.063803485124339, 36.374574509985401 ], [ -90.063892498553429, 36.374830514553146 ], [ -90.06396795422738, 36.374970156291077 ], [ -90.064015443237267, 36.375138117396652 ], [ -90.064007540133375, 36.375348226960185 ], [ -90.063990676462993, 36.375558116106738 ], [ -90.063922510202573, 36.375701476828901 ], [ -90.063798679439401, 36.375894230998213 ], [ -90.06365747318894, 36.376072053916062 ], [ -90.063344128629495, 36.376296405272846 ], [ -90.063114687853954, 36.376435797456956 ], [ -90.062884975859944, 36.376582434331787 ], [ -90.062761139944058, 36.376775187191676 ], [ -90.062737767838414, 36.376919649453527 ], [ -90.062741546919654, 36.377057527138376 ], [ -90.062768387411637, 36.377297499688787 ], [ -90.062924206663737, 36.377446371485568 ], [ -90.063084389710511, 36.377479320349771 ], [ -90.063282319534324, 36.377462434956193 ], [ -90.063516632804294, 36.377431940700518 ], [ -90.063671672595419, 36.377363235763525 ], [ -90.063936679882005, 36.377231969281674 ], [ -90.06420114234038, 36.377115193346242 ], [ -90.064490846621013, 36.37704254767803 ], [ -90.064814481293098, 36.37702149939836 ], [ -90.064955655552779, 36.377082985611878 ], [ -90.065104972259874, 36.377166428267536 ], [ -90.06528876552423, 36.377286976685063 ], [ -90.065489388903302, 36.377436946834266 ], [ -90.065717709065567, 36.377565842063241 ], [ -90.065966400558864, 36.377629970251576 ], [ -90.066285408983603, 36.377732086338497 ], [ -90.066455914463518, 36.377729025262632 ], [ -90.066632385383912, 36.377805880707342 ], [ -90.066725769041398, 36.377945961409807 ], [ -90.066759157049859, 36.378012049325854 ], [ -90.066726559812182, 36.378163536715519 ], [ -90.066668989391616, 36.378263648427463 ], [ -90.066502267219533, 36.37840458847139 ], [ -90.066343687167887, 36.37856748388468 ], [ -90.066183473440972, 36.378773849897684 ], [ -90.066043356234289, 36.37892269503466 ], [ -90.065980064419421, 36.379174955064308 ], [ -90.066002313460302, 36.379298783098349 ], [ -90.066005008603781, 36.379465642336228 ], [ -90.065982457338208, 36.379588369984418 ], [ -90.065942532144803, 36.379696166872229 ], [ -90.065828476275442, 36.379867407834212 ], [ -90.065657117984401, 36.380131513675479 ], [ -90.065386895943462, 36.380639752416961 ], [ -90.064997736388449, 36.381210333061986 ], [ -90.064836695794654, 36.381438432151732 ], [ -90.064684068115724, 36.381681242453396 ], [ -90.06446653838907, 36.381980469945724 ], [ -90.064193337997281, 36.382329092194389 ], [ -90.064005683544764, 36.382549283558454 ], [ -90.06382969747834, 36.382690967587585 ], [ -90.063581517517207, 36.3828579304882 ], [ -90.06343379074012, 36.382970324993401 ], [ -90.063321360211461, 36.383098092333171 ], [ -90.06326214432525, 36.38324167260857 ], [ -90.063236043609393, 36.383458586800536 ], [ -90.063273483945039, 36.383655308122009 ], [ -90.063296821232896, 36.383750156025187 ], [ -90.063382879641281, 36.3838465481019 ], [ -90.06341626696522, 36.383912635982718 ], [ -90.063464575741705, 36.384058861919016 ], [ -90.063516429222702, 36.384110900481062 ], [ -90.063639694052625, 36.384171948701606 ], [ -90.063764594906033, 36.384189525219668 ], [ -90.064076027844266, 36.384255201259847 ], [ -90.06460929263892, 36.384384348126815 ], [ -90.064957114965665, 36.384436413235761 ], [ -90.065444489598022, 36.384593435166742 ], [ -90.066030432286368, 36.384752878292254 ], [ -90.066511847107961, 36.384829978436819 ], [ -90.066975343155519, 36.384906637197908 ], [ -90.067395941757496, 36.38493147642258 ], [ -90.067789388136816, 36.384962898910793 ], [ -90.067931123437518, 36.385009892010046 ], [ -90.068063080587109, 36.385078400218561 ], [ -90.068184989625706, 36.385175669668463 ], [ -90.068261278577808, 36.385293573857354 ], [ -90.068300365604415, 36.385446823312755 ], [ -90.068303065003207, 36.38561368168137 ], [ -90.068271010957915, 36.385750679935057 ], [ -90.068148260803369, 36.385914457513046 ], [ -90.067870729291329, 36.386139699724858 ], [ -90.067648593807917, 36.386322790480541 ], [ -90.067491904951595, 36.386434970661448 ], [ -90.067336577298931, 36.386510924042724 ], [ -90.06717392383753, 36.386543186236494 ], [ -90.067028918108647, 36.386583133728877 ], [ -90.066845890593385, 36.386680162094436 ], [ -90.066527090440346, 36.386810112143273 ], [ -90.066245220650288, 36.386911961844703 ], [ -90.066035036922955, 36.387015572290281 ], [ -90.065923966494822, 36.387107116314397 ], [ -90.065829999872946, 36.38722083530061 ], [ -90.06579902945461, 36.387328852110031 ], [ -90.065811773901146, 36.38746695096426 ], [ -90.065908163570413, 36.387527335309301 ], [ -90.065969799051771, 36.387557857884232 ], [ -90.066119953557333, 36.387619564727011 ], [ -90.066378999835706, 36.387647688084279 ], [ -90.066706464995136, 36.387764514399599 ], [ -90.066885137209312, 36.387783410264952 ], [ -90.067205003598815, 36.38786378935864 ], [ -90.067488483885811, 36.38795777719163 ], [ -90.067752680578494, 36.388087550603025 ], [ -90.06791288655387, 36.388120493986996 ], [ -90.068057548312439, 36.388128233979216 ], [ -90.068163520156304, 36.388133904071339 ], [ -90.068505122507617, 36.388113287216797 ], [ -90.068773950218613, 36.38811989019414 ], [ -90.068862469907572, 36.388151072503291 ], [ -90.068913513106395, 36.388224844401023 ], [ -90.068902102485552, 36.388289830604002 ], [ -90.068809499492801, 36.388367327242349 ], [ -90.068662313218567, 36.388465238621841 ], [ -90.068461905694761, 36.388547337956403 ], [ -90.068323408426323, 36.38865271415861 ], [ -90.068282935309085, 36.388775000971705 ], [ -90.068243279920196, 36.388875553279114 ], [ -90.068248429146053, 36.388977206231694 ], [ -90.068298384308065, 36.389079958958604 ], [ -90.068384182324507, 36.389183593035696 ], [ -90.068506370127395, 36.389273616369373 ], [ -90.068690739564005, 36.389379671458002 ], [ -90.068937293312175, 36.389501756283103 ], [ -90.069110254247988, 36.389672797889126 ], [ -90.069497717914871, 36.390102920587466 ], [ -90.069887344786054, 36.390714392683599 ], [ -90.070178401798358, 36.391323442830092 ], [ -90.070314944117143, 36.391986714739367 ], [ -90.07034288034356, 36.392437016498498 ], [ -90.070271152742734, 36.392913878863268 ], [ -90.070250490245243, 36.393225201008867 ], [ -90.070350953834506, 36.393416215708996 ], [ -90.070507634635646, 36.393543343925217 ], [ -90.070631191967806, 36.393597139711197 ], [ -90.070882385881831, 36.393596054537717 ], [ -90.071357907924053, 36.393353909386562 ], [ -90.071759830509038, 36.39316072006374 ], [ -90.072178585165275, 36.39299694960971 ], [ -90.072596795456832, 36.392847667950257 ], [ -90.073076647809003, 36.392728903965072 ], [ -90.073480729227995, 36.392717058317942 ], [ -90.073801440008694, 36.392775685406427 ], [ -90.074161251617738, 36.392987560584707 ], [ -90.074533280896745, 36.3933520227231 ], [ -90.074798319633359, 36.393699357594222 ], [ -90.075121743776279, 36.394164153153696 ], [ -90.075520397381169, 36.394536516740388 ], [ -90.075886195792663, 36.394828302919713 ], [ -90.076311741576802, 36.395201322911262 ], [ -90.076843203447297, 36.39562044785005 ], [ -90.077200864589273, 36.395890275323033 ], [ -90.077613656577185, 36.396125193585554 ], [ -90.077904785145705, 36.396255603884093 ], [ -90.078082123442513, 36.396310709908718 ], [ -90.078213565914055, 36.396393698424227 ], [ -90.078287710149169, 36.396569558757676 ], [ -90.078321663384784, 36.396860465360923 ], [ -90.078390650448469, 36.397173985187749 ], [ -90.078404922154078, 36.397320873623713 ], [ -90.07841464427095, 36.397420934130693 ], [ -90.078429496250507, 36.397573789096015 ], [ -90.078464263292389, 36.397842960054739 ], [ -90.07850175255119, 36.398278989893988 ], [ -90.078603875724937, 36.398665840087759 ], [ -90.078708172070677, 36.39899472780256 ], [ -90.078792095903196, 36.399149070837126 ], [ -90.078954508951171, 36.399363351634342 ], [ -90.07909954001164, 36.39956270218466 ], [ -90.079420292092394, 36.39986062819834 ], [ -90.07977798002571, 36.400130449027266 ], [ -90.080171522046854, 36.400401147026997 ], [ -90.08062780245416, 36.400673377768683 ], [ -90.08090890466886, 36.400832544065516 ], [ -90.081475452254992, 36.401034950611383 ], [ -90.081944770299202, 36.401198717713477 ], [ -90.082105282373689, 36.401224398268326 ], [ -90.08236546600277, 36.401223508287408 ], [ -90.082680508642198, 36.401194951557329 ], [ -90.082897778213123, 36.40114224835488 ], [ -90.083071589198624, 36.401052222322896 ], [ -90.083338275982641, 36.400877444018342 ], [ -90.083624783078321, 36.400652386578663 ], [ -90.08377278871582, 36.400532721422906 ], [ -90.083881964147864, 36.400491878367951 ], [ -90.083990325609207, 36.400472770856084 ], [ -90.08409706158703, 36.40049713459841 ], [ -90.084212218243849, 36.400536207694572 ], [ -90.084370293103646, 36.400627092246168 ], [ -90.08449197464121, 36.400731592019078 ], [ -90.084742949150723, 36.400977035488573 ], [ -90.084959157471715, 36.401192622685954 ], [ -90.085246796264101, 36.401417205251086 ], [ -90.08558712990677, 36.401672082438694 ], [ -90.085929359956765, 36.401876241166349 ], [ -90.086165123634913, 36.402048791830701 ], [ -90.086250876654717, 36.402070882201656 ], [ -90.086413912741847, 36.402112881454265 ], [ -90.086682791854457, 36.402119446259171 ], [ -90.087139886879228, 36.402130605048704 ], [ -90.087712145402364, 36.402180832040806 ], [ -90.088042681172325, 36.402217905945307 ], [ -90.088337366763014, 36.402254105083614 ], [ -90.088506575806889, 36.40228724115336 ], [ -90.088710284205462, 36.402357477947099 ], [ -90.089055230606363, 36.402489175639509 ], [ -90.0892597503085, 36.402537675742693 ], [ -90.089829578052502, 36.402653100941301 ], [ -90.090550153916851, 36.402815710220523 ], [ -90.09140301210212, 36.403039554499351 ], [ -90.091719187779418, 36.403221306331019 ], [ -90.091984828449256, 36.403314802615732 ], [ -90.092233355855399, 36.403386125728055 ], [ -90.09254408413716, 36.403473468519103 ], [ -90.092828465001418, 36.40354566399013 ], [ -90.09298898645342, 36.403571330262288 ], [ -90.093140544054705, 36.403596778857775 ], [ -90.093335836731171, 36.403652299147609 ], [ -90.093738896386597, 36.403669368405879 ], [ -90.094553439418121, 36.403718211670721 ], [ -90.095083600537976, 36.403694859890038 ], [ -90.095400000354829, 36.403630042429285 ], [ -90.09590731883155, 36.403497352953458 ], [ -90.096306542286356, 36.40337653378942 ], [ -90.096550159428404, 36.403338950485335 ], [ -90.096934752667138, 36.403370063315954 ], [ -90.097325074870284, 36.403488336687836 ], [ -90.097659191809157, 36.403670509478687 ], [ -90.097842289535848, 36.40381274915881 ], [ -90.098035968714086, 36.403911734689544 ], [ -90.098204647117726, 36.403959347958441 ], [ -90.098490382806716, 36.403995303638894 ], [ -90.098688107157088, 36.403985607538111 ], [ -90.098961847778639, 36.403861728383134 ], [ -90.099204049693199, 36.403621051943183 ], [ -90.09940008609027, 36.403415511254906 ], [ -90.099697409610769, 36.403139914250893 ], [ -90.099948029757343, 36.402913943636314 ], [ -90.100244541111863, 36.40266008105489 ], [ -90.10054024121672, 36.402427953601382 ], [ -90.1007623521824, 36.402244799690486 ], [ -90.101056702436509, 36.402048897465065 ], [ -90.101265539132868, 36.401981451915432 ], [ -90.101418714128371, 36.401963417091913 ], [ -90.101571619767597, 36.401952627405045 ], [ -90.101685980580882, 36.402013420116369 ], [ -90.101808228261874, 36.402103412685499 ], [ -90.102051646365979, 36.402312377911706 ], [ -90.102353228198254, 36.402646037895551 ], [ -90.10268716643526, 36.403074757203242 ], [ -90.102949672054834, 36.403494490419753 ], [ -90.103194523709334, 36.403906541743574 ], [ -90.103470924535287, 36.404435389389782 ], [ -90.103647574865448, 36.404751509877009 ], [ -90.103775293485057, 36.404935907752972 ], [ -90.103902742460946, 36.405127550834777 ], [ -90.104022844672201, 36.405275504209712 ], [ -90.104115167383412, 36.405332268631277 ], [ -90.104145637182327, 36.405351003064148 ], [ -90.104286895419207, 36.405412447054374 ], [ -90.104474314878743, 36.405438750729587 ], [ -90.104626420068755, 36.405449693471567 ], [ -90.104779600341857, 36.405431654582543 ], [ -90.104970517323665, 36.405363766987669 ], [ -90.105327074876328, 36.405183867299023 ], [ -90.106013833806472, 36.40480892163076 ], [ -90.106563451176825, 36.404503165362492 ], [ -90.106940614485794, 36.404251240553343 ], [ -90.107480186337682, 36.403974244774354 ], [ -90.108042611466075, 36.403806578647995 ], [ -90.108477673430997, 36.403686586870997 ], [ -90.10875633213378, 36.403671583269229 ], [ -90.109078193841441, 36.403701137030211 ], [ -90.109406602632561, 36.403796115540693 ], [ -90.109672270216805, 36.403889574373601 ], [ -90.109989569290391, 36.404042298242103 ], [ -90.110254164458681, 36.404164736499261 ], [ -90.110578280986189, 36.404375639979889 ], [ -90.110730487799032, 36.404625890721796 ], [ -90.110834122530179, 36.404976492646938 ], [ -90.110836911953641, 36.405143354613472 ], [ -90.110781894108555, 36.405417596194773 ], [ -90.110719522442551, 36.405648147420685 ], [ -90.110576316560213, 36.406123307350157 ], [ -90.110572826006162, 36.40621749740955 ], [ -90.110531601630555, 36.406361537877707 ], [ -90.110472451610619, 36.406505144244313 ], [ -90.110374493164855, 36.406727582464633 ], [ -90.110319741890336, 36.40699457738647 ], [ -90.11031141716488, 36.407219186165541 ], [ -90.110313667026034, 36.407400538788188 ], [ -90.110407162241714, 36.407540589755925 ], [ -90.110494648171908, 36.407600723449164 ], [ -90.11058159831542, 36.407675347885593 ], [ -90.110670428199825, 36.407699254549804 ], [ -90.110795379240301, 36.4077167847799 ], [ -90.11093879534279, 36.407720257278648 ], [ -90.111074321954462, 36.407694530129241 ], [ -90.111265238672161, 36.407626633353274 ], [ -90.11149362050736, 36.407516130954647 ], [ -90.111868906507169, 36.407314909300219 ], [ -90.112182520423744, 36.407083186300973 ], [ -90.112475521358874, 36.406923481656492 ], [ -90.113043325820158, 36.406610883548105 ], [ -90.113336054974496, 36.406458423826606 ], [ -90.113555467304934, 36.406347700338394 ], [ -90.11399402192508, 36.406133498373443 ], [ -90.114359527422025, 36.405953786806165 ], [ -90.114722080829438, 36.405853775390149 ], [ -90.115083294113063, 36.405789989047868 ], [ -90.115208780716529, 36.405793022853942 ], [ -90.115325302974284, 36.405795839816726 ], [ -90.11555727646622, 36.405830456015018 ], [ -90.115715935983744, 36.405906810178756 ], [ -90.115802889609128, 36.405981430964466 ], [ -90.115860808297526, 36.406113366016498 ], [ -90.115872302554195, 36.406287690361815 ], [ -90.115792823406963, 36.406496075315715 ], [ -90.115715220022878, 36.406653742241225 ], [ -90.115472252555932, 36.406916191129071 ], [ -90.11523116114229, 36.407127920640875 ], [ -90.114909397584583, 36.407337699110236 ], [ -90.114563422330619, 36.407474372218758 ], [ -90.114136507787066, 36.407616338679297 ], [ -90.113898359843603, 36.407748365689926 ], [ -90.113669443934825, 36.407873363626663 ], [ -90.113520931581036, 36.408007558034292 ], [ -90.113450674839427, 36.408208912416221 ], [ -90.113394858417209, 36.408504891607393 ], [ -90.113374091008168, 36.408823474344892 ], [ -90.113406031980702, 36.409172339759863 ], [ -90.113453643557634, 36.409340286015322 ], [ -90.11355611145089, 36.409480551700192 ], [ -90.113677311839112, 36.409599513853593 ], [ -90.113899796599185, 36.409648406838762 ], [ -90.114061679327634, 36.40963781852588 ], [ -90.114197207382901, 36.409612088810015 ], [ -90.114344113837319, 36.409521367058822 ], [ -90.114428274356129, 36.409429126829878 ], [ -90.114560469793744, 36.40925102538607 ], [ -90.11471354151621, 36.408993656826951 ], [ -90.114846425840383, 36.40855450249984 ], [ -90.114919092533711, 36.408287937529217 ], [ -90.115013553935981, 36.408159686406528 ], [ -90.11510640637384, 36.408074908588524 ], [ -90.115262004273859, 36.407991646738175 ], [ -90.115397262164393, 36.407973160951236 ], [ -90.115576533334774, 36.4079774946591 ], [ -90.115683291244054, 36.408001830997705 ], [ -90.115895737361356, 36.408079486034623 ], [ -90.116053864528268, 36.408170330758196 ], [ -90.116158747917652, 36.408245385571298 ], [ -90.116384296335283, 36.408453890618503 ], [ -90.116662021943625, 36.408707167498171 ], [ -90.117019872886132, 36.408981432751276 ], [ -90.117390285765367, 36.409079303509117 ], [ -90.117664407429814, 36.40910370966585 ], [ -90.11782993109837, 36.409089923801133 ], [ -90.118115700798469, 36.409096826127126 ], [ -90.118367839794089, 36.409120699736398 ], [ -90.118627029681633, 36.409251449788236 ], [ -90.118795992812579, 36.409442266084952 ], [ -90.118898025407404, 36.409658143207842 ], [ -90.118977090277696, 36.409900141916843 ], [ -90.118991849344496, 36.410096126640788 ], [ -90.118950011064712, 36.410335205173375 ], [ -90.118875197766158, 36.410573488361223 ], [ -90.118717982842924, 36.410852642460405 ], [ -90.118645863869475, 36.411104718402093 ], [ -90.118563706947668, 36.411385560382477 ], [ -90.118526905874731, 36.411652993810435 ], [ -90.118527298435836, 36.411885065022133 ], [ -90.118572245374267, 36.412125464089044 ], [ -90.118587265189646, 36.412176431499724 ], [ -90.118637261984986, 36.412308333491943 ], [ -90.118739743089776, 36.412448594349279 ], [ -90.118889722762532, 36.412517483956591 ], [ -90.119050273481648, 36.412543116312875 ], [ -90.119185537629861, 36.412524626525162 ], [ -90.119368032883429, 36.412442008856274 ], [ -90.11960851802138, 36.412175983110146 ], [ -90.119761912977452, 36.412032076881133 ], [ -90.119898942721221, 36.411854024822937 ], [ -90.120072621647182, 36.411672639593313 ], [ -90.120290809102286, 36.411416409946405 ], [ -90.120519421608677, 36.411160431446277 ], [ -90.120765150266848, 36.411006089372322 ], [ -90.120978042233304, 36.410893132138455 ], [ -90.121210230448639, 36.410822815938467 ], [ -90.121467707552554, 36.41077419820077 ], [ -90.121761365858646, 36.410734887846047 ], [ -90.122082132457066, 36.41073329490807 ], [ -90.122578951557728, 36.410744953313348 ], [ -90.123330257186254, 36.410833393542177 ], [ -90.123910664709143, 36.410893743477935 ], [ -90.124548309691122, 36.410909111612959 ], [ -90.125319651427304, 36.411007533413752 ], [ -90.12593940156728, 36.411096158207435 ], [ -90.12643860071114, 36.411157310966892 ], [ -90.126804327323882, 36.411129271004782 ], [ -90.127185010786391, 36.411107730769189 ], [ -90.127534876786697, 36.411097729816362 ], [ -90.127824014621154, 36.411086266945958 ], [ -90.128187707503784, 36.41111344407885 ], [ -90.12851299298741, 36.411151979113498 ], [ -90.128783559172945, 36.411232184484859 ], [ -90.128956254055595, 36.411494272054668 ], [ -90.12900306360406, 36.41166735279738 ], [ -90.128987563855659, 36.411881922200337 ], [ -90.12894906406585, 36.412102079814531 ], [ -90.128894100776321, 36.4122111041533 ], [ -90.128842747400043, 36.412327458235659 ], [ -90.128698143323192, 36.412519786671488 ], [ -90.128536375203609, 36.412786108141667 ], [ -90.128280119671032, 36.413142272755017 ], [ -90.127999278822955, 36.413546975432148 ], [ -90.127677539787456, 36.414030527885338 ], [ -90.127438696152694, 36.414261020746629 ], [ -90.127084164248018, 36.414629586116305 ], [ -90.126827970215899, 36.415007771238955 ], [ -90.126629566869426, 36.41527856699674 ], [ -90.126513444900056, 36.415507833457447 ], [ -90.126470374811746, 36.415702598712819 ], [ -90.126486850512336, 36.41598582098937 ], [ -90.126558449080065, 36.416234112146128 ], [ -90.126688644555216, 36.416353279097919 ], [ -90.126889221561484, 36.416510399417973 ], [ -90.127135957654176, 36.416632372200226 ], [ -90.127508200141136, 36.416757366164539 ], [ -90.12780189726432, 36.416822451982881 ], [ -90.128240366025281, 36.416854762147473 ], [ -90.128807009253265, 36.416817636071059 ], [ -90.129161701553954, 36.416688383717791 ], [ -90.129437579316075, 36.416506470678172 ], [ -90.129697661273809, 36.416266161628684 ], [ -90.129924552626065, 36.415952533491627 ], [ -90.130058593432352, 36.41572369454164 ], [ -90.130356397136481, 36.415433527837401 ], [ -90.130734611930677, 36.415152545095332 ], [ -90.131083263905481, 36.414943369473519 ], [ -90.131465370647035, 36.414800266205134 ], [ -90.132029165703528, 36.414596259921773 ], [ -90.132586391289607, 36.414326826599684 ], [ -90.133523582750499, 36.413972243603375 ], [ -90.134023284727235, 36.413802947468142 ], [ -90.134858925032773, 36.413525686522561 ], [ -90.135582463353217, 36.413369011274753 ], [ -90.136070263807682, 36.413279192808716 ], [ -90.13643886604892, 36.413259031918876 ], [ -90.136789539625681, 36.413238439658876 ], [ -90.137120686773756, 36.413260889458925 ], [ -90.137495592422383, 36.413313395885254 ], [ -90.137745263423398, 36.413355645071334 ], [ -90.137921890098198, 36.413432402221844 ], [ -90.138178397983722, 36.413532829999383 ], [ -90.138397985219754, 36.413661380416364 ], [ -90.138519763266032, 36.413765828993888 ], [ -90.138772398670653, 36.413977820136587 ], [ -90.138843472811786, 36.414139584385183 ], [ -90.1389378354407, 36.414266338558903 ], [ -90.13890932947487, 36.414443500053309 ], [ -90.138793538870658, 36.414600784241131 ], [ -90.138658371893229, 36.414686464908009 ], [ -90.138360212996133, 36.414690254852793 ], [ -90.138087107530197, 36.414663871798943 ], [ -90.137821992507753, 36.414693080903177 ], [ -90.137634474587486, 36.414706367654887 ], [ -90.13735673479205, 36.414779734313548 ], [ -90.13708998759364, 36.414853364074673 ], [ -90.136670278305814, 36.415019562271553 ], [ -90.13648699483177, 36.415123943569853 ], [ -90.136182114300453, 36.415363192733835 ], [ -90.135876965618436, 36.415609687466379 ], [ -90.135540927100521, 36.415964218718592 ], [ -90.135211185792514, 36.416391420328083 ], [ -90.135010143392492, 36.416734687337751 ], [ -90.134918541153496, 36.417029817630571 ], [ -90.134898123247481, 36.41734116198743 ], [ -90.134925725185639, 36.417566636332936 ], [ -90.13504434353095, 36.417827621561294 ], [ -90.135240792229595, 36.418170243963203 ], [ -90.135350606917157, 36.418475215793514 ], [ -90.13542156677282, 36.418939316119598 ], [ -90.135485453434086, 36.419296538631336 ], [ -90.135442678790895, 36.419562279239614 ], [ -90.135368231079696, 36.419791689134122 ], [ -90.135282463592517, 36.420029720171769 ], [ -90.13514717125878, 36.420417729466166 ], [ -90.135100148589487, 36.420798966083545 ], [ -90.135019819044004, 36.421188295847791 ], [ -90.134922075883111, 36.421452715251299 ], [ -90.134739654284189, 36.421626179061008 ], [ -90.134680433063778, 36.421668449469401 ], [ -90.134558865335592, 36.421755220390494 ], [ -90.134333776237341, 36.421892089474596 ], [ -90.134085393450064, 36.422063967856133 ], [ -90.133997658550896, 36.422355303989278 ], [ -90.133969136138731, 36.42253246253717 ], [ -90.134017240315842, 36.422720354837004 ], [ -90.134110950748081, 36.422864882177933 ], [ -90.134258321160786, 36.42304626587439 ], [ -90.1344399795627, 36.42319290547627 ], [ -90.134634264226108, 36.423295385774544 ], [ -90.134863490006964, 36.42334535230885 ], [ -90.135105995803627, 36.423333391719346 ], [ -90.135350134670119, 36.423277008452878 ], [ -90.135594600914132, 36.423211740439122 ], [ -90.135874657531147, 36.423076187728746 ], [ -90.136171911299229, 36.422772095425415 ], [ -90.136298316599877, 36.4225127563003 ], [ -90.13638611358968, 36.422332625593761 ], [ -90.136518139085823, 36.422033459347738 ], [ -90.136657565501537, 36.421832283678953 ], [ -90.136796010732368, 36.421657761492021 ], [ -90.13697875445007, 36.421475410065966 ], [ -90.137215157244512, 36.421329915222813 ], [ -90.137472875090651, 36.421261010306864 ], [ -90.137889001226057, 36.421169466638041 ], [ -90.138186452616338, 36.421133089456021 ], [ -90.138545593652765, 36.421127199716217 ], [ -90.138902341650066, 36.421186518881569 ], [ -90.139354781833177, 36.421327903592534 ], [ -90.139946148031783, 36.42159590080378 ], [ -90.140307344541156, 36.421778606220236 ], [ -90.140604455175293, 36.421996034323065 ], [ -90.140784183826199, 36.422150164827507 ], [ -90.140961135871692, 36.422301913358204 ], [ -90.141272726611561, 36.422613962896939 ], [ -90.141593285278745, 36.422926225616955 ], [ -90.14183714154693, 36.423127871883317 ], [ -90.142233148723093, 36.423340413338202 ], [ -90.142789475631872, 36.423585800833159 ], [ -90.143193922112687, 36.423813045162632 ], [ -90.143481818564368, 36.424037498544145 ], [ -90.143803453233602, 36.42432077356608 ], [ -90.144043337149782, 36.424631099438692 ], [ -90.144234942208783, 36.425034545296747 ], [ -90.144312384611169, 36.425369989929642 ], [ -90.144347387683609, 36.425639150346051 ], [ -90.144277659144194, 36.426072600181442 ], [ -90.144148556138092, 36.426656919284447 ], [ -90.144106318452074, 36.426829955534131 ], [ -90.144094794570762, 36.42687144475925 ], [ -90.144070987349025, 36.426957160885756 ], [ -90.143982260190569, 36.427276608356415 ], [ -90.143840798517616, 36.427708339571488 ], [ -90.143768408196351, 36.428214244509974 ], [ -90.143713683255939, 36.428727825139809 ], [ -90.14362893612018, 36.429081142558985 ], [ -90.143583508769908, 36.429341125334957 ], [ -90.143521948371529, 36.42997317114984 ], [ -90.143480739331977, 36.430496826080599 ], [ -90.143371364734477, 36.430778759060836 ], [ -90.143119712702116, 36.431039499628369 ], [ -90.142737102258096, 36.431270426758005 ], [ -90.142459512078858, 36.431359262280324 ], [ -90.141952871096251, 36.43147040899882 ], [ -90.141431221845195, 36.431501421810964 ], [ -90.141062799049621, 36.431514349678352 ], [ -90.140786457870007, 36.431494156534164 ], [ -90.140767437277262, 36.431492766113095 ], [ -90.140527471011595, 36.431428999006748 ], [ -90.140261670009565, 36.431335603518235 ], [ -90.140011124811224, 36.431187320870499 ], [ -90.139727552171109, 36.431118276536061 ], [ -90.139464991018599, 36.43107641166177 ], [ -90.139034576176968, 36.431110551507658 ], [ -90.138749538436713, 36.431212322004491 ], [ -90.138368956770421, 36.431311972970214 ], [ -90.138194868156972, 36.43140932370143 ], [ -90.137938750576865, 36.431540966690434 ], [ -90.137660971997576, 36.431773617141893 ], [ -90.137446490799093, 36.432103952339382 ], [ -90.13738009146914, 36.432413586773947 ], [ -90.137389999960391, 36.432742836478752 ], [ -90.137467509239656, 36.433029247872533 ], [ -90.137588671986677, 36.43332559788017 ], [ -90.137775871654497, 36.433531347192904 ], [ -90.137929551152837, 36.433745340907493 ], [ -90.138130797129079, 36.433845461457764 ], [ -90.138345144682503, 36.434001771875124 ], [ -90.138616098510852, 36.434114978354522 ], [ -90.138951718341062, 36.434265303560863 ], [ -90.139187405644449, 36.434439907604592 ], [ -90.139246522751023, 36.434628062021197 ], [ -90.139306945320811, 36.434780679337386 ], [ -90.139267759894523, 36.43494869212639 ], [ -90.139218885839654, 36.435080903268108 ], [ -90.139093698073339, 36.435193499101381 ], [ -90.138916146415866, 36.435233702146448 ], [ -90.138704956141538, 36.435290882253362 ], [ -90.138375105836445, 36.435282969970224 ], [ -90.13796992289339, 36.435228788039602 ], [ -90.137399161652496, 36.43518841654604 ], [ -90.136792379332363, 36.435139435585306 ], [ -90.136126702248561, 36.435181471357659 ], [ -90.135695228260886, 36.435200119511201 ], [ -90.13534205687354, 36.435285914608805 ], [ -90.135068521085856, 36.435402628892476 ], [ -90.134764885523396, 36.435605642477022 ], [ -90.13457755091153, 36.435818700869731 ], [ -90.134380182040715, 36.436060525527232 ], [ -90.134224447198804, 36.436390373846926 ], [ -90.134163713852345, 36.436577465278617 ], [ -90.134118514529547, 36.436830197943813 ], [ -90.134074283120768, 36.437300511945821 ], [ -90.134026318107985, 36.437872262878692 ], [ -90.134024254426251, 36.438416108958023 ], [ -90.134102895328553, 36.438961894911749 ], [ -90.134188470770297, 36.439319296062585 ], [ -90.134266944890484, 36.43962576320979 ], [ -90.134414759699766, 36.439999163266513 ], [ -90.134606879498804, 36.440388131255851 ], [ -90.134877841826125, 36.440829756988862 ], [ -90.13504839590847, 36.441073167300218 ], [ -90.135262188012874, 36.441361128151875 ], [ -90.135266331147179, 36.441366750170488 ], [ -90.135381868996021, 36.441523545244081 ], [ -90.135609355988805, 36.441663442939017 ], [ -90.135834714434324, 36.441820021567047 ], [ -90.136102097488163, 36.442030962164466 ], [ -90.136171880628069, 36.442228266061669 ], [ -90.136182805881958, 36.442382874023679 ], [ -90.136186356964501, 36.44243313504743 ], [ -90.136145853994449, 36.442636683114763 ], [ -90.136060058946953, 36.442874712906864 ], [ -90.135987546786311, 36.443050815208338 ], [ -90.135890427962607, 36.443297465028706 ], [ -90.135854801743235, 36.443550942622863 ], [ -90.135789267964313, 36.443868454590465 ], [ -90.13573953691936, 36.444244361205392 ], [ -90.135737042407428, 36.444556134961125 ], [ -90.13581739348372, 36.444811881960156 ], [ -90.136041398620861, 36.445177345194878 ], [ -90.136289299594026, 36.445619015311358 ], [ -90.136453152431216, 36.445951960456028 ], [ -90.136488969889328, 36.446175125839915 ], [ -90.136458393185507, 36.446226898898068 ], [ -90.136312911343239, 36.446473234034343 ], [ -90.136076312095327, 36.446921055350664 ], [ -90.13595555959273, 36.447211597901898 ], [ -90.13597580368193, 36.447558880255066 ], [ -90.136079176203822, 36.447943754877869 ], [ -90.136130834390187, 36.448131703540625 ], [ -90.136173468562916, 36.44830861578459 ], [ -90.136239618926595, 36.448462494902493 ], [ -90.136391188622795, 36.448734455259341 ], [ -90.136441534008497, 36.448829939602909 ], [ -90.136570995873598, 36.44897083474882 ], [ -90.136826450668593, 36.449268821419643 ], [ -90.137092226008463, 36.449524182834907 ], [ -90.137303672052013, 36.449760454659241 ], [ -90.137417779390361, 36.449949929605332 ], [ -90.137454906402624, 36.450137556914974 ], [ -90.137404384485393, 36.450314188520835 ], [ -90.137307585054103, 36.450551954773523 ], [ -90.137170065376381, 36.45069982100825 ], [ -90.136772419422513, 36.451037071842904 ], [ -90.136321417574209, 36.451328578942174 ], [ -90.135825116229256, 36.451654564689839 ], [ -90.135209729229985, 36.452056478279978 ], [ -90.134636061511557, 36.45252132527655 ], [ -90.134247366590387, 36.452838323369512 ], [ -90.133988926186134, 36.453095451509128 ], [ -90.133804460745694, 36.453322214912028 ], [ -90.133740966597898, 36.453551886201524 ], [ -90.133712755610077, 36.453720160074901 ], [ -90.133848854014701, 36.453910166794877 ], [ -90.13393428895543, 36.453932125434179 ], [ -90.134077840968516, 36.453969021875587 ], [ -90.134338512237264, 36.454064207872207 ], [ -90.134655808070633, 36.454116292511806 ], [ -90.135015133334463, 36.4542227383265 ], [ -90.13536476894653, 36.454293382083932 ], [ -90.135679450958207, 36.454416538659089 ], [ -90.135885138174672, 36.454510399896876 ], [ -90.136110892865261, 36.454645306235939 ], [ -90.136648676808335, 36.4549120359952 ], [ -90.137079634876486, 36.455154443410173 ], [ -90.137402964981973, 36.455394266955061 ], [ -90.137671417410971, 36.455661779290025 ], [ -90.13806650610826, 36.455903323283664 ], [ -90.138135902990555, 36.455954026060773 ], [ -90.138538591926533, 36.456248239983644 ], [ -90.139021514617937, 36.456542650652885 ], [ -90.139598577382429, 36.45696260141893 ], [ -90.139928762025207, 36.457260597949563 ], [ -90.140118635042484, 36.457468205325753 ], [ -90.140312521194389, 36.457674344171146 ], [ -90.140481507872849, 36.457854007046322 ], [ -90.140792163454861, 36.45819504444335 ], [ -90.141052651547227, 36.458679917360662 ], [ -90.141184984836713, 36.4589876712555 ], [ -90.141403291224265, 36.459399012389021 ], [ -90.141594422416546, 36.459816953712661 ], [ -90.141700117652093, 36.460116816703128 ], [ -90.141708476056309, 36.460378087243463 ], [ -90.141653779977872, 36.460645097513336 ], [ -90.141597752657262, 36.460948336232235 ], [ -90.14151827549081, 36.461156737246185 ], [ -90.141201771911341, 36.461707550296758 ], [ -90.140986330228756, 36.462195517285387 ], [ -90.140829764278124, 36.462547108440532 ], [ -90.140628797355433, 36.463129696316813 ], [ -90.140468499633343, 36.463582724838432 ], [ -90.140385554446155, 36.463885317283648 ], [ -90.140330051641072, 36.464174063925178 ], [ -90.140312025907335, 36.464420196965875 ], [ -90.140317983448966, 36.464746676847362 ], [ -90.14034667399703, 36.464943166871812 ], [ -90.140356667068247, 36.465226088856717 ], [ -90.140345890875395, 36.465519273020078 ], [ -90.140336420771902, 36.465776919340229 ], [ -90.140482574585434, 36.465993836247755 ], [ -90.14079387479039, 36.466158404437522 ], [ -90.140817352260342, 36.466170815314335 ], [ -90.14105770660629, 36.466221038182709 ], [ -90.141399667265901, 36.466202559744502 ], [ -90.141717344487091, 36.466245743636051 ], [ -90.141978067531127, 36.466340914098524 ], [ -90.142204160476041, 36.466479715337691 ], [ -90.142329626411083, 36.466660566043153 ], [ -90.142409138604648, 36.466893668737065 ], [ -90.142489629119254, 36.467100117725337 ], [ -90.142483814418753, 36.467258424239184 ], [ -90.142477881238534, 36.46741995507999 ], [ -90.14249204815745, 36.467633706824017 ], [ -90.142565490685271, 36.467845852734122 ], [ -90.14319227573435, 36.467975727982697 ], [ -90.144031252461915, 36.467916969824721 ], [ -90.144592509120159, 36.4675969690744 ], [ -90.144737457332596, 36.467219685750045 ], [ -90.14477523218379, 36.467121458984856 ], [ -90.144771544624703, 36.466974926836443 ], [ -90.144493108588222, 36.46608734373774 ], [ -90.144091710710086, 36.46484430916631 ], [ -90.143989961156436, 36.464317232929879 ], [ -90.144341871054891, 36.4634275482993 ], [ -90.144517942390294, 36.463129429320141 ], [ -90.145026914968184, 36.46275925058697 ], [ -90.145814577085346, 36.462665155317119 ], [ -90.146791509937145, 36.46281695274611 ], [ -90.148002355247698, 36.463275055968573 ], [ -90.148732710115652, 36.463772700022233 ], [ -90.149278624903502, 36.464497127801849 ], [ -90.149765061674046, 36.465042287259415 ], [ -90.150193970785651, 36.465354873166646 ], [ -90.150719337144977, 36.465438564424055 ], [ -90.150999740863838, 36.465394088511189 ], [ -90.151206564521004, 36.465361282917925 ], [ -90.1517473791409, 36.465080263791364 ], [ -90.152651553372039, 36.46438208032707 ], [ -90.153172147381127, 36.463994358584394 ], [ -90.153869373583348, 36.463593066779069 ], [ -90.154754179910597, 36.463480796975084 ], [ -90.155135091701496, 36.463553111341753 ], [ -90.155289890486301, 36.463582498909268 ], [ -90.155706473754591, 36.464232675537289 ], [ -90.155738281485426, 36.465306189660055 ], [ -90.155706812494017, 36.466109756208866 ], [ -90.155539430752796, 36.466682528978488 ], [ -90.155010130139047, 36.467319451702423 ], [ -90.154480146661044, 36.467662494749867 ], [ -90.153995782178995, 36.467962163625721 ], [ -90.153652135248649, 36.468327434838827 ], [ -90.153358528362119, 36.468768573419929 ], [ -90.153154378333795, 36.469293696959703 ], [ -90.153150097752757, 36.469711528278026 ], [ -90.153228025223839, 36.470012739367696 ], [ -90.15326584068788, 36.470158902078474 ], [ -90.15318717667013, 36.47053533027487 ], [ -90.1528942545972, 36.470936127331164 ], [ -90.152585129140789, 36.47096028805047 ], [ -90.152377258774735, 36.470675953983942 ], [ -90.152200773977157, 36.470239166086799 ], [ -90.15178018019374, 36.470141211174955 ], [ -90.151432455409662, 36.470196032052179 ], [ -90.150691320565144, 36.470495996315449 ], [ -90.14977256539953, 36.470523605325702 ], [ -90.148866213609907, 36.47026988081241 ], [ -90.14802508136944, 36.469562389500361 ], [ -90.147694832479146, 36.46926104764561 ], [ -90.147329959150056, 36.469003337898762 ], [ -90.146859391341778, 36.468933175233268 ], [ -90.146528013772269, 36.468942739229888 ], [ -90.145920449645658, 36.468960271851238 ], [ -90.145647799156649, 36.469016829405554 ], [ -90.144890344238362, 36.469172175867939 ], [ -90.144260179483751, 36.469355348668721 ], [ -90.144210285735952, 36.469403719387437 ], [ -90.143379323669549, 36.469737534141579 ], [ -90.142577947975454, 36.470195965814213 ], [ -90.142577752194839, 36.470195858386901 ], [ -90.142577849179631, 36.470196286073559 ], [ -90.142540823612322, 36.470470972564648 ], [ -90.142459937711436, 36.470766044640087 ], [ -90.142457876156897, 36.470773565250568 ], [ -90.142443922166564, 36.470820912028792 ], [ -90.142290051177042, 36.471034574976798 ], [ -90.142236584567954, 36.471291166992302 ], [ -90.142293446341696, 36.471541511002002 ], [ -90.142421675937413, 36.471758960410611 ], [ -90.142648849777515, 36.472056882461715 ], [ -90.14283869609865, 36.472283736599181 ], [ -90.143016563247159, 36.472536979618717 ], [ -90.143131040883645, 36.472717566299828 ], [ -90.143221233289566, 36.472959816386989 ], [ -90.14323605486203, 36.47315579951686 ], [ -90.14325055016549, 36.473360666885341 ], [ -90.143226940881235, 36.47354772670537 ], [ -90.143114208324604, 36.473775333501415 ], [ -90.14300769815182, 36.473977301655893 ], [ -90.14285065727357, 36.474355902806309 ], [ -90.142859929584219, 36.474702919757306 ], [ -90.142888266605681, 36.475130423827906 ], [ -90.143042506853973, 36.475427561909356 ], [ -90.143219728509933, 36.475698573330902 ], [ -90.143507612739114, 36.475954451486359 ], [ -90.143853112542672, 36.476140571701116 ], [ -90.144276599964016, 36.476301881671972 ], [ -90.144832751495599, 36.476448582778445 ], [ -90.145205151444657, 36.476501960566047 ], [ -90.145705915939729, 36.476464353514892 ], [ -90.146056459909374, 36.476406740930933 ], [ -90.146324393024102, 36.47630644789357 ], [ -90.146592326627541, 36.476206153348116 ], [ -90.146967985159577, 36.47617068113918 ], [ -90.147306925200823, 36.476147322673576 ], [ -90.147594550089082, 36.476139699745552 ], [ -90.147962387953839, 36.476148498536837 ], [ -90.148284039545544, 36.476192451097504 ], [ -90.148415356190952, 36.476218380063727 ], [ -90.148952662921985, 36.476324470445434 ], [ -90.149930255979811, 36.476601659480671 ], [ -90.150651391264645, 36.476771184957144 ], [ -90.151032929571159, 36.476896333048714 ], [ -90.151459592139958, 36.477015305143652 ], [ -90.151804715380536, 36.477154084664839 ], [ -90.152360387816316, 36.477428426930366 ], [ -90.152924770875842, 36.477710225660438 ], [ -90.153395240574611, 36.477859245468068 ], [ -90.154042498961132, 36.478085002267036 ], [ -90.154885553788574, 36.478358940050704 ], [ -90.155524644258634, 36.478562738315098 ], [ -90.155765032743261, 36.478619236108358 ], [ -90.155970329828591, 36.478653141594656 ], [ -90.156229722756962, 36.478681084113617 ], [ -90.156695737156866, 36.478706701441844 ], [ -90.157010551813755, 36.478692452371988 ], [ -90.157171784582346, 36.47870354851036 ], [ -90.157349369959888, 36.478758545761764 ], [ -90.15758764186188, 36.47887300565138 ], [ -90.157968143730855, 36.479027113936858 ], [ -90.158284254200368, 36.479223199706276 ], [ -90.158549709931336, 36.479331052767371 ], [ -90.158690616473294, 36.479406929717229 ], [ -90.158921243989795, 36.479484945269604 ], [ -90.159187495631713, 36.479571061059815 ], [ -90.159336316621463, 36.479676133488574 ], [ -90.159446866339337, 36.479845562138806 ], [ -90.15956003770772, 36.480189100013078 ], [ -90.159600928484053, 36.480298853749439 ], [ -90.15962702453767, 36.480567797166202 ], [ -90.159634912654056, 36.480843559641698 ], [ -90.159611938283788, 36.480980799625307 ], [ -90.159543309559865, 36.481138707741017 ], [ -90.159457794724759, 36.481267205867667 ], [ -90.159299176582749, 36.48143022184064 ], [ -90.159123142611875, 36.481578317903484 ], [ -90.158929692757326, 36.481711495780722 ], [ -90.158673700610805, 36.481835931036358 ], [ -90.158488692147728, 36.481983813147288 ], [ -90.158245082114078, 36.482260833562272 ], [ -90.15806401243924, 36.482546595140832 ], [ -90.157816955872562, 36.482917808168423 ], [ -90.157654092833297, 36.483196751132539 ], [ -90.157473283494738, 36.483475266890771 ], [ -90.157350018004536, 36.483653626691122 ], [ -90.157203772098427, 36.483969225568956 ], [ -90.15716152344848, 36.484142264896221 ], [ -90.15718261387552, 36.484302310620329 ], [ -90.157313494217277, 36.484406958776937 ], [ -90.157562874677993, 36.48446366766872 ], [ -90.157777424464641, 36.484490538109917 ], [ -90.157823151076983, 36.484496929875064 ], [ -90.158090143840653, 36.484534251973855 ], [ -90.158349028801368, 36.484576681965166 ], [ -90.158624799061201, 36.484648522337189 ], [ -90.158817697560352, 36.484776401672285 ], [ -90.159086586373874, 36.485036627570224 ], [ -90.159287665073009, 36.485186457716637 ], [ -90.159558938256041, 36.48538147130796 ], [ -90.159797299173889, 36.485563808120617 ], [ -90.15980355916119, 36.485568597493597 ], [ -90.160021527514502, 36.485747836426654 ], [ -90.160151091963641, 36.485888709776567 ], [ -90.160251885732265, 36.486079661112754 ], [ -90.160271923059824, 36.486268688947277 ], [ -90.160248684010824, 36.486413174556603 ], [ -90.160214883939773, 36.486600920073244 ], [ -90.160180288534477, 36.486810402359495 ], [ -90.160154666939576, 36.487020099275782 ], [ -90.160159934375628, 36.487121751480387 ], [ -90.160181030298574, 36.487281796881796 ], [ -90.160141168079761, 36.487389626946459 ], [ -90.160066737213782, 36.487460373128101 ], [ -90.159938731714476, 36.487522592061666 ], [ -90.159721525366095, 36.487568181148951 ], [ -90.159245953671302, 36.487556850725973 ], [ -90.158644494293213, 36.48754977023566 ], [ -90.158069689335491, 36.487550573968676 ], [ -90.15776501786101, 36.487543311209066 ], [ -90.157665902365409, 36.487540948325567 ], [ -90.157488295957393, 36.487485950703864 ], [ -90.157258442826404, 36.487386194760973 ], [ -90.157036501109602, 36.487315635552001 ], [ -90.156902436673136, 36.487297934856272 ], [ -90.156749100284543, 36.487316033936779 ], [ -90.156676256588966, 36.487343304368586 ], [ -90.156563014533944, 36.487492894539052 ], [ -90.156383780624779, 36.487727933471447 ], [ -90.156287954473186, 36.48789244253949 ], [ -90.156187886910715, 36.488172881677485 ], [ -90.156135333585524, 36.488381934169354 ], [ -90.156187465213677, 36.488715518770334 ], [ -90.156215550704147, 36.489151906541395 ], [ -90.156260164440383, 36.489437520603069 ], [ -90.156327758911473, 36.489697006565436 ], [ -90.156426736992671, 36.490001702288389 ], [ -90.156517312978323, 36.490235060065125 ], [ -90.156696564321081, 36.490452747583447 ], [ -90.15690801467386, 36.490583196698708 ], [ -90.157201487151767, 36.490662714761633 ], [ -90.157387013904085, 36.490746909382324 ], [ -90.157656040752741, 36.490845042497725 ], [ -90.157706082948039, 36.490863296033815 ], [ -90.157900053180455, 36.490962194974415 ], [ -90.158082932305689, 36.491118845344054 ], [ -90.158388262613613, 36.491365437863699 ], [ -90.158735548821312, 36.491692799569968 ], [ -90.159055121700632, 36.492041257425633 ], [ -90.159364665762112, 36.492418482220195 ], [ -90.15960454103201, 36.492736031172015 ], [ -90.159756535221717, 36.493000721797856 ], [ -90.159837004664539, 36.493256457303488 ], [ -90.159934364078623, 36.493541601833591 ], [ -90.1600222197428, 36.493841024599028 ], [ -90.160041992489553, 36.494037297915327 ], [ -90.160071269716553, 36.494219293831243 ], [ -90.160049085969717, 36.494334796728253 ], [ -90.159938486817552, 36.494411933837995 ], [ -90.159874875871736, 36.494432174141217 ], [ -90.159704372492982, 36.494428112067489 ], [ -90.159534928384261, 36.49439506737987 ], [ -90.159099977509499, 36.494254168260973 ], [ -90.158608270822654, 36.494191685790263 ], [ -90.15821315913837, 36.494189519993128 ], [ -90.157951328053883, 36.494226790684543 ], [ -90.157681584055879, 36.494234863641275 ], [ -90.157610496283709, 36.494218159402429 ], [ -90.157441146350777, 36.49417836767369 ], [ -90.157174847920132, 36.494092246064092 ], [ -90.156795866385991, 36.493894658075789 ], [ -90.156536461876556, 36.49362014925314 ], [ -90.156289478017698, 36.493251661501837 ], [ -90.156179183370199, 36.493074984150503 ], [ -90.155925310538947, 36.492894881575673 ], [ -90.155697563049074, 36.492737157467779 ], [ -90.155460313710165, 36.49259371001834 ], [ -90.155045252626337, 36.492424005628216 ], [ -90.154798849911003, 36.492354864373695 ], [ -90.154556128386631, 36.492366855605724 ], [ -90.154247712493273, 36.492368387068147 ], [ -90.153966776613331, 36.492521739725817 ], [ -90.153620794809726, 36.492646862528701 ], [ -90.153272535247794, 36.492834175242557 ], [ -90.153072462735409, 36.493185085505061 ], [ -90.153086890560118, 36.493392784383609 ], [ -90.153062041650188, 36.493580741953878 ], [ -90.153090239576528, 36.493791721060099 ], [ -90.153109199627309, 36.494009731447278 ], [ -90.153236374159818, 36.494215822150906 ], [ -90.15344059891811, 36.494525279878026 ], [ -90.153798925037066, 36.495041470306411 ], [ -90.154097091800693, 36.495483704690102 ], [ -90.154197614780273, 36.495681906303318 ], [ -90.154331116650383, 36.495960666757803 ], [ -90.154431376590665, 36.496166113797734 ], [ -90.154459578726502, 36.496377092703142 ], [ -90.154470098258102, 36.496580397639427 ], [ -90.154374521288389, 36.496737658741914 ], [ -90.154244903900661, 36.4968433439455 ], [ -90.154024749627368, 36.496968623308135 ], [ -90.153762111606909, 36.497027620040079 ], [ -90.153553318705178, 36.497087901859693 ], [ -90.153388866101508, 36.497163746770255 ], [ -90.153195099885494, 36.497304158426459 ], [ -90.152811816189214, 36.497469051127958 ], [ -90.152415307602197, 36.497749657734346 ], [ -90.152301511207625, 36.497913732814901 ], [ -90.154000912658816, 36.497867683208142 ], [ -90.157724839667864, 36.497872717305725 ], [ -90.171988421212177, 36.497892455799196 ], [ -90.173856523290411, 36.497894626060564 ], [ -90.175712319189486, 36.49789728651205 ], [ -90.189975580576018, 36.497916816002387 ], [ -90.191917770528178, 36.497916321423553 ], [ -90.193937671416151, 36.497915830923063 ], [ -90.208007337280918, 36.497911004575379 ], [ -90.209777531656556, 36.497907920446501 ], [ -90.212053614585031, 36.497903916624018 ], [ -90.220717130488907, 36.497869825169246 ], [ -90.226039058282296, 36.497878378340822 ], [ -90.22901115084349, 36.497870353226332 ], [ -90.229913830757695, 36.497867908638668 ], [ -90.244056316456124, 36.497828625044392 ], [ -90.245958076789307, 36.497837308189375 ], [ -90.249075273481694, 36.497851473663061 ], [ -90.262073544173447, 36.497909674739837 ], [ -90.26435318767156, 36.49791468329142 ], [ -90.266923320435936, 36.497920287795473 ], [ -90.280090995831799, 36.497948131370038 ], [ -90.282333048230015, 36.497953073331416 ], [ -90.285077190901021, 36.497959052825244 ], [ -90.298108477165101, 36.497986599847849 ], [ -90.300345841808323, 36.497991555757622 ], [ -90.303133561760035, 36.497997654942033 ], [ -90.316120244377757, 36.498025248377644 ], [ -90.318163476829497, 36.498029779698932 ], [ -90.321571392929343, 36.498037238641231 ], [ -90.334132051347169, 36.498063910922397 ], [ -90.335928288599732, 36.498067886259655 ], [ -90.340087076572985, 36.498076990929654 ], [ -90.352143853860923, 36.498102559557879 ], [ -90.353782933073376, 36.498106190629144 ], [ -90.358179051679485, 36.498115811700224 ], [ -90.370155684237702, 36.498141213135362 ], [ -90.370896635446826, 36.498142116274423 ], [ -90.376639812711147, 36.498149956984633 ], [ -90.38818927605702, 36.498164909560366 ], [ -90.388739377159396, 36.498165675367083 ], [ -90.395129225602204, 36.498174402006889 ], [ -90.406222883662437, 36.498188739338524 ], [ -90.413538430036184, 36.498205761218124 ], [ -90.423810801144342, 36.498228893845869 ], [ -90.424203733360343, 36.498229758729622 ], [ -90.431506392588361, 36.498246749583352 ], [ -90.441277500358865, 36.49826877766791 ], [ -90.442184598464337, 36.498270783587905 ], [ -90.44939480791534, 36.498287559466895 ], [ -90.459345874750156, 36.498309998016445 ], [ -90.460165478750767, 36.498311804996419 ], [ -90.467616188581445, 36.498329130009218 ], [ -90.476585894828617, 36.498349377884544 ], [ -90.478146396003751, 36.49835282351534 ], [ -90.485764608129571, 36.498370545324327 ], [ -90.494986814910121, 36.498391332898315 ], [ -90.496154383963599, 36.498393911236946 ], [ -90.503919451059573, 36.498411950605437 ], [ -90.513039727538256, 36.498432513220088 ], [ -90.51416238578355, 36.498434996603045 ], [ -90.522100112131398, 36.49845283579446 ], [ -90.53215709448034, 36.498474677703953 ], [ -90.539845502967481, 36.498492445963642 ], [ -90.549361333321627, 36.498513735761009 ], [ -90.5501517461323, 36.498515485797384 ], [ -90.551368716211272, 36.498518140979293 ], [ -90.558272592432061, 36.498532998785159 ], [ -90.566423612247505, 36.498550032840392 ], [ -90.56816540433276, 36.498553600849917 ], [ -90.576162618297332, 36.498537692674113 ], [ -90.593863999068645, 36.498438386643585 ], [ -90.612309937890032, 36.498467764950384 ], [ -90.630567585944448, 36.49848234385933 ], [ -90.648440715146009, 36.498486393386273 ], [ -90.666584553225064, 36.498519189519968 ], [ -90.69306029851009, 36.498327050134108 ], [ -90.711125862654953, 36.498344110480609 ], [ -90.729266637567861, 36.498517046970385 ], [ -90.747337471907528, 36.498513488195151 ], [ -90.765449747823737, 36.498471348287687 ], [ -90.78338936231863, 36.498519209987528 ], [ -90.784568806125506, 36.498519954706126 ], [ -90.789034758284089, 36.498522669107956 ], [ -90.79986043948432, 36.498659583917167 ], [ -90.800299985008209, 36.498659802424996 ], [ -90.818253177922202, 36.498839291702211 ], [ -90.83639525911758, 36.498624098457817 ], [ -90.854568744749656, 36.498476878143833 ], [ -90.87259393525224, 36.498315304992893 ], [ -90.890892489911309, 36.498201161354395 ], [ -90.907687005560604, 36.498321842037605 ], [ -90.925862662541078, 36.498536945375371 ], [ -90.925934063736349, 36.498536398003878 ], [ -90.94418799306014, 36.498394956263162 ], [ -90.944262323450459, 36.498394374484626 ], [ -90.962918914952994, 36.498393144307038 ], [ -90.981131784870485, 36.498283643842747 ], [ -90.981814082002444, 36.498283203080327 ], [ -90.999362149408952, 36.498778022312777 ], [ -91.000045883893904, 36.498777595934726 ], [ -91.017682946956342, 36.498244643768871 ], [ -91.01803320078001, 36.498242316710105 ], [ -91.035599959629394, 36.498122025630821 ], [ -91.036273652887104, 36.498113326295517 ], [ -91.054539025140528, 36.498022730032567 ], [ -91.072994858492422, 36.497301871942668 ], [ -91.091149350980672, 36.497440202167908 ], [ -91.109413382067316, 36.497682663934576 ], [ -91.126665773363001, 36.497648023311847 ], [ -91.144382166814367, 36.497641715929362 ], [ -91.162779909587044, 36.497556653242036 ], [ -91.181647244851803, 36.497393495763575 ], [ -91.200351759038512, 36.497488495093883 ], [ -91.218826266383502, 36.497488591448928 ], [ -91.235330138209591, 36.49746498928436 ], [ -91.244853300702943, 36.497463055223683 ], [ -91.254286709576064, 36.497616265270338 ], [ -91.254288585694951, 36.497616243152805 ], [ -91.272739955410756, 36.497398985155044 ], [ -91.2907022454756, 36.497166478036981 ], [ -91.308873210700881, 36.49692458237292 ], [ -91.327497323761619, 36.497042301673744 ], [ -91.343372390786342, 36.497274482846009 ], [ -91.361587727951019, 36.497342541310914 ], [ -91.361615515528726, 36.497342642660108 ], [ -91.380058888852375, 36.497209273360298 ], [ -91.397838767289628, 36.497094488949408 ], [ -91.415763422326947, 36.497136041262529 ], [ -91.433156557175138, 36.497371134528606 ], [ -91.449946806920096, 36.497714518474616 ], [ -91.467947848829468, 36.498219424918396 ], [ -91.46806027518906, 36.498221655814596 ], [ -91.486814599612572, 36.498592328867737 ], [ -91.48690323650294, 36.498594073447876 ], [ -91.505089869189405, 36.49886925106992 ], [ -91.505418178334892, 36.498873208328469 ], [ -91.525701089048113, 36.499115912658141 ], [ -91.526085352837825, 36.499118391634241 ], [ -91.544454629866735, 36.499235446139451 ], [ -91.544521732918014, 36.499235468977417 ], [ -91.558577203944253, 36.499239406601681 ], [ -91.564750164304584, 36.499240612866039 ], [ -91.582461545985822, 36.499326342875619 ], [ -91.599795147193944, 36.499359396042273 ], [ -91.617826707828058, 36.499339825911953 ], [ -91.636408238719554, 36.499405016835929 ], [ -91.654120149442903, 36.499338164616844 ], [ -91.67232825652691, 36.499301615743711 ], [ -91.690159579389189, 36.499410907129111 ], [ -91.708432414732798, 36.499436359060574 ], [ -91.726957551187368, 36.499349729409907 ], [ -91.745445586803015, 36.499280856490415 ], [ -91.763791638670909, 36.499231373448616 ], [ -91.781527745636808, 36.499189971950173 ], [ -91.799963798601794, 36.499120216357028 ], [ -91.818314984463697, 36.498974918318872 ], [ -91.836708619983483, 36.498964845049123 ], [ -91.854982253278109, 36.49895253338876 ], [ -91.873265074757043, 36.498828372881114 ], [ -91.882229227383775, 36.498800055323414 ], [ -91.90031214248566, 36.498842119904566 ], [ -91.918326467985267, 36.498938781743497 ], [ -91.936427529067572, 36.498693160058835 ], [ -91.954616962279758, 36.498600384718372 ], [ -91.972583886345319, 36.498516893356779 ], [ -91.988791596761928, 36.498460906104391 ], [ -92.006636557233293, 36.498484627489724 ], [ -92.024928806821308, 36.498466632430009 ], [ -92.0428078030655, 36.498473888289112 ], [ -92.061203098412321, 36.498526771893388 ], [ -92.079209527372029, 36.498667342247842 ], [ -92.120287528272982, 36.498705788719519 ], [ -92.138093250196221, 36.498742722024737 ], [ -92.150310901786312, 36.498667068212477 ], [ -92.155936302639645, 36.498604782894787 ], [ -92.174084767337092, 36.498535964283818 ], [ -92.192496233286988, 36.498387588646239 ], [ -92.210710903041132, 36.498340575223068 ], [ -92.22428654096251, 36.49825278117838 ], [ -92.228280987022501, 36.49821309366164 ], [ -92.24222547798216, 36.498073436572575 ], [ -92.246304787083943, 36.498053886912864 ], [ -92.262242509249745, 36.49797612979566 ], [ -92.264284807516461, 36.497976188253631 ], [ -92.278102062005658, 36.49789655439163 ], [ -92.282391912393038, 36.497862728508245 ], [ -92.295991269423965, 36.497754275644262 ], [ -92.300554782820228, 36.497728920545505 ], [ -92.313914701263997, 36.497653530849441 ], [ -92.318322899935254, 36.49764392952558 ], [ -92.332255314343087, 36.497612504499266 ], [ -92.337026396445722, 36.497605874190249 ], [ -92.354952033954319, 36.497415243735141 ], [ -92.364581488860736, 36.497307039540495 ], [ -92.373013856754355, 36.497211648375199 ], [ -92.373084127775584, 36.497210851101194 ], [ -92.38866452908573, 36.497514844811278 ], [ -92.391385816503956, 36.497567731717226 ], [ -92.404407020250673, 36.497862822994435 ], [ -92.409831344650627, 36.497938243599528 ], [ -92.422301664207495, 36.498110677571475 ], [ -92.427839648417688, 36.498195719300995 ], [ -92.438505998358195, 36.498358768290466 ], [ -92.440318739589429, 36.498386370784857 ], [ -92.446137259492687, 36.498488178191117 ], [ -92.457405434708548, 36.498685866112297 ], [ -92.458389491633511, 36.498701714500676 ], [ -92.476464304480416, 36.498660235858338 ], [ -92.482179679963778, 36.498623470766184 ], [ -92.494653413115131, 36.498542398744107 ], [ -92.500326570589166, 36.498519261934355 ], [ -92.510335290542528, 36.498477902363035 ], [ -92.518076256746724, 36.498445342780229 ], [ -92.529648918595242, 36.498395715177899 ], [ -92.530973770881658, 36.498389977513831 ], [ -92.536299324294404, 36.498390366523033 ], [ -92.547621612956704, 36.498390526047473 ], [ -92.548935087361386, 36.498390450669469 ], [ -92.554615481282468, 36.498384196049138 ], [ -92.565026357969401, 36.498371950577003 ], [ -92.566896602569116, 36.498369658244037 ], [ -92.572509452772138, 36.498349522958328 ], [ -92.583085273531935, 36.498314241448981 ], [ -92.584857845264807, 36.49830424931357 ], [ -92.590775066296885, 36.498277092229685 ], [ -92.602883769251719, 36.4982205840234 ], [ -92.608562113076289, 36.498196896990983 ], [ -92.637522374742304, 36.498072043498723 ], [ -92.638989085715707, 36.49806556422827 ], [ -92.644292126713225, 36.498041871087899 ], [ -92.655526748571333, 36.497990897140177 ], [ -92.657041673928958, 36.497983956487111 ], [ -92.662670801174642, 36.497979901093196 ], [ -92.674899709170873, 36.497969928114294 ], [ -92.68075250785563, 36.49793738436621 ], [ -92.698709806472905, 36.497913925444912 ], [ -92.710886076590029, 36.497856228846423 ], [ -92.716948679610312, 36.497925323856379 ], [ -92.735084297952739, 36.497862704971062 ], [ -92.753539194722933, 36.497904173515906 ], [ -92.772262111975323, 36.497751579055624 ], [ -92.847681244305804, 36.497961669432051 ], [ -92.862662897724405, 36.497814256367789 ], [ -92.880630995105605, 36.497852605743915 ], [ -92.898464675825437, 36.497871682999588 ], [ -92.916311488494458, 36.497878063594641 ], [ -92.934478363733376, 36.497911070778969 ], [ -92.952442469766822, 36.497925514036595 ], [ -92.970483758291309, 36.49794703959212 ], [ -92.980423836858108, 36.49795943411317 ], [ -92.989060852269759, 36.497978720533617 ], [ -93.00282066782303, 36.498076536635622 ], [ -93.007244636658058, 36.498091358552074 ], [ -93.025249887165558, 36.498213858262922 ], [ -93.043524414166214, 36.498227158157874 ], [ -93.047224378016779, 36.498231994084321 ], [ -93.065324720563638, 36.498244520883013 ], [ -93.065365694359585, 36.498244546222743 ], [ -93.08340956533479, 36.498125981298699 ], [ -93.101283114874235, 36.498071462605907 ], [ -93.119384098237006, 36.498013521505101 ], [ -93.13745345481297, 36.497943632829006 ], [ -93.137473460771361, 36.497943553885094 ], [ -93.151048484980791, 36.497862141501983 ], [ -93.16906131749117, 36.497927277279032 ], [ -93.187430439973028, 36.497924073585267 ], [ -93.205340620160641, 36.498032423709184 ], [ -93.223215074706033, 36.498140224575536 ], [ -93.241308648195698, 36.49824867822548 ], [ -93.261754233639721, 36.498282559399861 ], [ -93.27947193779238, 36.498390849831203 ], [ -93.297336921581191, 36.498346272248327 ], [ -93.314983678548018, 36.498376760218747 ], [ -93.33321364777747, 36.498565699735629 ], [ -93.351052199214848, 36.4984298075331 ], [ -93.369205654779563, 36.498462773415568 ], [ -93.387235692790838, 36.498672729172597 ], [ -93.404983901586277, 36.498756947089923 ], [ -93.423055713956828, 36.498898942661356 ], [ -93.440853437044481, 36.4990420236172 ], [ -93.441081827968844, 36.499043473813174 ], [ -93.458726083598307, 36.499154215239798 ], [ -93.459064532356322, 36.499156256248014 ], [ -93.473179969324306, 36.49924052407296 ], [ -93.476791034419335, 36.49927415841907 ], [ -93.494660740451252, 36.499225642465596 ], [ -93.512444792789182, 36.499228911011912 ], [ -93.530126735337376, 36.499353717717852 ], [ -93.53027349558559, 36.499354742311645 ], [ -93.548072581943075, 36.499390150728836 ], [ -93.548100232957992, 36.499389907406091 ], [ -93.56607436193076, 36.49923061969767 ], [ -93.584761340437154, 36.499011823551029 ], [ -93.602076724015234, 36.499075459906003 ], [ -93.613183307696929, 36.499135913684746 ], [ -93.620381247800594, 36.499174540659794 ], [ -93.620635320104526, 36.499175021322387 ], [ -93.638009573676101, 36.49920659066396 ], [ -93.638491462652766, 36.499207430260839 ], [ -93.655730318970072, 36.499292378108677 ], [ -93.656345152720306, 36.499295361808336 ], [ -93.673776203512688, 36.499101994663015 ], [ -93.691337099947518, 36.499218846635301 ], [ -93.691354846946609, 36.499218830337831 ], [ -93.709467260278998, 36.499256201128077 ], [ -93.727660969185393, 36.499354072506733 ], [ -93.745651512890987, 36.499239005229349 ], [ -93.763869449074903, 36.498898026439548 ], [ -93.781975329801966, 36.498984044335813 ], [ -93.79879211251864, 36.499067982696232 ], [ -93.816278268513685, 36.499082995126642 ], [ -93.816279726778518, 36.49908299596683 ], [ -93.834156580543478, 36.49910221434061 ], [ -93.834159999578148, 36.499102220183687 ], [ -93.852135981032447, 36.499131984971584 ], [ -93.852139748434681, 36.499131990515409 ], [ -93.862012109818735, 36.499125378666491 ], [ -93.866249726514965, 36.499108359740994 ], [ -93.869965293447152, 36.499093294518907 ], [ -93.879979441873061, 36.499090696394795 ], [ -93.884089708850908, 36.499088983715275 ], [ -93.887837741618824, 36.49908730155677 ], [ -93.897953445937773, 36.499045053858325 ], [ -93.89925782611293, 36.499031694971279 ], [ -93.906880233918187, 36.4990071336724 ], [ -93.916007530826022, 36.498977084632017 ], [ -93.917586207273857, 36.49897174991623 ], [ -93.921296968098915, 36.498959242455442 ], [ -93.924496910611779, 36.498948397596529 ], [ -93.930877644468325, 36.49894927209732 ], [ -93.934168723750048, 36.4989150907763 ], [ -93.935670613416519, 36.498912272506352 ], [ -93.94226944247481, 36.498899612383909 ], [ -93.952257492141371, 36.498879829351651 ], [ -93.953766237001801, 36.498876809632741 ], [ -93.960326640098302, 36.498863250336889 ], [ -93.960591963458015, 36.498862736908642 ], [ -93.970445854206019, 36.498841726624512 ], [ -93.971537713165617, 36.498839314185219 ], [ -93.978171643229771, 36.498824668535391 ], [ -93.988390827275566, 36.498826575885126 ], [ -93.989701999272128, 36.498826811729906 ], [ -93.996138712011231, 36.498827552676268 ], [ -94.004785620790116, 36.498827966756856 ], [ -94.006595446887616, 36.498827998754415 ], [ -94.014388669815759, 36.498827713873254 ], [ -94.022772332962717, 36.498808670540534 ], [ -94.024696544268139, 36.498804246889186 ], [ -94.03221796269213, 36.498786479755204 ], [ -94.040889966848994, 36.498765470581162 ], [ -94.042764717923703, 36.498760853416499 ], [ -94.049854836828985, 36.498664358083424 ], [ -94.058969769468078, 36.498722630718291 ], [ -94.060923079576227, 36.498717048764078 ], [ -94.06193342821237, 36.498714676059009 ], [ -94.068175154587053, 36.498698823048109 ], [ -94.073266973737148, 36.498685683345514 ], [ -94.077031401439925, 36.498675906944541 ], [ -94.079029654753114, 36.498670650348103 ], [ -94.086167091418844, 36.498651637238964 ], [ -94.094753077049845, 36.498675912647556 ], [ -94.097058900142187, 36.498682342197519 ], [ -94.104371610045902, 36.498702401693087 ], [ -94.111422129989066, 36.498721336662783 ], [ -94.112169865648895, 36.498723346579524 ], [ -94.115325950577926, 36.498731652524221 ], [ -94.122735180977941, 36.498739262443955 ], [ -94.130323709709785, 36.498746606346877 ], [ -94.133507466838694, 36.498749499273913 ], [ -94.140948165950761, 36.498759780211557 ], [ -94.148140468436097, 36.498769184251977 ], [ -94.151846133565911, 36.498773964333203 ], [ -94.159006117439532, 36.498782745593971 ], [ -94.166287417593907, 36.498791136912104 ], [ -94.167230938246519, 36.498775598440645 ], [ -94.170033697295963, 36.498795369373624 ], [ -94.177140083789126, 36.498800286280783 ], [ -94.181221354901339, 36.498807218312912 ], [ -94.184329775118101, 36.498810311570438 ], [ -94.188128758088496, 36.498814029213023 ], [ -94.19515043124143, 36.498857769565419 ], [ -94.202005623149532, 36.498900150734833 ], [ -94.206424175346427, 36.498927230852772 ], [ -94.212991390054185, 36.498959614497238 ], [ -94.217876886452203, 36.498996719815921 ], [ -94.224550676364515, 36.499036699708235 ], [ -94.231806380959867, 36.499106852630916 ], [ -94.235715695640508, 36.499130685480779 ], [ -94.242978239045442, 36.499191280346743 ], [ -94.249880137724844, 36.49925903419561 ], [ -94.253393856452021, 36.499293327731266 ], [ -94.261027202287025, 36.499367586454412 ], [ -94.267659435766873, 36.49943745871802 ], [ -94.271019273299686, 36.499445553822369 ], [ -94.276321073771413, 36.499486545824844 ], [ -94.279293104990231, 36.499509473021256 ], [ -94.28560003106935, 36.499526116599959 ], [ -94.289034520748359, 36.499534440914012 ], [ -94.297437225275957, 36.499555359191262 ], [ -94.303392104617188, 36.499569733772439 ], [ -94.3070316953727, 36.499578444485785 ], [ -94.315675254285367, 36.499598629189656 ], [ -94.321667873608774, 36.49961224257094 ], [ -94.327493595907526, 36.499625158550792 ], [ -94.334226643139942, 36.499639814367875 ], [ -94.339499006398327, 36.499684608904211 ], [ -94.345720111845054, 36.499737211878937 ], [ -94.352217716030481, 36.499791791814253 ], [ -94.357431193959329, 36.499759287990358 ], [ -94.363548399399704, 36.499720781472462 ], [ -94.370495738658875, 36.499676681254414 ], [ -94.375439408599135, 36.499645083404133 ], [ -94.381328926283132, 36.499607163101004 ], [ -94.388547341899965, 36.499560268990841 ], [ -94.393741875689855, 36.499563294065659 ], [ -94.399292835148941, 36.499566221088529 ], [ -94.408872075226327, 36.499570670157098 ], [ -94.411780662191575, 36.499571870017157 ], [ -94.415120786812622, 36.499573216679536 ], [ -94.41709932439872, 36.499573931581303 ], [ -94.425426713094026, 36.499576582438692 ], [ -94.429943940657836, 36.499547864908216 ], [ -94.435006223784384, 36.49951535902823 ], [ -94.443567292107744, 36.499460007486675 ], [ -94.447417889864212, 36.499434826497875 ], [ -94.452773301589076, 36.499399712723559 ], [ -94.461899256374338, 36.499339300704115 ], [ -94.465530271593877, 36.499315573090307 ], [ -94.470535908083306, 36.499282681964431 ], [ -94.480231043601876, 36.499215777579714 ], [ -94.483320465042354, 36.499194706876061 ], [ -94.488275546692208, 36.499160695458073 ], [ -94.498424592280259, 36.49909042439203 ], [ -94.501401705866911, 36.499117729077142 ], [ -94.505971203902476, 36.499159498413931 ], [ -94.516596155399057, 36.49925590757158 ], [ -94.519389101656557, 36.499268644298823 ], [ -94.523862644599049, 36.499288927995387 ], [ -94.534838527763739, 36.499337770376066 ], [ -94.537487927683713, 36.499348414413355 ], [ -94.540004016201578, 36.499358503292157 ], [ -94.553142881249187, 36.499410156583984 ], [ -94.55475048571742, 36.499416372844607 ], [ -94.558029394317316, 36.499428989984395 ], [ -94.571367786906251, 36.499479407991274 ], [ -94.572898826213802, 36.499480375622795 ], [ -94.576228524177367, 36.499476930862798 ], [ -94.589601363543522, 36.499489634618932 ], [ -94.591072002465168, 36.499490326407518 ], [ -94.594237896324287, 36.499491790517467 ], [ -94.595880321978541, 36.499492506527147 ], [ -94.60788136527367, 36.49949713108257 ], [ -94.609158907793713, 36.499497498279958 ], [ -94.612258434066618, 36.49949846862954 ], [ -94.617589539974233, 36.499499943660268 ], [ -94.617862009485933, 36.499499998087501 ], [ -94.618004252097606, 36.51944515108854 ], [ -94.617898652932396, 36.53408544553816 ], [ -94.618037434443977, 36.548548421893564 ], [ -94.61803953089175, 36.563276583921741 ], [ -94.618028551581745, 36.577709299401782 ], [ -94.617960841124685, 36.592250912904298 ], [ -94.617888700792008, 36.606784182791735 ], [ -94.617897813473832, 36.621241644166631 ], [ -94.617954444519782, 36.635777844080728 ], [ -94.618027418898677, 36.65029427922979 ], [ -94.618084633863958, 36.664667040016624 ], [ -94.618147372118074, 36.679681463678698 ], [ -94.618209028127723, 36.694254661888138 ], [ -94.618172902905897, 36.708625119142397 ], [ -94.618159247693413, 36.723210271738672 ], [ -94.618175007884986, 36.7377572307619 ], [ -94.618460260374675, 36.752289739233603 ], [ -94.618455294807575, 36.766452265387883 ], [ -94.618437125591342, 36.78097502183293 ], [ -94.618369278659543, 36.795555659764041 ], [ -94.618379111834244, 36.810104469995622 ], [ -94.61830928278863, 36.824647402136513 ], [ -94.618348577541681, 36.83882459302967 ], [ -94.618291269119268, 36.853449781185965 ], [ -94.6182360710946, 36.867916734875052 ], [ -94.618166005201871, 36.882516258582967 ], [ -94.618110872447872, 36.896893483977827 ], [ -94.618110157733867, 36.896994628735307 ], [ -94.618080834830252, 36.911372319466281 ], [ -94.618080044332558, 36.911500559777572 ], [ -94.617965751355555, 36.926139434439683 ], [ -94.618017888164303, 36.940612845732055 ], [ -94.618034688079447, 36.955293087835294 ], [ -94.61801700691251, 36.969758975318975 ], [ -94.617958466138987, 36.973367708077049 ], [ -94.617950703884659, 36.984286570147795 ], [ -94.617948837026475, 36.986267596431261 ], [ -94.617939695410826, 36.998605338571878 ], [ -94.617939766989494, 36.998800244077266 ], [ -94.617896446234369, 37.013237003519947 ], [ -94.61788610655897, 37.027876763687352 ], [ -94.618016502251564, 37.042453710851589 ], [ -94.617811913006335, 37.056855674419921 ], [ -94.617935176467228, 37.071365558575401 ], [ -94.617963698638661, 37.085960708100231 ], [ -94.618061192800042, 37.101918068216321 ], [ -94.618033967561431, 37.116549542918293 ], [ -94.618002689782699, 37.131105497902062 ], [ -94.618013273188097, 37.145552172357988 ], [ -94.618182156672617, 37.160185381720034 ], [ -94.618237718682067, 37.174739157448911 ], [ -94.618204839744394, 37.189181605905063 ], [ -94.61812999914963, 37.203762281036141 ], [ -94.618137966450718, 37.218228186727174 ], [ -94.618119320091623, 37.232731244748599 ], [ -94.618036235804823, 37.247224750617455 ], [ -94.618016852389701, 37.261791030558825 ], [ -94.617826802309082, 37.306333698730988 ], [ -94.617825742105708, 37.320605448535531 ], [ -94.617710555461315, 37.335160156314203 ], [ -94.617679029892216, 37.338429411087404 ], [ -94.617632401903137, 37.349670896901898 ], [ -94.617546731119589, 37.364284311708502 ], [ -94.617514724603282, 37.378842702562139 ], [ -94.617515378473485, 37.391757125578941 ], [ -94.617475801514701, 37.40609925991312 ], [ -94.617270545460812, 37.420664440534146 ], [ -94.617212435255198, 37.435254614194747 ], [ -94.617078868982176, 37.449945524979036 ], [ -94.617040981908033, 37.464264335007783 ], [ -94.617046449124913, 37.47797056221512 ], [ -94.616861969606958, 37.492530563443907 ], [ -94.616854559963841, 37.506901274076519 ], [ -94.616700410884675, 37.521436645438676 ], [ -94.616896185271926, 37.535910483689676 ], [ -94.617053452346866, 37.55049303605427 ], [ -94.617116206035817, 37.567242256139444 ], [ -94.617238861934638, 37.581599953278747 ], [ -94.61738792621064, 37.596114880508608 ], [ -94.617477304818365, 37.610484329077494 ], [ -94.617483492485007, 37.625215038114305 ], [ -94.617570948474352, 37.639657817208672 ], [ -94.617713791219913, 37.653583893989605 ], [ -94.617818773127539, 37.668156307053259 ], [ -94.617749162837882, 37.673128751966274 ], [ -94.61788831315549, 37.682596574957934 ], [ -94.617858964390265, 37.697145736102357 ], [ -94.617893453144859, 37.711714767087344 ], [ -94.61784935528506, 37.726445299554257 ], [ -94.617649735923322, 37.772024480783308 ], [ -94.617444729768167, 37.786447572275321 ], [ -94.617183877618274, 37.800858436868005 ], [ -94.617006715081331, 37.815391639870626 ], [ -94.616686238319843, 37.829790870244231 ], [ -94.616342496625307, 37.844344733306457 ], [ -94.616063716332846, 37.857916065388551 ], [ -94.615851398130232, 37.872515526170318 ], [ -94.615688818305529, 37.8870064754461 ], [ -94.615320913690553, 37.90152872436952 ], [ -94.615069330020859, 37.916035356907365 ], [ -94.614884445537001, 37.930511968137154 ], [ -94.614577401097122, 37.944263452293363 ], [ -94.614421560299803, 37.958680346116125 ], [ -94.614237467341297, 37.973227506182631 ], [ -94.614075971133659, 37.987743061337468 ], [ -94.614000444434424, 38.00235391882066 ], [ -94.61403942066913, 38.016756851061956 ], [ -94.614077406350418, 38.030971262321238 ], [ -94.614006220282789, 38.037003656000017 ], [ -94.614103170799936, 38.045535398940906 ], [ -94.614073862846979, 38.060034947230072 ], [ -94.613964583888603, 38.0745630303174 ], [ -94.61394146902542, 38.089172983030487 ], [ -94.613768330862797, 38.103710396305686 ], [ -94.613782578039903, 38.117820366074319 ], [ -94.613765992023488, 38.132379233992481 ], [ -94.613663696512461, 38.146864653823272 ], [ -94.613488128418652, 38.161391992956034 ], [ -94.613260602733632, 38.175887724923044 ], [ -94.612971443685467, 38.190401779124514 ], [ -94.612551510369485, 38.226816376127708 ], [ -94.612572700483497, 38.241242116527133 ], [ -94.612607724466017, 38.245763131643265 ], [ -94.612668302051773, 38.25568609438654 ], [ -94.612668313505296, 38.255687594671677 ], [ -94.61269175199557, 38.258174456997835 ], [ -94.612676571494916, 38.270130982793006 ], [ -94.612750001395128, 38.284610680735163 ], [ -94.61284587517541, 38.299060722889521 ], [ -94.612938835435344, 38.313472793427842 ], [ -94.613022422050165, 38.32797333444433 ], [ -94.613140813572684, 38.342335595550992 ], [ -94.613195278806543, 38.356909701005833 ], [ -94.613232877422661, 38.371389202138566 ], [ -94.613298335294829, 38.385726427870516 ], [ -94.6132989451539, 38.399987757734316 ], [ -94.613441515626391, 38.414523306935273 ], [ -94.613473637540295, 38.429090622607845 ], [ -94.613300016320323, 38.443532106967439 ], [ -94.613380682041438, 38.457977982846657 ], [ -94.613115846475011, 38.47248261060615 ], [ -94.612983081174022, 38.477636619502334 ], [ -94.612700067946278, 38.491951854569798 ], [ -94.612417768968115, 38.50644656114774 ], [ -94.612239168907536, 38.520872520385709 ], [ -94.612088142383968, 38.535349708261421 ], [ -94.612077502782654, 38.549940789328311 ], [ -94.611896581902073, 38.565759700351123 ], [ -94.611909588853408, 38.580270644940377 ], [ -94.611777553872884, 38.594861948982569 ], [ -94.611787937501944, 38.609221594592931 ], [ -94.611578220187994, 38.62373302314726 ], [ -94.611294257055619, 38.638211660673953 ], [ -94.610595935840294, 38.672646207305533 ], [ -94.610299008827198, 38.687353560570045 ], [ -94.610007272774794, 38.701817438314372 ], [ -94.609695433178217, 38.716388717225122 ], [ -94.609365877762187, 38.731205928391283 ], [ -94.609183526666669, 38.738105461662556 ], [ -94.608985478153841, 38.746047688582877 ], [ -94.608861153043279, 38.753391177168716 ], [ -94.608715205573674, 38.760574127470711 ], [ -94.608523080168254, 38.775207278630667 ], [ -94.608381092410426, 38.789826432009285 ], [ -94.608164327764555, 38.804342955163627 ], [ -94.608107492008713, 38.81875978553429 ], [ -94.607999766539294, 38.833211726027223 ], [ -94.608044051947587, 38.847338957378177 ], [ -94.60808227716106, 38.85458809954693 ], [ -94.60807249334789, 38.861802545107381 ], [ -94.608063561145684, 38.869047544361202 ], [ -94.608094358725495, 38.876348674984712 ], [ -94.60804721518879, 38.883641886949633 ], [ -94.608021927443758, 38.890895151131325 ], [ -94.608040486456076, 38.898169131490228 ], [ -94.608036834736168, 38.905436074673311 ], [ -94.608029531172392, 38.91293290569876 ], [ -94.608058208026534, 38.919883470421112 ], [ -94.608097033781746, 38.92730768912039 ], [ -94.608102094579237, 38.934730607205843 ], [ -94.608146950724048, 38.942013662809011 ], [ -94.608160590057921, 38.949319883119358 ], [ -94.608148237593042, 38.956525767904317 ], [ -94.608102853298135, 38.96378806498911 ], [ -94.608078336361501, 38.971107103599358 ], [ -94.608054029526457, 38.978360245036946 ], [ -94.607952508310191, 38.992977927815787 ], [ -94.607872367791785, 39.000257331947147 ], [ -94.607812848073777, 39.007516701276138 ], [ -94.607756413257619, 39.014761386590415 ], [ -94.607660491281834, 39.021103369168948 ], [ -94.607565470347708, 39.028355454980435 ], [ -94.60746385971315, 39.035614561491215 ], [ -94.607403973667559, 39.042826148603829 ], [ -94.607369450797648, 39.050086521402882 ], [ -94.607286668793932, 39.057344938095262 ], [ -94.607260071433686, 39.064611978970696 ], [ -94.607196264556293, 39.079035010459911 ], [ -94.607164194101472, 39.086254895956721 ], [ -94.607131940307696, 39.093509817514608 ], [ -94.60709583024132, 39.100817423101212 ], [ -94.607165935821612, 39.108224409781315 ], [ -94.607387741461622, 39.113451288688609 ], [ -94.607214783536065, 39.116869957744541 ], [ -94.60728711447959, 39.118715546507737 ], [ -94.60711396856, 39.119120394724682 ], [ -94.606976581292145, 39.119761491801903 ], [ -94.605816120055053, 39.122192253043238 ], [ -94.605138801520226, 39.123148550310319 ], [ -94.604749118673212, 39.123621883861965 ], [ -94.604655553138315, 39.123720600273899 ], [ -94.604300968415401, 39.124094705459704 ], [ -94.603006101808731, 39.125452907221757 ], [ -94.602546588757264, 39.125901039316588 ], [ -94.599763440626674, 39.128615098178571 ], [ -94.597286856600505, 39.130714252171614 ], [ -94.595397909005612, 39.132308872354557 ], [ -94.59367321370533, 39.133841643468344 ], [ -94.592762319897091, 39.134717899413502 ], [ -94.591903500073016, 39.135643080805835 ], [ -94.591097649533637, 39.13665689093402 ], [ -94.590592972165823, 39.137458081792168 ], [ -94.590332663586466, 39.137922908350177 ], [ -94.590200757844769, 39.138158448049921 ], [ -94.589704766471584, 39.139346737936705 ], [ -94.589319008104439, 39.140334946757385 ], [ -94.589016409521221, 39.141619883374503 ], [ -94.588852669979559, 39.142843352409436 ], [ -94.588781499071899, 39.144214491316589 ], [ -94.588741174633924, 39.14582349805314 ], [ -94.588731057182883, 39.147074658176088 ], [ -94.588724734682714, 39.14849455577167 ], [ -94.588737210794406, 39.149616333996256 ], [ -94.588746338283144, 39.150589225426423 ], [ -94.58882614981961, 39.15130300724261 ], [ -94.589003927746532, 39.151836735017959 ], [ -94.589320442183947, 39.152364510975204 ], [ -94.589494135279935, 39.152654133963956 ], [ -94.590032889441247, 39.153361652109815 ], [ -94.590725078907369, 39.154086931004834 ], [ -94.591388209433504, 39.154653741813441 ], [ -94.592258904442161, 39.155376573070448 ], [ -94.593218856965649, 39.156098176243468 ], [ -94.594123130473207, 39.156612030587013 ], [ -94.596185347690209, 39.157576670669144 ], [ -94.597987474833161, 39.158316479862357 ], [ -94.599428393039474, 39.158872573764697 ], [ -94.601186487923897, 39.159354791360713 ], [ -94.601768896365911, 39.159504790488739 ], [ -94.60243080771923, 39.159675260547523 ], [ -94.603585443488612, 39.159977093628946 ], [ -94.604493113203759, 39.160173510605489 ], [ -94.605354083855133, 39.160359814526963 ], [ -94.605632826582763, 39.160401847207595 ], [ -94.606189927425191, 39.160485853689529 ], [ -94.606621003771821, 39.16055085436377 ], [ -94.606773014344995, 39.160565411119848 ], [ -94.607617933426354, 39.160646318778916 ], [ -94.607913780795641, 39.160660890500971 ], [ -94.608174059311949, 39.160673709740031 ], [ -94.609035141578104, 39.160716114197726 ], [ -94.609054918980817, 39.160715513088881 ], [ -94.609928193909653, 39.160688973514411 ], [ -94.610197013649923, 39.160680803064004 ], [ -94.610233122985932, 39.160679705732939 ], [ -94.611085966356171, 39.160608344699078 ], [ -94.611339917212391, 39.160579089290486 ], [ -94.61206539417536, 39.160495510101448 ], [ -94.612483540829345, 39.160424363410364 ], [ -94.61308170641675, 39.160322584507675 ], [ -94.61362865676449, 39.160159111383692 ], [ -94.613639042631263, 39.160156007634072 ], [ -94.614760282027987, 39.159824674123598 ], [ -94.614774924366785, 39.15982034714068 ], [ -94.615236662334084, 39.159683896435858 ], [ -94.6159218607648, 39.159451611900501 ], [ -94.616256233118065, 39.159338256533303 ], [ -94.617069659120602, 39.159041743615262 ], [ -94.61734653072844, 39.158940815571654 ], [ -94.61763321600047, 39.158836308658771 ], [ -94.618218530147487, 39.158578306821006 ], [ -94.619368399364333, 39.158071441004246 ], [ -94.61941157002444, 39.158052411157954 ], [ -94.619557621849552, 39.157988030184434 ], [ -94.620510553253055, 39.157564007151777 ], [ -94.620518739914672, 39.157560315267617 ], [ -94.620726133772067, 39.157466798779588 ], [ -94.621399183989652, 39.157163306134137 ], [ -94.621669615455758, 39.157041360602783 ], [ -94.621912252829546, 39.156931948243184 ], [ -94.621962634645541, 39.156913027016969 ], [ -94.622819848660086, 39.156591086077562 ], [ -94.623307157537553, 39.156408064721028 ], [ -94.623667180048585, 39.156281951480267 ], [ -94.623974268070228, 39.156174379447933 ], [ -94.624656934654126, 39.155935239338461 ], [ -94.625127573135543, 39.155793631083625 ], [ -94.626063372297565, 39.155512054051691 ], [ -94.626279684660545, 39.155460403328291 ], [ -94.626460572561285, 39.155417210980097 ], [ -94.627430559783903, 39.155185593051691 ], [ -94.627858419715366, 39.15508342315082 ], [ -94.628580185604051, 39.154980964400551 ], [ -94.629491377844303, 39.154851607959074 ], [ -94.629730783190212, 39.154812575792405 ], [ -94.630881604300583, 39.154624940983879 ], [ -94.631153965663202, 39.154580532150845 ], [ -94.631280293268546, 39.154559933685391 ], [ -94.632026420161594, 39.154445782026031 ], [ -94.633176631554818, 39.154269797974003 ], [ -94.633198733520814, 39.15426641653719 ], [ -94.634326728780295, 39.154116941022117 ], [ -94.634536729776812, 39.154089111276278 ], [ -94.635476577963814, 39.15394609513325 ], [ -94.636206151287595, 39.15383507028848 ], [ -94.636627033211028, 39.153786368027134 ], [ -94.636866198709441, 39.15375869208453 ], [ -94.637775982548547, 39.153653408839268 ], [ -94.638190821265212, 39.153605400391115 ], [ -94.638926571283605, 39.153531695358453 ], [ -94.639529793804854, 39.153471262225743 ], [ -94.640064893315071, 39.153438673617472 ], [ -94.640349680022894, 39.153421328397194 ], [ -94.641202809590965, 39.153369363562106 ], [ -94.642363581222071, 39.153298648910287 ], [ -94.642607597807185, 39.153283782144364 ], [ -94.643524254192073, 39.153254984011681 ], [ -94.644684913646046, 39.153218509724773 ], [ -94.645521017594575, 39.153192227702107 ], [ -94.645845389623602, 39.153220606124044 ], [ -94.646726717867224, 39.153297704814655 ], [ -94.647005301841858, 39.153329650977184 ], [ -94.648165038882325, 39.153462632649848 ], [ -94.648684915534545, 39.153522240756601 ], [ -94.649324321121057, 39.153666303523472 ], [ -94.650108199995088, 39.153842912044453 ], [ -94.650483183365054, 39.153927393537842 ], [ -94.650610994952189, 39.153956188431792 ], [ -94.651457542009041, 39.1541387685971 ], [ -94.651641926036987, 39.154190282918414 ], [ -94.652800181250683, 39.154513873948225 ], [ -94.653004120909756, 39.154570848282773 ], [ -94.653721209345321, 39.154757135217665 ], [ -94.653958427887304, 39.154818758810087 ], [ -94.654503441502328, 39.154960338574178 ], [ -94.655116207080155, 39.155174831896097 ], [ -94.655492687002962, 39.155306612645461 ], [ -94.655634339693677, 39.155376687159396 ], [ -94.656224866974483, 39.155668810165672 ], [ -94.656272732068558, 39.155692487427032 ], [ -94.656653901267234, 39.15588104218395 ], [ -94.657427142671651, 39.156477297364987 ], [ -94.657557580368561, 39.156577877671317 ], [ -94.657690834191357, 39.156680628898926 ], [ -94.658580325004621, 39.157386899983578 ], [ -94.658705801970981, 39.157486528710635 ], [ -94.658832113067078, 39.157586819395874 ], [ -94.659572820803092, 39.158383399451814 ], [ -94.659582022695702, 39.158394577257262 ], [ -94.659731038211163, 39.15857559783403 ], [ -94.660487559770857, 39.159494581713098 ], [ -94.661091942756443, 39.160790344146449 ], [ -94.661244474822297, 39.161371895740103 ], [ -94.661407248851987, 39.162782048822322 ], [ -94.661361525837421, 39.163986186358088 ], [ -94.661202378490685, 39.165091050540532 ], [ -94.660817800862858, 39.166451355151928 ], [ -94.660459520372029, 39.167460981883899 ], [ -94.660427109541047, 39.167552311145286 ], [ -94.659950467285313, 39.168935544041247 ], [ -94.659684067053973, 39.169811325254898 ], [ -94.659644899917396, 39.170039074011513 ], [ -94.659629869721982, 39.170126474712028 ], [ -94.659476745455251, 39.17101684756252 ], [ -94.6593908605888, 39.171516234448596 ], [ -94.659394532092307, 39.171907287732317 ], [ -94.659402890703106, 39.172797475657234 ], [ -94.659403173885337, 39.172827640874793 ], [ -94.659503395363359, 39.17368710774862 ], [ -94.659530193011989, 39.173916915300246 ], [ -94.659539340658938, 39.173995361264161 ], [ -94.659975679088561, 39.174820737427993 ], [ -94.660434739213031, 39.175503810600915 ], [ -94.661345730524417, 39.176565808781604 ], [ -94.662386522363974, 39.177605665963377 ], [ -94.663479923436242, 39.17866504442302 ], [ -94.664594627588386, 39.179521279532047 ], [ -94.665184136329685, 39.18000595772213 ], [ -94.666588382250922, 39.180908453909552 ], [ -94.66838493542032, 39.181689992004777 ], [ -94.668449149628884, 39.181712147685886 ], [ -94.669829079461522, 39.182188249876582 ], [ -94.671943909635672, 39.182849846867107 ], [ -94.673533949900303, 39.183249862267679 ], [ -94.675619136700433, 39.183700395844284 ], [ -94.677651775811427, 39.184017105242205 ], [ -94.677846222950421, 39.184036133008426 ], [ -94.678349479894919, 39.184085377759345 ], [ -94.679706373837064, 39.184218140640681 ], [ -94.680583673986419, 39.184254208431625 ], [ -94.681090741525963, 39.184275051692843 ], [ -94.682350751145123, 39.184295301771463 ], [ -94.683928956405936, 39.184195617211522 ], [ -94.685578468043047, 39.183979557855977 ], [ -94.687026789573721, 39.183612626872005 ], [ -94.688742980087525, 39.183088031892773 ], [ -94.69028495233853, 39.182508278559794 ], [ -94.691580024890271, 39.181932091384837 ], [ -94.691848370659613, 39.181798133737857 ], [ -94.692531763133459, 39.181456979732495 ], [ -94.694063519310959, 39.180454479207931 ], [ -94.696153780394994, 39.179059422677291 ], [ -94.696309996397929, 39.178958075548309 ], [ -94.696337776581601, 39.178940053230477 ], [ -94.698244880834309, 39.1777027563218 ], [ -94.70033590161907, 39.176346054774477 ], [ -94.702866067035686, 39.174771473323595 ], [ -94.705302950152628, 39.173428846973579 ], [ -94.707105403282526, 39.172402992692781 ], [ -94.708319591064367, 39.171839061623622 ], [ -94.708643732169776, 39.171688510030783 ], [ -94.710478222900406, 39.170969659198327 ], [ -94.712462636685686, 39.170325457025918 ], [ -94.715041731162799, 39.169768569017897 ], [ -94.715113997360234, 39.169755346670357 ], [ -94.715382129883011, 39.169706284462073 ], [ -94.716983712147979, 39.169413219182033 ], [ -94.719715509266635, 39.169046181742566 ], [ -94.721686812691914, 39.168882522468905 ], [ -94.72442466100965, 39.168765149010497 ], [ -94.726103047927069, 39.168740293480624 ], [ -94.728644833650137, 39.168683384982273 ], [ -94.730967302589391, 39.168745002139886 ], [ -94.733390860848402, 39.168901170437103 ], [ -94.733596771155177, 39.168917444323633 ], [ -94.734034695552353, 39.168952053250884 ], [ -94.734063781981661, 39.168954352218279 ], [ -94.735642126350186, 39.169079074062864 ], [ -94.736614597357985, 39.169198329049223 ], [ -94.737598630306024, 39.169318992844268 ], [ -94.740647801387226, 39.169811639775418 ], [ -94.743850802460614, 39.170532548065928 ], [ -94.747008779071848, 39.171427023186041 ], [ -94.749546900268655, 39.172215402429622 ], [ -94.751851838651604, 39.172983197843344 ], [ -94.752086506090478, 39.173061364436172 ], [ -94.75301171684076, 39.173527950267975 ], [ -94.755487872190898, 39.174797635534397 ], [ -94.757617578033148, 39.176034054577364 ], [ -94.759774437402427, 39.177366123914844 ], [ -94.761254330741195, 39.178285546637298 ], [ -94.76231173205754, 39.17909602175822 ], [ -94.763323148577655, 39.18004172442329 ], [ -94.764340356045935, 39.18121797080984 ], [ -94.765028608918414, 39.182024618650473 ], [ -94.765052710444394, 39.1820528662643 ], [ -94.76604480949922, 39.18321025772908 ], [ -94.766935306420237, 39.184253860856451 ], [ -94.767930354514775, 39.185526511251531 ], [ -94.768650022249787, 39.18664957437462 ], [ -94.769636354647801, 39.188556605868477 ], [ -94.770420408103107, 39.19027450099145 ], [ -94.770745134215687, 39.190972682069344 ], [ -94.771308082281237, 39.192183015997365 ], [ -94.772310713015571, 39.194338548858873 ], [ -94.772639688585258, 39.195045773054801 ], [ -94.773287874840747, 39.196265992201809 ], [ -94.774205715802566, 39.198385442956287 ], [ -94.775287274264102, 39.200137209689665 ], [ -94.775799289801483, 39.20090760442767 ], [ -94.776134550584047, 39.201412036186788 ], [ -94.776926176975564, 39.202437845102935 ], [ -94.777994298095692, 39.203651627962969 ], [ -94.779207230039049, 39.204728647813525 ], [ -94.780439071560451, 39.205574725302903 ], [ -94.782042330213784, 39.206453546994851 ], [ -94.783244678939482, 39.207107844379777 ], [ -94.783865938938121, 39.207252090427652 ], [ -94.785802355304781, 39.207626036152853 ], [ -94.786744170230946, 39.207746130668134 ], [ -94.788250074949019, 39.207703798590522 ], [ -94.789110347225829, 39.207612553180233 ], [ -94.789309518746848, 39.207591426236782 ], [ -94.790195607912352, 39.207462489503428 ], [ -94.791552357704532, 39.207383967357494 ], [ -94.792611299414204, 39.207252352304373 ], [ -94.793545790134189, 39.207084205170254 ], [ -94.794692538475289, 39.206813714341024 ], [ -94.795289323839896, 39.206672941474423 ], [ -94.796641642569753, 39.206421448194043 ], [ -94.798786128334996, 39.206234586123529 ], [ -94.801452620151338, 39.206174152708897 ], [ -94.80283598645498, 39.20617196744481 ], [ -94.804813489372322, 39.206218219618172 ], [ -94.80738660606157, 39.206370516290221 ], [ -94.807518590172307, 39.206382626511626 ], [ -94.807824588759431, 39.206410703666776 ], [ -94.81043237799409, 39.206649949658491 ], [ -94.811522875697008, 39.206786753359523 ], [ -94.812886991359221, 39.206996166855603 ], [ -94.814375573633711, 39.207242065188623 ], [ -94.816736890171612, 39.207801073943735 ], [ -94.819176789508759, 39.208531785848436 ], [ -94.820973673942703, 39.209234062064453 ], [ -94.822723689318366, 39.210033143731017 ], [ -94.823777294799896, 39.21065090655641 ], [ -94.825559534244988, 39.211737739192415 ], [ -94.825833762134295, 39.211928724286857 ], [ -94.825920916643639, 39.211989423049928 ], [ -94.827043977832744, 39.212771556067345 ], [ -94.828757716603377, 39.214070832385026 ], [ -94.830246247612806, 39.21525830212267 ], [ -94.83079179773226, 39.215699124200214 ], [ -94.831482864333012, 39.216257515548897 ], [ -94.832648418203917, 39.217373152942422 ], [ -94.833130169127472, 39.217846067767347 ], [ -94.833639624755563, 39.218433864367917 ], [ -94.83438687721339, 39.219613729136555 ], [ -94.834890670151182, 39.220931963560311 ], [ -94.835143483667466, 39.222100392033802 ], [ -94.835070205366961, 39.223081760369844 ], [ -94.834990116314842, 39.223329868794565 ], [ -94.834727228637291, 39.224144257463173 ], [ -94.834444477996072, 39.224721669047703 ], [ -94.834281436393312, 39.225054614300298 ], [ -94.833875534227587, 39.225599163771285 ], [ -94.832941703463021, 39.226747839268377 ], [ -94.83212635325296, 39.227702443954655 ], [ -94.831169763468537, 39.228928341834028 ], [ -94.830163735354304, 39.230155008913542 ], [ -94.828855995719834, 39.232135981249286 ], [ -94.827536639603906, 39.234539709640146 ], [ -94.827116394344387, 39.235488077508634 ], [ -94.826559872476906, 39.23689985830238 ], [ -94.826263643230234, 39.237793484791332 ], [ -94.826124363088084, 39.238213638950803 ], [ -94.825913266969764, 39.239637134680727 ], [ -94.825892959249302, 39.239774075427448 ], [ -94.825697508192675, 39.24081501112147 ], [ -94.825643816284298, 39.241603866652937 ], [ -94.825697416715428, 39.242717776974864 ], [ -94.825842388903013, 39.243311637134852 ], [ -94.826029275696612, 39.244077180470853 ], [ -94.826600466442699, 39.246086303123867 ], [ -94.827198396988607, 39.248171880705719 ], [ -94.827642122102219, 39.250029238532335 ], [ -94.828782239733883, 39.252048634940863 ], [ -94.828972872027904, 39.252347075003286 ], [ -94.829426456239787, 39.253057163293953 ], [ -94.830226950498854, 39.254370747389551 ], [ -94.831484273798665, 39.25613841496628 ], [ -94.832531959547779, 39.25744809487388 ], [ -94.834689063105174, 39.259585954331556 ], [ -94.835955767533079, 39.260757610565754 ], [ -94.837981479143821, 39.262589963625395 ], [ -94.839744581008546, 39.26383061701862 ], [ -94.841460327942357, 39.265148872654848 ], [ -94.843375870968828, 39.266540815683719 ], [ -94.843560460224978, 39.266672575143161 ], [ -94.844430064055445, 39.26729328264517 ], [ -94.845114453141818, 39.267781774542321 ], [ -94.846721445135088, 39.268717279301562 ], [ -94.847396332827842, 39.268994866911626 ], [ -94.848704681757241, 39.269763405162713 ], [ -94.850914764121498, 39.270802312105864 ], [ -94.85312778166896, 39.271950089261544 ], [ -94.85521624889914, 39.272928586374334 ], [ -94.856839021034645, 39.273712123032645 ], [ -94.858277143993689, 39.274327362374123 ], [ -94.861938709290996, 39.275716451172265 ], [ -94.862992056755687, 39.276132078542744 ], [ -94.864630441308122, 39.276778519610389 ], [ -94.866450287920387, 39.277434237253821 ], [ -94.869623434663012, 39.278519599880894 ], [ -94.871602282705084, 39.279125987037347 ], [ -94.873518617794119, 39.279639952732836 ], [ -94.876060564704602, 39.280330591531992 ], [ -94.877940663413355, 39.280985156307331 ], [ -94.878024770850729, 39.281020483366468 ], [ -94.878690121137296, 39.281299939193289 ], [ -94.880090622795976, 39.28199334043051 ], [ -94.881006364370734, 39.282518885926088 ], [ -94.881778931067629, 39.282962251625882 ], [ -94.883449346782555, 39.28400925339632 ], [ -94.884960064666728, 39.285074384253136 ], [ -94.886002411426261, 39.285851339209216 ], [ -94.887146976139874, 39.286704455138853 ], [ -94.888012941154741, 39.287624341112739 ], [ -94.889041610103774, 39.288634973154267 ], [ -94.890089495289629, 39.289614151649005 ], [ -94.891158687044395, 39.290639671673084 ], [ -94.892185351520538, 39.291572479565133 ], [ -94.895144113667698, 39.294326123272484 ], [ -94.895950509532071, 39.295180908955139 ], [ -94.896257698798351, 39.295506525100656 ], [ -94.89727288200298, 39.296750781956646 ], [ -94.897798414284722, 39.297526340947897 ], [ -94.898253516134716, 39.29819794373725 ], [ -94.89883564091393, 39.298982285532709 ], [ -94.899333895164872, 39.29962790335702 ], [ -94.89943022771115, 39.299732873353534 ], [ -94.899953150317842, 39.300302674678406 ], [ -94.900616254897955, 39.301116816010762 ], [ -94.901206432127736, 39.302196755514167 ], [ -94.901586867783706, 39.303068477290836 ], [ -94.901590894603245, 39.303077703403531 ], [ -94.901918237654655, 39.304068541762248 ], [ -94.902408749610046, 39.305165668510284 ], [ -94.903682222421395, 39.308538104633385 ], [ -94.904861782042673, 39.311398403407431 ], [ -94.90535999592062, 39.312775566265053 ], [ -94.905885857815804, 39.314432453005622 ], [ -94.906288613761618, 39.315982394292412 ], [ -94.906733894096135, 39.317661925975827 ], [ -94.906958368275113, 39.318508576873775 ], [ -94.907272599310943, 39.319748656872257 ], [ -94.907781758105116, 39.322261900214137 ], [ -94.907930274766329, 39.32330234527852 ], [ -94.908113630267266, 39.324887006239933 ], [ -94.908298266749654, 39.326518340845432 ], [ -94.908441425282689, 39.328835230112084 ], [ -94.90847315516551, 39.330002110194663 ], [ -94.908571463173573, 39.332880085852523 ], [ -94.908746962744786, 39.335647835979081 ], [ -94.908747481445502, 39.335654407360124 ], [ -94.908961282249223, 39.338368252356943 ], [ -94.908987626484887, 39.338557179966415 ], [ -94.90916051659211, 39.339796993003233 ], [ -94.909346633680443, 39.340743424552493 ], [ -94.909735111738428, 39.342495928387294 ], [ -94.909963436487487, 39.343519491680922 ], [ -94.910187408228836, 39.345119041385871 ], [ -94.910320223081797, 39.346315388865634 ], [ -94.910381790050437, 39.347839776947801 ], [ -94.91035472746978, 39.349054315164317 ], [ -94.910437729256188, 39.349893476982196 ], [ -94.910488404175396, 39.350281778237019 ], [ -94.910455529683475, 39.350546927557509 ], [ -94.910325428532289, 39.350922630915377 ], [ -94.910177826962411, 39.351392013659712 ], [ -94.909991840422649, 39.351924286936999 ], [ -94.909940196220376, 39.35223644120795 ], [ -94.909930749902472, 39.352625727740786 ], [ -94.90988761983003, 39.352772815626714 ], [ -94.909857370186643, 39.352875977305203 ], [ -94.909689722969901, 39.353345687512636 ], [ -94.909307987131044, 39.354052390678987 ], [ -94.908981704858803, 39.354586964588464 ], [ -94.908637072312189, 39.355184100076357 ], [ -94.908152995558737, 39.35581465244038 ], [ -94.907312830754407, 39.356622258358151 ], [ -94.906628744729957, 39.357271647744717 ], [ -94.905823974853092, 39.357907445756418 ], [ -94.904821735735695, 39.358655428244582 ], [ -94.903818206572893, 39.359356727205103 ], [ -94.902676476516518, 39.360138104736556 ], [ -94.901652017010917, 39.360808596768074 ], [ -94.900329856381632, 39.361592900682716 ], [ -94.899142906050116, 39.362188199056497 ], [ -94.89801269272445, 39.362658036854938 ], [ -94.896979734014536, 39.36301732128576 ], [ -94.895506237539379, 39.363399341645987 ], [ -94.894190546284818, 39.363685380997012 ], [ -94.892258126627951, 39.364152657765622 ], [ -94.890923201433452, 39.36447010391106 ], [ -94.889472199637183, 39.364945072991311 ], [ -94.888817053034543, 39.365189191652405 ], [ -94.887768151188453, 39.365704306446254 ], [ -94.88602732735589, 39.366588634346748 ], [ -94.8850406095941, 39.367180543446928 ], [ -94.884571287374541, 39.367552767851279 ], [ -94.884058891457215, 39.367959146881901 ], [ -94.883179466652976, 39.368813912182851 ], [ -94.882183929972825, 39.369826203342349 ], [ -94.881943830495103, 39.370121461980013 ], [ -94.881465656044057, 39.370709479042389 ], [ -94.880808753750671, 39.371638454198674 ], [ -94.88029424049256, 39.372642949245083 ], [ -94.879862403261214, 39.37373949996266 ], [ -94.879582995943792, 39.374537844178114 ], [ -94.879326131871764, 39.375429215668788 ], [ -94.879225047333748, 39.376146852809988 ], [ -94.879123542535069, 39.376848929424717 ], [ -94.879131035513126, 39.37787611773247 ], [ -94.879272184753816, 39.378652100922409 ], [ -94.879587493677263, 39.379938924723028 ], [ -94.880002640518754, 39.381208568413648 ], [ -94.880360670939254, 39.382020393702263 ], [ -94.880643350188649, 39.38266134686225 ], [ -94.881439045973551, 39.383909265927727 ], [ -94.881921910164863, 39.384546851367496 ], [ -94.882312460034342, 39.385062530308169 ], [ -94.883144967236262, 39.386185318405381 ], [ -94.884103243995725, 39.387508412240258 ], [ -94.884686832627295, 39.388323915502767 ], [ -94.885310117437569, 39.389123207785318 ], [ -94.885703225244555, 39.389568226953628 ], [ -94.886135599394464, 39.389981479152475 ], [ -94.886812781242512, 39.390546409174569 ], [ -94.887303645181163, 39.390896445878077 ], [ -94.888081102481621, 39.391459742058899 ], [ -94.889342319538045, 39.392108566775796 ], [ -94.890639881031277, 39.392616699941428 ], [ -94.892034354863256, 39.392998719583979 ], [ -94.893036894521885, 39.393206326142973 ], [ -94.893567523402595, 39.393316205058234 ], [ -94.895418582485163, 39.393519532244468 ], [ -94.896781668781372, 39.393481746747085 ], [ -94.898642666816158, 39.39331129525403 ], [ -94.899221643566236, 39.393203768540317 ], [ -94.900578793459061, 39.392952804773806 ], [ -94.902330210336842, 39.392441651407694 ], [ -94.903820515169514, 39.391919179877995 ], [ -94.905088543443753, 39.39133807095849 ], [ -94.905704308740653, 39.391032046854448 ], [ -94.906513568036189, 39.390629851892278 ], [ -94.909142127939901, 39.389185868724198 ], [ -94.911413929128514, 39.38790334176101 ], [ -94.913453553993691, 39.38693589423049 ], [ -94.915000825193658, 39.386303387294411 ], [ -94.916828753210126, 39.385666236067856 ], [ -94.917544039634208, 39.385493812048452 ], [ -94.918422880372731, 39.385281955213927 ], [ -94.919637765939825, 39.384966172267617 ], [ -94.920975918845826, 39.3847572978747 ], [ -94.922456965741787, 39.384639438094901 ], [ -94.924238737499692, 39.384516584028219 ], [ -94.925904060607792, 39.384535718194847 ], [ -94.927730630037374, 39.384583286748608 ], [ -94.929339235623189, 39.384727831877413 ], [ -94.931272057259974, 39.384991494852699 ], [ -94.932543712519006, 39.385281676850319 ], [ -94.933695083954376, 39.385573844569521 ], [ -94.935150636671565, 39.385985463298248 ], [ -94.936470118967534, 39.386482792678024 ], [ -94.936772191941117, 39.386596644985183 ], [ -94.937991068512801, 39.387152252864333 ], [ -94.939337582526932, 39.387970328567562 ], [ -94.94070891988045, 39.388959189790995 ], [ -94.942408431348326, 39.390207162100424 ], [ -94.942606076231925, 39.390408098405871 ], [ -94.943523086871053, 39.391340362349318 ], [ -94.944372368524483, 39.392306770746444 ], [ -94.945413801343435, 39.393690217504762 ], [ -94.946131860301747, 39.394985674476125 ], [ -94.946442853826383, 39.396070028757094 ], [ -94.9465516084435, 39.397095507033441 ], [ -94.946572649269172, 39.398573840948615 ], [ -94.946599902031281, 39.399553986345474 ], [ -94.946645758914585, 39.401203120447249 ], [ -94.946661182030425, 39.402479200971634 ], [ -94.946691704433775, 39.403224163647891 ], [ -94.946723637705077, 39.404003535024138 ], [ -94.946916091934312, 39.405152131006588 ], [ -94.947289478828225, 39.406313262200804 ], [ -94.947862993122484, 39.40745547405389 ], [ -94.948308835038816, 39.408335215702841 ], [ -94.948854530802137, 39.409197716986974 ], [ -94.949467362476199, 39.410001710919587 ], [ -94.949604265706654, 39.410181315450949 ], [ -94.950083755852702, 39.410827009083135 ], [ -94.950785173070329, 39.411515674426916 ], [ -94.951464813463588, 39.412142439281659 ], [ -94.952445310709152, 39.41276414928695 ], [ -94.953421483235857, 39.413230273830436 ], [ -94.955528233444895, 39.413941988728745 ], [ -94.956630436632551, 39.414270595106018 ], [ -94.958098075758784, 39.414708129836889 ], [ -94.960202735871135, 39.41534196951784 ], [ -94.962975868638821, 39.416197965556997 ], [ -94.964658534599337, 39.416807715969014 ], [ -94.96681042640904, 39.417689677599441 ], [ -94.968661929290818, 39.418520821916438 ], [ -94.968781850391821, 39.418574653422134 ], [ -94.970210000628285, 39.419406542468828 ], [ -94.97157976302222, 39.42030166300426 ], [ -94.972788213093651, 39.42116837269019 ], [ -94.973632563042869, 39.421932295890578 ], [ -94.974544134356904, 39.422944111703636 ], [ -94.975146934951141, 39.423680994575378 ], [ -94.975186080183221, 39.423740618663793 ], [ -94.975398141292473, 39.424063610043163 ], [ -94.975985784579677, 39.424958637222034 ], [ -94.976627583162227, 39.426364143655277 ], [ -94.976933490034028, 39.427246147620572 ], [ -94.977547527914666, 39.429087940974767 ], [ -94.977905020299104, 39.430373753317213 ], [ -94.978047831308103, 39.431165138292535 ], [ -94.978459554855107, 39.432948106539314 ], [ -94.978756679265814, 39.434097260718019 ], [ -94.978820171016878, 39.434342817189972 ], [ -94.979299417785072, 39.435673246769483 ], [ -94.979939627311666, 39.437016499055702 ], [ -94.980570606690009, 39.43803303973295 ], [ -94.981067148392697, 39.438720050886836 ], [ -94.981615224846919, 39.439478346765412 ], [ -94.982611817420334, 39.440644294020416 ], [ -94.983808645870141, 39.441791250007341 ], [ -94.984919511499513, 39.442737317323896 ], [ -94.986069211125198, 39.443636015241225 ], [ -94.987073620839126, 39.444365969524839 ], [ -94.988197555188876, 39.445062741893715 ], [ -94.989728579347229, 39.445954881114233 ], [ -94.99099125423551, 39.446586992303914 ], [ -94.992011175274413, 39.447031709318487 ], [ -94.992983419968738, 39.447455624080703 ], [ -94.993361909141655, 39.447591394344791 ], [ -94.995965093455879, 39.448525147547493 ], [ -94.997970323579636, 39.449144431348657 ], [ -94.999264803485843, 39.449480171017598 ], [ -95.001161289013169, 39.449805534705852 ], [ -95.003038172626376, 39.450146771749765 ], [ -95.005379283035182, 39.450573359728601 ], [ -95.007825223248901, 39.451153738516709 ], [ -95.00958355810117, 39.451559175337401 ], [ -95.01078007359142, 39.451854270036378 ], [ -95.012414422548673, 39.452257322153585 ], [ -95.015467875038226, 39.453013800559404 ], [ -95.019859329475523, 39.454213904304517 ], [ -95.02175810202553, 39.454901967968418 ], [ -95.021908656407163, 39.454956522529933 ], [ -95.024672572787907, 39.456106912980111 ], [ -95.026725161673028, 39.45695834173312 ], [ -95.028701140726952, 39.457935590690589 ], [ -95.030046453411487, 39.458628087941349 ], [ -95.032105967467515, 39.459712772500403 ], [ -95.03260142346187, 39.460048221298486 ], [ -95.034010879051209, 39.461002466625438 ], [ -95.035017321494479, 39.461756743273519 ], [ -95.035796804939665, 39.462340907957092 ], [ -95.03801153305281, 39.463920840321101 ], [ -95.039964533431714, 39.465474192731016 ], [ -95.041513474265628, 39.46694121978139 ], [ -95.042278390331035, 39.467690457039467 ], [ -95.043093930584163, 39.468796789875356 ], [ -95.043303669736162, 39.469079384436832 ], [ -95.044097430866131, 39.470148847203184 ], [ -95.045043488944998, 39.471595294868699 ], [ -95.045490525410457, 39.472459056466761 ], [ -95.046737723201346, 39.475269887279573 ], [ -95.047580347861498, 39.477294028951178 ], [ -95.04850971400991, 39.479534540369329 ], [ -95.048810407020284, 39.480883371864167 ], [ -95.048987005281361, 39.482109872302203 ], [ -95.049033056838596, 39.483678559487387 ], [ -95.049033131335889, 39.48368109704932 ], [ -95.048973857396049, 39.485082966697945 ], [ -95.048834276234757, 39.486486251671977 ], [ -95.048752618260608, 39.487125844914274 ], [ -95.04873712693572, 39.487966612261708 ], [ -95.048835725352049, 39.489272310288108 ], [ -95.048928386640995, 39.490375771299966 ], [ -95.049133780105663, 39.491897490968974 ], [ -95.049412183255711, 39.493168887841861 ], [ -95.050068470869675, 39.494993947991638 ], [ -95.050524145185449, 39.496018095382055 ], [ -95.050983604891357, 39.497057950401128 ], [ -95.05121835956021, 39.497491456974082 ], [ -95.051675541938963, 39.498304815820255 ], [ -95.052476973006094, 39.499698668639546 ], [ -95.052986368450647, 39.500623551348291 ], [ -95.054365281941955, 39.502420250712873 ], [ -95.055502284235956, 39.503505237912158 ], [ -95.05690129855941, 39.50461670593139 ], [ -95.058522175971049, 39.505755356332571 ], [ -95.05917765563305, 39.506179554567474 ], [ -95.06052374824209, 39.506856103852719 ], [ -95.062089850713079, 39.507497605055761 ], [ -95.065195607328889, 39.508563109007987 ], [ -95.066655383561624, 39.509004096926603 ], [ -95.068677493400571, 39.50943505849289 ], [ -95.069692609609731, 39.509750868312857 ], [ -95.070381071847166, 39.509965047178774 ], [ -95.072655787497538, 39.510780552954706 ], [ -95.074811441981666, 39.511644834349923 ], [ -95.0765234585229, 39.512454743685389 ], [ -95.077653908750477, 39.51303071704308 ], [ -95.078176189995972, 39.513296816911179 ], [ -95.079323149349548, 39.514023400660683 ], [ -95.082127146314264, 39.515731993489482 ], [ -95.083930379029141, 39.516898142425994 ], [ -95.085367488987686, 39.517915187926782 ], [ -95.087815842196633, 39.519816796372545 ], [ -95.091049065486061, 39.52242019889735 ], [ -95.094325042213043, 39.525100559909127 ], [ -95.097133636888358, 39.527602489009972 ], [ -95.097287243333, 39.527733721221779 ], [ -95.09977422744447, 39.529858350106778 ], [ -95.101756659163527, 39.531612428104289 ], [ -95.103986041307053, 39.533726196738009 ], [ -95.104639246407828, 39.534347285348652 ], [ -95.105874059569643, 39.53587688514871 ], [ -95.106727502702768, 39.53712464752941 ], [ -95.106852137070945, 39.537334207503982 ], [ -95.107513276200081, 39.538445814470542 ], [ -95.108177696914495, 39.539606763252856 ], [ -95.109070908025956, 39.541395170727633 ], [ -95.109835669015197, 39.542788888236764 ], [ -95.110557694864653, 39.544309698299521 ], [ -95.111212597702234, 39.545921954268515 ], [ -95.111791079368302, 39.54731904024819 ], [ -95.112499750331821, 39.549164911683192 ], [ -95.113045375695975, 39.551013742663123 ], [ -95.113287358563568, 39.552074063088675 ], [ -95.113456166132337, 39.553027437178393 ], [ -95.113626869420372, 39.554810899369556 ], [ -95.113658082179029, 39.55583896046943 ], [ -95.113561277325516, 39.557073205392371 ], [ -95.113540435852173, 39.557338929864088 ], [ -95.11326844145313, 39.559130443728435 ], [ -95.11287116696522, 39.560635498254264 ], [ -95.112090334470565, 39.562562584697517 ], [ -95.111699354388008, 39.563508090466598 ], [ -95.111180040828543, 39.564834895105797 ], [ -95.110460276643252, 39.566472123496567 ], [ -95.109464322372261, 39.568998622598087 ], [ -95.10861613000246, 39.571017139017137 ], [ -95.108244878465058, 39.571759696704625 ], [ -95.107714721395723, 39.572820062404844 ], [ -95.107029098759853, 39.574030296574421 ], [ -95.106939995728311, 39.574187573804288 ], [ -95.106137563854404, 39.575411212727118 ], [ -95.105148107603611, 39.576620191891962 ], [ -95.104077780302887, 39.577469704894604 ], [ -95.103323917281202, 39.577988648511997 ], [ -95.101807978770381, 39.578755977974375 ], [ -95.10042640692879, 39.579340398136175 ], [ -95.099341825524036, 39.579720926316725 ], [ -95.097770483639039, 39.580200468174723 ], [ -95.095917788958801, 39.580630927234189 ], [ -95.093920874143464, 39.580919587969881 ], [ -95.092618314805776, 39.581033291831901 ], [ -95.090426773072508, 39.581054706678266 ], [ -95.088485125010166, 39.58085503480887 ], [ -95.088078581236232, 39.580762928628857 ], [ -95.086418826983092, 39.580386877119032 ], [ -95.084720621644991, 39.579749661909645 ], [ -95.082572032769008, 39.578867850482247 ], [ -95.080470654218544, 39.578003199728528 ], [ -95.078303174950719, 39.577266015641548 ], [ -95.075976359293776, 39.576657962766646 ], [ -95.073935720327668, 39.576261306791338 ], [ -95.072320003209143, 39.576037496464359 ], [ -95.07124304115564, 39.575894288709058 ], [ -95.069774694781302, 39.575920461336814 ], [ -95.068840456841841, 39.576017683649127 ], [ -95.068100871326209, 39.576094643242605 ], [ -95.066265495331891, 39.576325813865161 ], [ -95.064363928697048, 39.576684453799608 ], [ -95.062420006424702, 39.577188185113435 ], [ -95.060898267671746, 39.577774625835382 ], [ -95.05919591138489, 39.578562756377778 ], [ -95.058042211317769, 39.579281679987808 ], [ -95.057172880577838, 39.579782624793005 ], [ -95.056335955251143, 39.580415412581004 ], [ -95.055305336194394, 39.581250253750703 ], [ -95.054529299811335, 39.582014372545054 ], [ -95.053641171198848, 39.582846678693613 ], [ -95.053199378850991, 39.583340035286092 ], [ -95.052402601549304, 39.584369349181372 ], [ -95.051636911532285, 39.585486391194863 ], [ -95.051481148338638, 39.585741851083064 ], [ -95.051065556294787, 39.586423433240938 ], [ -95.050326382471638, 39.587473786863278 ], [ -95.049835762457917, 39.588200851929848 ], [ -95.049506207544951, 39.588680056536134 ], [ -95.049150530097833, 39.589193948490284 ], [ -95.048854469193628, 39.589795068579058 ], [ -95.048560350814483, 39.590462365148738 ], [ -95.047966903199608, 39.591620484465935 ], [ -95.046859703858132, 39.594707768933027 ], [ -95.046603154161417, 39.595683382769202 ], [ -95.046535309355946, 39.596252077703504 ], [ -95.046300850457371, 39.597687071626304 ], [ -95.046174878334241, 39.598849754493962 ], [ -95.046119695373406, 39.599943590198144 ], [ -95.046131704310866, 39.600351526898457 ], [ -95.046148204580376, 39.600912017940836 ], [ -95.046372948327587, 39.602609319163946 ], [ -95.04651924630096, 39.603620737402842 ], [ -95.046801542254499, 39.60479875831912 ], [ -95.047308848073953, 39.606198144309147 ], [ -95.048094437385203, 39.60764895391236 ], [ -95.048758894311618, 39.60844843027327 ], [ -95.049182795306507, 39.608993015826172 ], [ -95.050008418085994, 39.609823441092431 ], [ -95.050655700433296, 39.610533076302389 ], [ -95.051095187148974, 39.611111178622465 ], [ -95.051687581746094, 39.611934443142722 ], [ -95.05211418977099, 39.612569102307035 ], [ -95.053000206427157, 39.613961767812704 ], [ -95.053602303733058, 39.615111581948092 ], [ -95.054097843469236, 39.616105545149011 ], [ -95.054587164157937, 39.617381281150678 ], [ -95.054825883108336, 39.618064318804279 ], [ -95.0549735019097, 39.618652528777424 ], [ -95.05507360372853, 39.619051394796969 ], [ -95.055212410422584, 39.619803799864748 ], [ -95.055341275051745, 39.620574816354875 ], [ -95.055460244599715, 39.621286603112608 ], [ -95.055509362381869, 39.621961729380104 ], [ -95.05554136451623, 39.623528731208097 ], [ -95.055541794214562, 39.62354974319252 ], [ -95.05544040472634, 39.62455426262099 ], [ -95.05512358753424, 39.625663995127979 ], [ -95.054744181420375, 39.62662836738501 ], [ -95.054454372330596, 39.627174291432254 ], [ -95.054155327233801, 39.627900642361674 ], [ -95.053822914112459, 39.628976846779871 ], [ -95.05300477289704, 39.630872830826696 ], [ -95.052157128532798, 39.632758065126104 ], [ -95.052016835422492, 39.633073764948477 ], [ -95.051596974565555, 39.634018552511847 ], [ -95.050866026945144, 39.635417252579046 ], [ -95.050312409661586, 39.63640722070366 ], [ -95.049977838249745, 39.636920123633004 ], [ -95.049097529793414, 39.638197517600467 ], [ -95.048664472088447, 39.638802824152677 ], [ -95.048411788540406, 39.639156007161453 ], [ -95.047687318291537, 39.640284176315845 ], [ -95.047141875182987, 39.641059920069431 ], [ -95.046635798165411, 39.641688501696059 ], [ -95.045750058161588, 39.642785701169203 ], [ -95.045311805309808, 39.643244085055144 ], [ -95.044944384301047, 39.643633619588073 ], [ -95.044549818450207, 39.644091230292439 ], [ -95.044214837388623, 39.644592856858793 ], [ -95.043176422188594, 39.645951855020321 ], [ -95.042326651328835, 39.646789263473408 ], [ -95.041693891247945, 39.647449860967463 ], [ -95.04149241990595, 39.647660192647308 ], [ -95.040300540924505, 39.649040837919429 ], [ -95.04013939964662, 39.649227493904895 ], [ -95.039335569969879, 39.650142939708552 ], [ -95.038970727151167, 39.650622542612346 ], [ -95.038317832640203, 39.651715596401139 ], [ -95.037972741140734, 39.652256485484664 ], [ -95.037481823942755, 39.653025923180103 ], [ -95.036699428766681, 39.654177573557725 ], [ -95.035619996920161, 39.655638622451498 ], [ -95.034945830119142, 39.656506698361547 ], [ -95.034565695123931, 39.656964022399137 ], [ -95.033957080932311, 39.657583079794605 ], [ -95.033392492886207, 39.658212629950235 ], [ -95.032572914722934, 39.659094504931481 ], [ -95.03200665257647, 39.659667745427178 ], [ -95.031711917077189, 39.660055966184608 ], [ -95.03144730627281, 39.660477459175624 ], [ -95.031181704098472, 39.660865167920413 ], [ -95.03086012848361, 39.661332722359873 ], [ -95.030523649991537, 39.661789269564672 ], [ -95.030449998450905, 39.661859971426765 ], [ -95.029913969505074, 39.662374525389545 ], [ -95.029577918351464, 39.662630606118668 ], [ -95.029172492474302, 39.662939548608897 ], [ -95.028732687989475, 39.66335283040668 ], [ -95.028309424956518, 39.66383342082058 ], [ -95.02733866164067, 39.665033364489524 ], [ -95.026597046041203, 39.666094101694839 ], [ -95.025839849976066, 39.667121305976387 ], [ -95.025006489304559, 39.668037168491225 ], [ -95.024394735642943, 39.668554832479558 ], [ -95.023210313708759, 39.669431737243684 ], [ -95.022096093051474, 39.67021727585476 ], [ -95.020769181306306, 39.671209303166577 ], [ -95.01942864436495, 39.672235352538266 ], [ -95.018712185961917, 39.672664674956444 ], [ -95.017865225575846, 39.673118795430504 ], [ -95.017288571006716, 39.673342882141277 ], [ -95.016626772916581, 39.673647309539113 ], [ -95.014609579352367, 39.674470992375433 ], [ -95.013160848980462, 39.674789054854259 ], [ -95.011134105743551, 39.675286112105617 ], [ -95.010553537344066, 39.675379810626616 ], [ -95.009726444985475, 39.675513288914672 ], [ -95.008320080443326, 39.675785491572803 ], [ -95.007420814966224, 39.675947510069754 ], [ -95.006752425631433, 39.67602666540617 ], [ -95.005937657826138, 39.676085814135952 ], [ -95.003755649003878, 39.676258695348352 ], [ -95.002299995206457, 39.676340145034402 ], [ -95.000481315167093, 39.676472898215685 ], [ -95.000105019951377, 39.676569514573472 ], [ -94.999842383020578, 39.676562773205717 ], [ -94.999651961430885, 39.676532253312395 ], [ -94.999431093836861, 39.676457192157557 ], [ -94.998992283836458, 39.676408415890364 ], [ -94.998277238673793, 39.67638692637405 ], [ -94.997388292766885, 39.676402224814893 ], [ -94.996121100702027, 39.676446554989788 ], [ -94.993806597877182, 39.676576462058598 ], [ -94.991896005159916, 39.676715697327026 ], [ -94.991784191484612, 39.676723844851338 ], [ -94.990200582909466, 39.676920002965751 ], [ -94.988601745864557, 39.677093868143267 ], [ -94.987091306118543, 39.677299998432694 ], [ -94.985670555152353, 39.67758343970263 ], [ -94.983975154750723, 39.677950424307902 ], [ -94.983813453751452, 39.677999870295551 ], [ -94.982804378325397, 39.678308425603731 ], [ -94.981706134278227, 39.678653909057687 ], [ -94.980999757867934, 39.6789363632518 ], [ -94.980223402417664, 39.679321406570544 ], [ -94.978685238464692, 39.680091228897723 ], [ -94.9776367706001, 39.680649891125519 ], [ -94.976548098999686, 39.681333161333484 ], [ -94.975769451667745, 39.681961910280513 ], [ -94.975678658693127, 39.682035223628631 ], [ -94.974784867538602, 39.682906691963531 ], [ -94.97390658922717, 39.683811689874602 ], [ -94.973156576565387, 39.684613101363681 ], [ -94.97175102081512, 39.686045185447448 ], [ -94.971413529211162, 39.686389036507805 ], [ -94.970920691196824, 39.687005800526606 ], [ -94.970585614478139, 39.687529751801932 ], [ -94.970161631209237, 39.688517141169847 ], [ -94.969905823388899, 39.68926507654605 ], [ -94.969451857664311, 39.690737435128234 ], [ -94.969418404577411, 39.690853616275803 ], [ -94.969266036230408, 39.691382782812475 ], [ -94.969157894168177, 39.692195810537605 ], [ -94.969107737517618, 39.692996587421497 ], [ -94.969032267433803, 39.693932993313368 ], [ -94.968960141358295, 39.695500270004011 ], [ -94.968957874159642, 39.696446699882365 ], [ -94.968904640618433, 39.697834427483201 ], [ -94.96884718871442, 39.698828556685619 ], [ -94.968769957475402, 39.700132002655742 ], [ -94.968720494740182, 39.702046923673592 ], [ -94.968664450309348, 39.70363892723546 ], [ -94.968621133854469, 39.70487665630894 ], [ -94.968617868789238, 39.704969943274889 ], [ -94.968591498403612, 39.706417987259023 ], [ -94.968594262578137, 39.707109136312077 ], [ -94.968637452129812, 39.7080343434043 ], [ -94.968880174526475, 39.710038604169078 ], [ -94.969162056439288, 39.71163791483275 ], [ -94.969366798153771, 39.712899457030396 ], [ -94.969596584919927, 39.71444748519815 ], [ -94.969892415799734, 39.715942225199441 ], [ -94.970105531812308, 39.716903670510121 ], [ -94.970245572989185, 39.717670736023962 ], [ -94.970490796165336, 39.719166332679706 ], [ -94.970528929120931, 39.719373826925263 ], [ -94.970710615439799, 39.720362407534594 ], [ -94.970931554513669, 39.721597588051836 ], [ -94.97113211033944, 39.723302603095412 ], [ -94.97126495310215, 39.724408864307058 ], [ -94.971436018765175, 39.725670970924583 ], [ -94.971481665695137, 39.726087519887336 ], [ -94.971525455125587, 39.726438893257509 ], [ -94.971540311128678, 39.726960295854767 ], [ -94.971503781511359, 39.727456488712988 ], [ -94.971395470207412, 39.728397306935186 ], [ -94.971212775634768, 39.72969150554178 ], [ -94.971098888776226, 39.730436798545057 ], [ -94.970995938464299, 39.730973242677031 ], [ -94.970828800871715, 39.731628149123019 ], [ -94.970577620065896, 39.732297525105977 ], [ -94.970257046788518, 39.73290287073894 ], [ -94.9697364719962, 39.733602900077045 ], [ -94.969521732573398, 39.733930358320123 ], [ -94.969105126487008, 39.734565633075036 ], [ -94.968434434544662, 39.73533341165745 ], [ -94.967196531207904, 39.736945449178329 ], [ -94.967019862348195, 39.737151748107706 ], [ -94.966199233310576, 39.738109990558378 ], [ -94.965316389507564, 39.739142171919738 ], [ -94.964772910869016, 39.739633905034452 ], [ -94.964130339129881, 39.740205561696399 ], [ -94.963420217273978, 39.740778356891141 ], [ -94.962891375591539, 39.741191585727165 ], [ -94.961400584213337, 39.742234018729178 ], [ -94.960240061404804, 39.743010027789673 ], [ -94.959194757310513, 39.743679748655346 ], [ -94.958364514129002, 39.744189335995486 ], [ -94.95705084568641, 39.74492877352025 ], [ -94.956068968540549, 39.745453941805856 ], [ -94.955200118420848, 39.745794619033298 ], [ -94.954969270435313, 39.745844480812195 ], [ -94.954545249956396, 39.745936065509504 ], [ -94.95378722121859, 39.746014037370614 ], [ -94.952942920464679, 39.746028250153195 ], [ -94.951675362739664, 39.746010452906141 ], [ -94.950406335554987, 39.745940500306546 ], [ -94.949133637241431, 39.745740182224289 ], [ -94.947432920211099, 39.745338371126074 ], [ -94.946137484241419, 39.744929740306198 ], [ -94.945792159207798, 39.744805450495022 ], [ -94.944925757658424, 39.744493607392819 ], [ -94.943744884836747, 39.743952614175484 ], [ -94.941604172013669, 39.74291906014809 ], [ -94.940248282017905, 39.742159255748859 ], [ -94.9388417671436, 39.741400281032092 ], [ -94.937432360369641, 39.740537006407749 ], [ -94.936868103726411, 39.740155894221928 ], [ -94.936433696553379, 39.739862480746005 ], [ -94.936407257655034, 39.739842933988854 ], [ -94.93560571978, 39.739250307478976 ], [ -94.934606727652863, 39.738562730240446 ], [ -94.932884044397369, 39.737365545019905 ], [ -94.931556666430154, 39.736409540918366 ], [ -94.930213530893553, 39.735492906962904 ], [ -94.928340504668654, 39.734350318563884 ], [ -94.927593660884071, 39.733901059430032 ], [ -94.927137965868411, 39.733626932877392 ], [ -94.925697636888671, 39.732855315903301 ], [ -94.922301174362616, 39.730981494418373 ], [ -94.919866214377905, 39.72966549257805 ], [ -94.918666011791203, 39.729020227880177 ], [ -94.917640071802751, 39.728567692665202 ], [ -94.915434851752309, 39.727612959913955 ], [ -94.913387033571723, 39.726851212186929 ], [ -94.910728641307344, 39.72599514971796 ], [ -94.908382805532867, 39.725446881576339 ], [ -94.906140806376001, 39.724988150685547 ], [ -94.903678662899182, 39.724506904571875 ], [ -94.901880647836663, 39.724223388236915 ], [ -94.900815340983769, 39.724175633432559 ], [ -94.899210192245434, 39.724149746194605 ], [ -94.898543634131741, 39.724210267359311 ], [ -94.897458118820467, 39.724308819998413 ], [ -94.896531790393468, 39.724402208929639 ], [ -94.894527196277835, 39.724591448588313 ], [ -94.893145772842431, 39.724718322452965 ], [ -94.891278347013241, 39.724983515344015 ], [ -94.889681723378558, 39.725270353954713 ], [ -94.888069980634143, 39.72562262343066 ], [ -94.885808709765868, 39.726311463415868 ], [ -94.883898368645163, 39.726864149012656 ], [ -94.882645339080369, 39.727367017477242 ], [ -94.881275531087965, 39.72792393227558 ], [ -94.879891297884043, 39.728572354406971 ], [ -94.879769272413895, 39.728634663731441 ], [ -94.878308691198129, 39.729380469306953 ], [ -94.876989808474605, 39.72994955062611 ], [ -94.875340663419308, 39.730797826285112 ], [ -94.873407992585413, 39.731781070483173 ], [ -94.871743640429486, 39.732694746804697 ], [ -94.87049640397241, 39.733419097656231 ], [ -94.869658609411573, 39.733919483099534 ], [ -94.869598771409699, 39.733955222234201 ], [ -94.868372597696307, 39.734835708603939 ], [ -94.86721533853725, 39.735767239147677 ], [ -94.865732309322667, 39.737147408393156 ], [ -94.864649543995213, 39.738338544991137 ], [ -94.863783089448816, 39.739408825910012 ], [ -94.863017219210889, 39.740451401818753 ], [ -94.862399437377633, 39.741348140579554 ], [ -94.862251669054388, 39.741595985562171 ], [ -94.861849885486365, 39.74226986337159 ], [ -94.861450541188418, 39.743123967371922 ], [ -94.8610064924585, 39.744200491990881 ], [ -94.860631028365901, 39.745315039960808 ], [ -94.860275247099594, 39.746533602644547 ], [ -94.859824655746323, 39.748254016362914 ], [ -94.859815616826083, 39.74828852999115 ], [ -94.859573815403806, 39.749348765129447 ], [ -94.859422115190483, 39.749990228017111 ], [ -94.859380916465383, 39.750343009307493 ], [ -94.859018079025944, 39.751300850941242 ], [ -94.858430007496551, 39.752679625738892 ], [ -94.85829447898675, 39.753294745976625 ], [ -94.858224401197646, 39.753830569295609 ], [ -94.858232742071237, 39.754769421608479 ], [ -94.858307589442887, 39.755668084860638 ], [ -94.858521342822741, 39.757333969627474 ], [ -94.858743586434542, 39.758686722433168 ], [ -94.859049240064095, 39.759999014305222 ], [ -94.859536144081659, 39.761138860639143 ], [ -94.859963620881643, 39.761953620516209 ], [ -94.860205737016088, 39.762408551360849 ], [ -94.860479774765295, 39.762923454642326 ], [ -94.861062104316375, 39.763840059169816 ], [ -94.861588507229129, 39.764561936278298 ], [ -94.862160077960795, 39.76528783744093 ], [ -94.86248088908421, 39.765695262588451 ], [ -94.864091895270292, 39.767782105544065 ], [ -94.865296873275895, 39.769223380706975 ], [ -94.866580025436235, 39.770428640031056 ], [ -94.867445807578349, 39.771197193275974 ], [ -94.867980769754141, 39.771605907754633 ], [ -94.86851291888884, 39.771910333027279 ], [ -94.86923160151602, 39.772237834403491 ], [ -94.87049546729456, 39.77272607977384 ], [ -94.871125464288795, 39.772898501546926 ], [ -94.871500297262827, 39.773009828747156 ], [ -94.872432615005749, 39.773112159948013 ], [ -94.874381018130435, 39.773289361069672 ], [ -94.875619549342872, 39.773464967388307 ], [ -94.876399482250221, 39.773556687238496 ], [ -94.877649956286788, 39.773549498585318 ], [ -94.87849285922168, 39.773470647003961 ], [ -94.879232270882767, 39.773315217431879 ], [ -94.87949937286453, 39.773193518060658 ], [ -94.879716505109116, 39.773098710401442 ], [ -94.879884374026446, 39.773056866018507 ], [ -94.880322181674103, 39.772997605996366 ], [ -94.880944395273062, 39.772883189426615 ], [ -94.88103770956711, 39.772864363470831 ], [ -94.881717582132652, 39.772727196505194 ], [ -94.882470319508684, 39.77244111571072 ], [ -94.883136806907004, 39.772091223635037 ], [ -94.883587589289689, 39.771888285301912 ], [ -94.884172090279918, 39.771631007404068 ], [ -94.884870868478998, 39.771245847615724 ], [ -94.884919114692323, 39.771136341796037 ], [ -94.885557362061164, 39.769806209027088 ], [ -94.886949866339577, 39.766903998554177 ], [ -94.887614139930591, 39.766475867882946 ], [ -94.888959761004983, 39.765568632898727 ], [ -94.889801772916215, 39.764901371162637 ], [ -94.890677393639095, 39.764169827736374 ], [ -94.891306054392032, 39.763677050000354 ], [ -94.892628768414099, 39.762612168623377 ], [ -94.894313286768096, 39.761802194257037 ], [ -94.895715638102885, 39.761179386086788 ], [ -94.897586233013214, 39.760379366033987 ], [ -94.899374842866536, 39.759671947215416 ], [ -94.899652258075491, 39.759575489559225 ], [ -94.902956614670018, 39.758426491784256 ], [ -94.903374187244836, 39.758250104529573 ], [ -94.904590949059298, 39.758256221195886 ], [ -94.906654692025256, 39.757726754235641 ], [ -94.90776965673642, 39.757674302304451 ], [ -94.908359074958085, 39.757646569576671 ], [ -94.909995175649016, 39.757541401187403 ], [ -94.910839278018059, 39.757514462477602 ], [ -94.911860565257982, 39.757784548936385 ], [ -94.913990497962558, 39.758427587152362 ], [ -94.91646657273381, 39.759364821425443 ], [ -94.91802234085462, 39.760017265895151 ], [ -94.918608941059418, 39.760325552683426 ], [ -94.919634238968953, 39.760864381958442 ], [ -94.921777746098755, 39.761989581537982 ], [ -94.922876128965299, 39.762597369303187 ], [ -94.92449504263277, 39.76369208586906 ], [ -94.926904518574361, 39.765360106923488 ], [ -94.927783727451484, 39.765961450618072 ], [ -94.929096585181597, 39.766896322530549 ], [ -94.930584047267686, 39.76790093426829 ], [ -94.931834238898176, 39.768836817067729 ], [ -94.932706026499886, 39.769525092223162 ], [ -94.933251141474514, 39.770121098485916 ], [ -94.933776125430001, 39.770935830980726 ], [ -94.934199211669124, 39.771473729829118 ], [ -94.935229818365059, 39.772970296602708 ], [ -94.936391316668534, 39.775215488528779 ], [ -94.936408699243557, 39.775275748407495 ], [ -94.935952598954756, 39.776834308225439 ], [ -94.935749854203237, 39.777527094786244 ], [ -94.936016798541445, 39.778091810655049 ], [ -94.936616849402483, 39.779341235816872 ], [ -94.936432250970938, 39.780034587079108 ], [ -94.936324394266634, 39.780666107215552 ], [ -94.936302180389433, 39.780993448078455 ], [ -94.936384617472413, 39.781694452076579 ], [ -94.936461625925659, 39.782201787461602 ], [ -94.936538976187833, 39.782721224505991 ], [ -94.936449935503873, 39.78290436148918 ], [ -94.936055943373759, 39.783407446888248 ], [ -94.935542879893191, 39.784142608057053 ], [ -94.934555264064059, 39.785436925445396 ], [ -94.934513330859289, 39.785491879899034 ], [ -94.934252376923993, 39.78570210120413 ], [ -94.933652356144833, 39.786135953343539 ], [ -94.933114409104547, 39.786544548632165 ], [ -94.932654225022361, 39.78692762655308 ], [ -94.932130262253722, 39.787275433520819 ], [ -94.931777527347904, 39.787571947225736 ], [ -94.931407066641469, 39.787796095798491 ], [ -94.931019560439324, 39.787972086272028 ], [ -94.930647064287896, 39.788123606230847 ], [ -94.930027926988487, 39.788436658066807 ], [ -94.929176137709518, 39.788850456202617 ], [ -94.928448169753295, 39.789201639930603 ], [ -94.928199493178298, 39.789290543783018 ], [ -94.927450080254246, 39.789436206709802 ], [ -94.926747397712845, 39.789568979418235 ], [ -94.925388081906391, 39.789797418226271 ], [ -94.924171318033913, 39.790071916557409 ], [ -94.921966950985066, 39.788703698339503 ], [ -94.918977930258066, 39.788711156892106 ], [ -94.917414788046742, 39.788706366654381 ], [ -94.916079781589744, 39.788679984405803 ], [ -94.915134675906543, 39.788562380351969 ], [ -94.913779617664488, 39.788378871990872 ], [ -94.91275405915998, 39.788189915421675 ], [ -94.911606336126141, 39.788124063818358 ], [ -94.909958206114112, 39.788126989677153 ], [ -94.907325635172484, 39.788860573125113 ], [ -94.906034685565402, 39.788724359952653 ], [ -94.904930688061242, 39.788536623677714 ], [ -94.903465155732277, 39.78833058810585 ], [ -94.902561460592437, 39.788575503365607 ], [ -94.900520693600228, 39.789141794897589 ], [ -94.900162811664046, 39.789256648268804 ], [ -94.899921928818557, 39.789284941880517 ], [ -94.899383949321233, 39.789475273725294 ], [ -94.898697895021542, 39.789643934226362 ], [ -94.89774775972495, 39.78991379172971 ], [ -94.896609657121374, 39.790198824900259 ], [ -94.890801931976469, 39.791699875018139 ], [ -94.889875989746898, 39.791943573373281 ], [ -94.889486360315502, 39.792046800045071 ], [ -94.889251987678549, 39.792086946913692 ], [ -94.888709087138238, 39.792325877514607 ], [ -94.887454312201669, 39.792939691923962 ], [ -94.886602199599253, 39.793353184414507 ], [ -94.885888988264611, 39.793679642103491 ], [ -94.885088230900692, 39.794249718718007 ], [ -94.884284486528855, 39.79471084825947 ], [ -94.883730150843704, 39.795107372410456 ], [ -94.883113039791439, 39.795504912981833 ], [ -94.880990767378805, 39.797692117127639 ], [ -94.880486558300959, 39.798211727865265 ], [ -94.880153848208252, 39.798677302505197 ], [ -94.879787112394894, 39.799046546795651 ], [ -94.879205614390898, 39.799600920552685 ], [ -94.879004570876077, 39.799713167308248 ], [ -94.878872027116699, 39.800611456995846 ], [ -94.878707431678222, 39.801486045120619 ], [ -94.87856565549518, 39.802045403452048 ], [ -94.878427499106849, 39.802737911606968 ], [ -94.878177508434035, 39.803359571814816 ], [ -94.877181667107337, 39.805422286872798 ], [ -94.876904876471841, 39.806213917121696 ], [ -94.876860956157742, 39.806351139142116 ], [ -94.876803574722075, 39.806530416878545 ], [ -94.876608103967172, 39.806848440046707 ], [ -94.876521179355592, 39.807116267053843 ], [ -94.87637937320298, 39.807675622019119 ], [ -94.876258857149537, 39.808440503049226 ], [ -94.876186082193058, 39.809228832087484 ], [ -94.8761830010408, 39.810270344196326 ], [ -94.876228652914193, 39.811371617034141 ], [ -94.876229087829046, 39.81196500122013 ], [ -94.876213168338339, 39.812534429511409 ], [ -94.876137756724972, 39.813225920105417 ], [ -94.876083636826849, 39.814122936674281 ], [ -94.876080226421379, 39.815152343147581 ], [ -94.876173631359066, 39.816277063140198 ], [ -94.876229061326043, 39.817160198030514 ], [ -94.876290748422818, 39.818273320426663 ], [ -94.876395908896654, 39.819252529169731 ], [ -94.87655277775292, 39.820400442605951 ], [ -94.876748277935718, 39.821035871697042 ], [ -94.876845663421619, 39.821352392860746 ], [ -94.877096734168532, 39.822498779816414 ], [ -94.877501954198536, 39.824114960948449 ], [ -94.877937807798418, 39.82512514410935 ], [ -94.878367078625658, 39.825893232377304 ], [ -94.878857838572642, 39.826611882184515 ], [ -94.879573017177322, 39.827496434408815 ], [ -94.880107267541533, 39.828081163870067 ], [ -94.880834216340205, 39.828820196156848 ], [ -94.881018823397369, 39.828997391475525 ], [ -94.881801963646922, 39.829749076635856 ], [ -94.882670907969356, 39.830510013247185 ], [ -94.883602342332367, 39.831257818094961 ], [ -94.884688483493619, 39.831918332102305 ], [ -94.885853478542359, 39.832589662778986 ], [ -94.886872884053361, 39.833105921165256 ], [ -94.888048979461004, 39.833607508673055 ], [ -94.888557037730905, 39.833805106207038 ], [ -94.889158639900685, 39.83397695751426 ], [ -94.890152099668697, 39.834118200604614 ], [ -94.89098822355983, 39.834249890468286 ], [ -94.891885492192557, 39.834320026214293 ], [ -94.892970507278775, 39.834362871395626 ], [ -94.895078069093216, 39.834461662134679 ], [ -94.89614605436384, 39.834456316228305 ], [ -94.897870137951827, 39.834319126338684 ], [ -94.899499677080229, 39.834171349242602 ], [ -94.899857633552315, 39.834101810085755 ], [ -94.900452745121981, 39.83398619580425 ], [ -94.901220740241172, 39.833925168906859 ], [ -94.902099305075623, 39.833886543788445 ], [ -94.90390587349745, 39.833893230090041 ], [ -94.905920563786637, 39.834041787724907 ], [ -94.908141716330888, 39.834271683394739 ], [ -94.909826710640189, 39.834425596950886 ], [ -94.910852285047568, 39.834590352648 ], [ -94.912043860875414, 39.834857332672172 ], [ -94.912211607925542, 39.834894916250477 ], [ -94.913648772814284, 39.835173960097954 ], [ -94.91496269777258, 39.835539789888877 ], [ -94.916677235479682, 39.836189621366593 ], [ -94.917035548161635, 39.836323291258516 ], [ -94.917423262225824, 39.836467928159209 ], [ -94.918427924109423, 39.837008369525876 ], [ -94.919625599160284, 39.837584495315731 ], [ -94.920131550232284, 39.837827870037358 ], [ -94.92155427634674, 39.838712548313559 ], [ -94.92295660746943, 39.839428009406795 ], [ -94.924167506119232, 39.840037639818696 ], [ -94.925848663764384, 39.841172285012362 ], [ -94.927021312400029, 39.842097377513184 ], [ -94.927044813487583, 39.842114916065938 ], [ -94.927819907025892, 39.842693341554209 ], [ -94.928513458391862, 39.843210903446142 ], [ -94.930262323353531, 39.844513896022384 ], [ -94.930758943864518, 39.844856815095618 ], [ -94.931210835879483, 39.84528524636697 ], [ -94.932637591279359, 39.846302927054374 ], [ -94.934320739677418, 39.847497963151746 ], [ -94.936180767244224, 39.848835337977448 ], [ -94.937014374659597, 39.849426909893339 ], [ -94.937704617514228, 39.84994821287227 ], [ -94.937913783311089, 39.850144254877961 ], [ -94.938656693276016, 39.85084053948956 ], [ -94.939756950015664, 39.851972578257246 ], [ -94.940229763494457, 39.852582270047613 ], [ -94.941258032064383, 39.853945586180515 ], [ -94.94152124953051, 39.854365024099245 ], [ -94.941820997924651, 39.854965497330454 ], [ -94.94205451865416, 39.855445981332977 ], [ -94.942462846603533, 39.856553247961003 ], [ -94.942492613805811, 39.856666813434842 ], [ -94.942586098608203, 39.857023467790619 ], [ -94.942669404576776, 39.857748662593337 ], [ -94.94264447982836, 39.85853622059355 ], [ -94.942646527050272, 39.859722950871209 ], [ -94.942563898539007, 39.860136069377766 ], [ -94.942355615840839, 39.861108347055307 ], [ -94.942212206738034, 39.861595141646234 ], [ -94.941840704242779, 39.862352174529427 ], [ -94.941377683563886, 39.863207615881983 ], [ -94.940912604679383, 39.863990431547343 ], [ -94.939964321136713, 39.8654715913259 ], [ -94.939616731327192, 39.866037689207559 ], [ -94.939558632192416, 39.86613230957439 ], [ -94.939164211871358, 39.866635410539104 ], [ -94.938629438225007, 39.867177185096608 ], [ -94.937954305877881, 39.867757633215938 ], [ -94.937571825989622, 39.868127320041658 ], [ -94.937104273580516, 39.868407551396032 ], [ -94.936969086663183, 39.868488576201813 ], [ -94.936598561802668, 39.868724851851532 ], [ -94.936044297936917, 39.86913373181752 ], [ -94.934795397191778, 39.869990158120665 ], [ -94.933885934352176, 39.870622932707796 ], [ -94.933285874093869, 39.871081002536918 ], [ -94.933262017750451, 39.871098029270534 ], [ -94.932469278592464, 39.871663777587202 ], [ -94.931594587121936, 39.872417053074571 ], [ -94.931104121226781, 39.872861176777981 ], [ -94.930629357390515, 39.873305036966499 ], [ -94.93037180324707, 39.873648400892641 ], [ -94.930192115031147, 39.873966248904367 ], [ -94.929765485183466, 39.874445632476316 ], [ -94.929249339714318, 39.875096043163211 ], [ -94.928916276114805, 39.875549648498158 ], [ -94.928645030186672, 39.875965895496051 ], [ -94.928362480556075, 39.876539757199438 ], [ -94.928170117379182, 39.876966800185855 ], [ -94.927858512274341, 39.877625912939003 ], [ -94.927697565611965, 39.878052432729348 ], [ -94.927467892970483, 39.878831280332193 ], [ -94.927280696267985, 39.879762275640715 ], [ -94.927233353652923, 39.879997722872822 ], [ -94.927218761501223, 39.880184213632802 ], [ -94.927175475923221, 39.880737383974775 ], [ -94.927164729223875, 39.881476262473761 ], [ -94.927268592294169, 39.882939824596576 ], [ -94.927398121381998, 39.884197092460148 ], [ -94.92756258590363, 39.885017825809783 ], [ -94.927674151404972, 39.885633572169922 ], [ -94.92797867723381, 39.886403535893379 ], [ -94.928423943777418, 39.887146939599035 ], [ -94.928980565399172, 39.887936926858636 ], [ -94.929760234960028, 39.888832186822249 ], [ -94.931540304101446, 39.890643234644926 ], [ -94.932944427028943, 39.891939799441104 ], [ -94.934201734766361, 39.893045041180329 ], [ -94.935340569335182, 39.893849501175417 ], [ -94.936140807106355, 39.894305699037631 ], [ -94.936826505818729, 39.894696590204639 ], [ -94.937498321622684, 39.895109137263148 ], [ -94.937786402597283, 39.895286039253939 ], [ -94.940227556817106, 39.89655306542258 ], [ -94.943359907592466, 39.897796345428567 ], [ -94.94545788121448, 39.898596731434218 ], [ -94.947791628860543, 39.899393117780221 ], [ -94.949583560421488, 39.899932154004141 ], [ -94.951405577558418, 39.900422218806007 ], [ -94.954264157370744, 39.901095835794017 ], [ -94.9562246800038, 39.901401744905421 ], [ -94.956380493944167, 39.901426056027312 ], [ -94.957665101960956, 39.901563463407705 ], [ -94.95931818015049, 39.901583263517765 ], [ -94.963313151428494, 39.901149757889364 ], [ -94.965224167474162, 39.900799189693721 ], [ -94.968318979768412, 39.89995121434869 ], [ -94.97190555860071, 39.898967519023039 ], [ -94.97473363792588, 39.898187548732913 ], [ -94.974975409218644, 39.89812659136539 ], [ -94.976763807324687, 39.897675667661325 ], [ -94.978467742649485, 39.897312502969079 ], [ -94.980666219614804, 39.896909046946767 ], [ -94.981943449672954, 39.896791761273462 ], [ -94.984399714971616, 39.896733832927723 ], [ -94.986855515763125, 39.896659950592785 ], [ -94.988404325627158, 39.896649304473563 ], [ -94.989754507412286, 39.896912506865725 ], [ -94.990441304686115, 39.897091628959508 ], [ -94.993446567500527, 39.897946186173435 ], [ -94.994398386084541, 39.898216818686137 ], [ -94.997373252164508, 39.898945157721307 ], [ -94.999019939282746, 39.89945769097266 ], [ -95.000848296050734, 39.899823880051514 ], [ -95.002553723465539, 39.900223984328541 ], [ -95.003025025085094, 39.900295007227307 ], [ -95.00473216481997, 39.900552245714699 ], [ -95.006945883923834, 39.900673034495497 ], [ -95.008659933201628, 39.900659256873915 ], [ -95.01034961789351, 39.900518601353518 ], [ -95.011734216709058, 39.900246198736312 ], [ -95.012300704657861, 39.900134744514808 ], [ -95.01250718937257, 39.900072821543162 ], [ -95.013652124284604, 39.89972945424131 ], [ -95.015985170473101, 39.898988896565243 ], [ -95.017147010107649, 39.898459588391539 ], [ -95.01844307722736, 39.897577927136091 ], [ -95.019695020488214, 39.896601564897857 ], [ -95.020215890693294, 39.896051572865744 ], [ -95.020650438199354, 39.895375809060432 ], [ -95.020657726201605, 39.895367536122876 ], [ -95.021589852982473, 39.894309418229355 ], [ -95.022027300143364, 39.893765091734103 ], [ -95.022406782866469, 39.893292883473045 ], [ -95.023749174799235, 39.891885348832687 ], [ -95.024322546523663, 39.891016236103198 ], [ -95.024716208839109, 39.890357080820237 ], [ -95.025066705864589, 39.889635039770155 ], [ -95.025290536453653, 39.888819756029527 ], [ -95.025524234427962, 39.887638384830396 ], [ -95.025752776351027, 39.886282101156482 ], [ -95.025805447890036, 39.885482776071839 ], [ -95.02582414439668, 39.885199020821673 ], [ -95.025775882305624, 39.88426121481011 ], [ -95.025679787872178, 39.883101514620201 ], [ -95.025529266244916, 39.882197313660768 ], [ -95.025422452388554, 39.88138487548234 ], [ -95.025376648199511, 39.881036472392829 ], [ -95.025316411020455, 39.880578282130301 ], [ -95.025152800117539, 39.879228848177739 ], [ -95.025267323081223, 39.87820865084506 ], [ -95.025477548644886, 39.876932231651203 ], [ -95.025735127483912, 39.875861807396333 ], [ -95.02633417606225, 39.874467227540542 ], [ -95.026664413375045, 39.873761444614985 ], [ -95.027017153830641, 39.873118904986633 ], [ -95.027388651002482, 39.872412398605285 ], [ -95.02780235237293, 39.871736971732766 ], [ -95.028257317839802, 39.871060821530854 ], [ -95.028542317065671, 39.870802881179721 ], [ -95.029081852165689, 39.87031456479275 ], [ -95.029766604838002, 39.869729843625585 ], [ -95.030634256144268, 39.869046458803304 ], [ -95.031316292550997, 39.868597153306524 ], [ -95.031626641951206, 39.868392700827165 ], [ -95.032864755920457, 39.867670988674135 ], [ -95.033842101362154, 39.867208387766091 ], [ -95.034840069212251, 39.866745415860642 ], [ -95.035041497016493, 39.866664271839021 ], [ -95.036574295593681, 39.866046775495533 ], [ -95.038108728186586, 39.865574352453059 ], [ -95.039110881981088, 39.865254454769897 ], [ -95.040447876366713, 39.865021345358961 ], [ -95.040836172992854, 39.864953641347235 ], [ -95.042152534624179, 39.864787280715198 ], [ -95.04390315391386, 39.864645068886198 ], [ -95.045387410033996, 39.864571167401365 ], [ -95.047058314084808, 39.864525769703249 ], [ -95.049078105389981, 39.864410546033035 ], [ -95.050549234351607, 39.864361613977621 ], [ -95.051119941990024, 39.864342625856096 ], [ -95.053668274930445, 39.864151727212537 ], [ -95.053900808181496, 39.864134305687877 ], [ -95.057069423854173, 39.863775856254321 ], [ -95.060133406837465, 39.863371451805392 ], [ -95.062417560253792, 39.863124023446488 ], [ -95.064023647026431, 39.862984078891273 ], [ -95.066454113747682, 39.862797604862592 ], [ -95.068616329788071, 39.862615865178093 ], [ -95.069473474852416, 39.862546617798635 ], [ -95.071396577051104, 39.862391227959257 ], [ -95.074175844217109, 39.862134722942621 ], [ -95.076770829396636, 39.861929179873982 ], [ -95.078336544113412, 39.861821579077251 ], [ -95.080028454396668, 39.86179123966842 ], [ -95.08200922201722, 39.861755688165125 ], [ -95.084014469613209, 39.861846938472162 ], [ -95.085650735467496, 39.862024337168123 ], [ -95.08733261195529, 39.862344076076724 ], [ -95.088521012660848, 39.862672687537895 ], [ -95.089331239777039, 39.862896719925295 ], [ -95.09104392566914, 39.863549942162372 ], [ -95.092046890339603, 39.863945490403466 ], [ -95.094156503245912, 39.864750595805312 ], [ -95.097437650677492, 39.866059480124719 ], [ -95.09892106035376, 39.866654291811592 ], [ -95.101158064299113, 39.86755122033383 ], [ -95.103016387854368, 39.868233442443348 ], [ -95.105580708515248, 39.86904599825489 ], [ -95.107044201665815, 39.869420516423631 ], [ -95.1077865016468, 39.869610467617385 ], [ -95.110407955570281, 39.870262784957433 ], [ -95.11377623471823, 39.8710287022638 ], [ -95.11695055283883, 39.871527605656176 ], [ -95.119130489253124, 39.871917329008475 ], [ -95.121935890425675, 39.872502384256038 ], [ -95.123287508413028, 39.872811731468516 ], [ -95.125119161474387, 39.873287264224089 ], [ -95.125720970580076, 39.873484257539332 ], [ -95.129353489668304, 39.874673214304551 ], [ -95.131859877292911, 39.875597610268983 ], [ -95.133383095537013, 39.876110501599769 ], [ -95.13457910621986, 39.876724852965353 ], [ -95.135147152597455, 39.877064392764311 ], [ -95.136492199598052, 39.877959785504991 ], [ -95.137823699838904, 39.878889296171593 ], [ -95.139097102874516, 39.880018108521739 ], [ -95.139693058750041, 39.880564676449318 ], [ -95.140328875373839, 39.881358310181092 ], [ -95.140878221208652, 39.882188434707231 ], [ -95.141341447100473, 39.882888402564483 ], [ -95.141805887236984, 39.883858658472818 ], [ -95.142435712058329, 39.884974539865482 ], [ -95.14275281525336, 39.885860782444226 ], [ -95.143021316970234, 39.88673553075644 ], [ -95.143192219974409, 39.887574913074879 ], [ -95.143315674857305, 39.888439952001647 ], [ -95.1433289214621, 39.889381371142292 ], [ -95.143225783443626, 39.890201038801777 ], [ -95.143078275249096, 39.89114542879566 ], [ -95.14292047403859, 39.892275863892202 ], [ -95.142598300491585, 39.894326218774538 ], [ -95.142538874985306, 39.895516785662217 ], [ -95.142537612920606, 39.896486302236958 ], [ -95.142537584671288, 39.896508033875158 ], [ -95.142573463418756, 39.897659668409737 ], [ -95.142682785594189, 39.898586919799229 ], [ -95.142908513761114, 39.899635922030434 ], [ -95.143117652851075, 39.900152447148592 ], [ -95.143605659686287, 39.901357672515879 ], [ -95.143946860490658, 39.901961731130108 ], [ -95.14401431120163, 39.902081141494541 ], [ -95.144863654884645, 39.903007089725904 ], [ -95.145870713287437, 39.903830990438863 ], [ -95.146562250820097, 39.904338577274842 ], [ -95.147398505758375, 39.904843479837574 ], [ -95.148606908409519, 39.90541582023311 ], [ -95.150021260480116, 39.905885205704834 ], [ -95.152082281777126, 39.906454081142861 ], [ -95.154010047374797, 39.906876712747902 ], [ -95.155337855223607, 39.907149396622714 ], [ -95.156513968042361, 39.907201862795297 ], [ -95.15775284434352, 39.907203587598417 ], [ -95.158795270029913, 39.907097446219417 ], [ -95.160268326086239, 39.906871756839557 ], [ -95.16152650468014, 39.906464203522873 ], [ -95.162760219843776, 39.906057195786076 ], [ -95.162879972441502, 39.906017687382118 ], [ -95.16482014721737, 39.90530000455292 ], [ -95.166784632219432, 39.904334029951521 ], [ -95.167719985190047, 39.903895273730171 ], [ -95.168796513940265, 39.90334235591515 ], [ -95.168887395412398, 39.903303212170677 ], [ -95.169939292478801, 39.902850138800559 ], [ -95.171227146150954, 39.902367582942986 ], [ -95.172514590035036, 39.901872631653326 ], [ -95.173899655400504, 39.901413004775087 ], [ -95.175332933765006, 39.900952457561225 ], [ -95.176351707194442, 39.900611187727456 ], [ -95.177228909801144, 39.900371691063611 ], [ -95.178275120804884, 39.900203085829503 ], [ -95.178621365442979, 39.900147283482227 ], [ -95.179680898112935, 39.900077803818277 ], [ -95.181382936295549, 39.900045786058875 ], [ -95.18149763110334, 39.900043627586939 ], [ -95.18424644819207, 39.899979473107663 ], [ -95.185887506332904, 39.899985708472315 ], [ -95.188524560792175, 39.899948340454706 ], [ -95.190377773953045, 39.900049628219485 ], [ -95.191217732312836, 39.900157655205859 ], [ -95.19201025143299, 39.900291353635964 ], [ -95.193792966266543, 39.900703675731613 ], [ -95.194684331246677, 39.900909825365673 ], [ -95.196261630199004, 39.901437510656905 ], [ -95.198037029227436, 39.902122489260343 ], [ -95.199992090700036, 39.902890763265788 ], [ -95.200361160875502, 39.903099596132826 ], [ -95.201220914011444, 39.903586064930721 ], [ -95.202386243063671, 39.904307341029096 ], [ -95.202617683082977, 39.904501185604914 ], [ -95.203335231942845, 39.905305301182864 ], [ -95.20390134392693, 39.905901657803568 ], [ -95.204599269805385, 39.906594626950458 ], [ -95.205368278986867, 39.907496870244465 ], [ -95.205706541240261, 39.908010821707975 ], [ -95.205917766085349, 39.908576750656088 ], [ -95.206105976533053, 39.9094280910357 ], [ -95.206224706636888, 39.910119681551713 ], [ -95.206285880371624, 39.911022999232237 ], [ -95.206336141984934, 39.912087597278536 ], [ -95.206244649599995, 39.912746018005528 ], [ -95.206108889377859, 39.913529183901055 ], [ -95.205966369820089, 39.914101843840719 ], [ -95.205814125921194, 39.914872932383915 ], [ -95.205576708607197, 39.915496958491907 ], [ -95.205204889179129, 39.916445686817468 ], [ -95.20479176159678, 39.917110225249935 ], [ -95.204080434950058, 39.918511453202221 ], [ -95.2034258628928, 39.919676184946653 ], [ -95.202736723789215, 39.920767228919019 ], [ -95.202631381395733, 39.920981635440697 ], [ -95.202374174828435, 39.921505137538105 ], [ -95.202180983150626, 39.922004415311271 ], [ -95.202021539688616, 39.922552612225225 ], [ -95.201848789795818, 39.923187792420308 ], [ -95.201556502056562, 39.924110216485694 ], [ -95.201338273960786, 39.924832991339514 ], [ -95.201091048149706, 39.925655436884632 ], [ -95.200976268485249, 39.926091272015938 ], [ -95.200948496513973, 39.926278058630736 ], [ -95.200896827707737, 39.9266255581297 ], [ -95.200784822307682, 39.92714807103323 ], [ -95.200652153203706, 39.928030291297439 ], [ -95.200616775257103, 39.928935445195783 ], [ -95.200648114506649, 39.929913672166073 ], [ -95.200716781426024, 39.931052261726826 ], [ -95.200845028584709, 39.932041038653018 ], [ -95.200944498095581, 39.932633876046495 ], [ -95.201182965281433, 39.9335462181091 ], [ -95.201448846577591, 39.934309356972697 ], [ -95.201878366889446, 39.935156115761806 ], [ -95.202389913437983, 39.93605087541188 ], [ -95.203356444964783, 39.937581270192346 ], [ -95.203943690511238, 39.938325901415688 ], [ -95.204543855466369, 39.938971162624291 ], [ -95.205299724833026, 39.93945238635083 ], [ -95.206038324311095, 39.939896762933074 ], [ -95.206739984951497, 39.940193156553292 ], [ -95.207976087823695, 39.940590875879472 ], [ -95.208709139985686, 39.940861879041151 ], [ -95.20917980959554, 39.941063090380631 ], [ -95.209264050546821, 39.941099103869959 ], [ -95.209642809379616, 39.941364465177031 ], [ -95.209987005179713, 39.941556142720636 ], [ -95.210247580997063, 39.94165029405422 ], [ -95.210799313409439, 39.941788451951616 ], [ -95.21158423833927, 39.942169957653519 ], [ -95.212434318651574, 39.942574995152142 ], [ -95.212842077711358, 39.942740671164046 ], [ -95.213252233677522, 39.942980640630218 ], [ -95.213676883099311, 39.94317077039122 ], [ -95.214555167870515, 39.943451352144002 ], [ -95.215140694929033, 39.943638403730553 ], [ -95.21640508221374, 39.943911589266321 ], [ -95.217149090581088, 39.944021256879772 ], [ -95.218342341358252, 39.944085151697251 ], [ -95.21847575676999, 39.944109563353408 ], [ -95.219200565051324, 39.944242180900766 ], [ -95.220106654277743, 39.944385896135309 ], [ -95.220862752594414, 39.944371408043686 ], [ -95.221586277594625, 39.944345149838398 ], [ -95.221655736575656, 39.944342220066844 ], [ -95.22266331814383, 39.944299716513619 ], [ -95.224237453747122, 39.944195172590746 ], [ -95.22560285309828, 39.944107006080309 ], [ -95.227098308633643, 39.943980459577546 ], [ -95.227497112413488, 39.943946708845253 ], [ -95.228426544140703, 39.94381732905056 ], [ -95.229808014720589, 39.943728803976313 ], [ -95.231448884360759, 39.943697218554341 ], [ -95.233236145469135, 39.943712349093261 ], [ -95.234782504684162, 39.943744488620176 ], [ -95.236264921179455, 39.943790231079383 ], [ -95.237363672606804, 39.943917703205265 ], [ -95.237599872652382, 39.94398344713121 ], [ -95.238029694788281, 39.944103083349617 ], [ -95.238759665844753, 39.944274833658426 ], [ -95.240349524823969, 39.944652979378183 ], [ -95.242039562788207, 39.945140675942028 ], [ -95.243847901307049, 39.945799516924097 ], [ -95.245122147428631, 39.946369558834526 ], [ -95.246179012828051, 39.946750999773101 ], [ -95.246881472376174, 39.947004521283411 ], [ -95.248143327587698, 39.947686280631395 ], [ -95.249126844905447, 39.948224747169434 ], [ -95.250025880769584, 39.94864094511977 ], [ -95.250336421597197, 39.948783595414525 ], [ -95.25122547471446, 39.949385828004715 ], [ -95.252217572079545, 39.950184292415727 ], [ -95.252948619844133, 39.950876313063127 ], [ -95.253410885168321, 39.951226635097406 ], [ -95.254583671171645, 39.952133074463546 ], [ -95.255410889880096, 39.952810818144897 ], [ -95.25638984686978, 39.953696230202901 ], [ -95.257305694260694, 39.954620034540376 ], [ -95.257906905112662, 39.955277381349255 ], [ -95.258647031064669, 39.956241768160403 ], [ -95.258655569264874, 39.956253534562144 ], [ -95.259338502866697, 39.957194708165993 ], [ -95.259980091278479, 39.958099057537183 ], [ -95.26038842570739, 39.958697108278777 ], [ -95.260622921963304, 39.959040548447682 ], [ -95.261329316349773, 39.959956014972597 ], [ -95.262137987920752, 39.961042939375524 ], [ -95.262761111591232, 39.961873292667306 ], [ -95.263261808387483, 39.962408673741407 ], [ -95.263946054480016, 39.963138705403395 ], [ -95.26479694994967, 39.964038936380376 ], [ -95.265814099973397, 39.965096978293779 ], [ -95.265869477414086, 39.965160908694692 ], [ -95.266299571660468, 39.965657422400909 ], [ -95.267537015236769, 39.967045670443547 ], [ -95.268520839034551, 39.968067170084332 ], [ -95.269303801705149, 39.968857186026334 ], [ -95.270065770728678, 39.969498927979451 ], [ -95.27117226283103, 39.970332151362264 ], [ -95.271972355551227, 39.970905434286848 ], [ -95.271996996766177, 39.970923089893425 ], [ -95.272439710037219, 39.971162207029963 ], [ -95.273535994073654, 39.971685857602715 ], [ -95.274206416134206, 39.97192180730962 ], [ -95.274969841943971, 39.972190481197117 ], [ -95.276657372894419, 39.972895997094234 ], [ -95.276668188600539, 39.972900518576289 ], [ -95.277876363429968, 39.973397149603443 ], [ -95.279488951202524, 39.973947760201455 ], [ -95.281197302082887, 39.974471684442562 ], [ -95.2828727005991, 39.97504589321283 ], [ -95.28362452061198, 39.975303553827843 ], [ -95.285436511766093, 39.976035999682772 ], [ -95.287375642484008, 39.976716347791651 ], [ -95.288928962605837, 39.97741667555654 ], [ -95.290237176841842, 39.978010317837743 ], [ -95.292690654764286, 39.979138833840587 ], [ -95.292891984273069, 39.979234108504947 ], [ -95.294801661499278, 39.980137791492446 ], [ -95.297638749739164, 39.981655079101749 ], [ -95.299312009281337, 39.982563514432243 ], [ -95.301110750697347, 39.983370313429681 ], [ -95.301784799038444, 39.98377817981239 ], [ -95.302178992737026, 39.984005755692088 ], [ -95.302615206611648, 39.984324413727663 ], [ -95.302674336636898, 39.984367608242842 ], [ -95.303493812131691, 39.985268168982543 ], [ -95.304408222328647, 39.986117276547446 ], [ -95.304891661006963, 39.986603255060182 ], [ -95.305776411626084, 39.987527279922169 ], [ -95.306246273754695, 39.98808786119065 ], [ -95.306636076519595, 39.988662424891601 ], [ -95.307177008192667, 39.989419826185824 ], [ -95.307520620695115, 39.99005725647428 ], [ -95.307753645015609, 39.990758836805277 ], [ -95.307956980395943, 39.991535348259177 ], [ -95.308076082201964, 39.992202029045252 ], [ -95.308236555203365, 39.99314046177453 ], [ -95.308323883426212, 39.993820164639473 ], [ -95.308333224308853, 39.994575761578368 ], [ -95.308295942351577, 39.995381846073599 ], [ -95.308187341539508, 39.996461927918268 ], [ -95.30814688674792, 39.997652161915745 ], [ -95.308145385419621, 39.998968239726942 ], [ -95.308097261346632, 40.000005505581306 ], [ -95.308173540136082, 40.000834434303329 ], [ -95.308200468997143, 40.001127061959259 ], [ -95.308227965977039, 40.001425869828807 ], [ -95.308518253039708, 40.002770206878239 ], [ -95.309018729402851, 40.004473584576083 ], [ -95.309655975673891, 40.0060059732741 ], [ -95.31031675540234, 40.007308191351378 ], [ -95.311222920324425, 40.00867228116104 ], [ -95.311251113739402, 40.00870620676983 ], [ -95.312019878171313, 40.00963124889892 ], [ -95.313453507053936, 40.010918018696103 ], [ -95.314920697900178, 40.011910304250534 ], [ -95.315788777230324, 40.012400415778323 ], [ -95.317234694308752, 40.013019180113083 ], [ -95.318753019898423, 40.01340981482889 ], [ -95.319329619856276, 40.013558155860601 ], [ -95.321168015150235, 40.013962026366471 ], [ -95.323580822162597, 40.014427791893517 ], [ -95.325506996692084, 40.014856533156589 ], [ -95.327945223005059, 40.015522005628014 ], [ -95.329500571867754, 40.016031582954724 ], [ -95.330227430489941, 40.016294924776915 ], [ -95.330635494567275, 40.016442763726246 ], [ -95.333014359494825, 40.017403116890812 ], [ -95.333828261113069, 40.017827410558795 ], [ -95.335392806624, 40.018603802656109 ], [ -95.336842149476283, 40.019823187100066 ], [ -95.338089999311109, 40.020993205683396 ], [ -95.339490761780354, 40.022313694189506 ], [ -95.340542211621397, 40.023351858685338 ], [ -95.340623975338929, 40.023432587745909 ], [ -95.341944629158419, 40.02473739674501 ], [ -95.341955135271874, 40.02474777643905 ], [ -95.343988655050737, 40.026522806867064 ], [ -95.345307823377439, 40.027484313040382 ], [ -95.346404629277558, 40.02817461911927 ], [ -95.346746781302585, 40.028389956462256 ], [ -95.348953001189599, 40.029462690220157 ], [ -95.349080128059285, 40.02952450047276 ], [ -95.351360264792675, 40.03037295562067 ], [ -95.353764076961539, 40.031025223669765 ], [ -95.355837855748661, 40.031430422082686 ], [ -95.357732662911317, 40.0316856520299 ], [ -95.359892584004086, 40.031815265782157 ], [ -95.362306852613159, 40.031759370327563 ], [ -95.363216033496741, 40.031660696233025 ], [ -95.364997347341117, 40.031397316443993 ], [ -95.365464627078296, 40.03128868878111 ], [ -95.366445843291402, 40.031060580538217 ], [ -95.368695561975116, 40.030520485165816 ], [ -95.371738016218174, 40.029783832896264 ], [ -95.371759414774573, 40.029778034670407 ], [ -95.374243570790114, 40.029104854563187 ], [ -95.376609187387203, 40.028401978710967 ], [ -95.379545850719623, 40.027627237345364 ], [ -95.381910330897583, 40.027144619089924 ], [ -95.384289669393596, 40.026858184926866 ], [ -95.38686327698251, 40.026658309352605 ], [ -95.38831757436698, 40.026648771818827 ], [ -95.389475105217883, 40.026641167442975 ], [ -95.392212034081169, 40.027013020605253 ], [ -95.393737076381385, 40.027348667531378 ], [ -95.396646936868478, 40.028108475838465 ], [ -95.399633394231259, 40.029233781356858 ], [ -95.402670281088078, 40.030431394257391 ], [ -95.406146962798019, 40.03235410591239 ], [ -95.407111342920814, 40.032977642768387 ], [ -95.408054252216857, 40.03358727831106 ], [ -95.411739118286363, 40.036435620929879 ], [ -95.413041651201908, 40.0376813013782 ], [ -95.414582225352746, 40.039350351418079 ], [ -95.416188779470332, 40.041532023919487 ], [ -95.417065874329495, 40.043004410941258 ], [ -95.41739134929027, 40.043550768803463 ], [ -95.4186577572966, 40.04602099138387 ], [ -95.419428844428666, 40.04799976817462 ], [ -95.419770746400445, 40.049106332276629 ], [ -95.420441695162154, 40.05140539633549 ], [ -95.421064150036003, 40.054133816858148 ], [ -95.421220750170221, 40.055305729438842 ], [ -95.421432733945323, 40.056892020050299 ], [ -95.421430681593151, 40.057399976293141 ], [ -95.421421829548521, 40.059591128201184 ], [ -95.421421311460449, 40.059719360694103 ], [ -95.421314800054247, 40.060761861912511 ], [ -95.421289055817738, 40.060889032830275 ], [ -95.421024359918661, 40.062196527458681 ], [ -95.420894297670827, 40.062838966758669 ], [ -95.420013547666485, 40.064568612361661 ], [ -95.418356229716281, 40.066442458277947 ], [ -95.417714293898115, 40.067215077495746 ], [ -95.416377802685844, 40.068442860689515 ], [ -95.414805321652622, 40.069597772079568 ], [ -95.413116631058017, 40.070800266504229 ], [ -95.412374067335236, 40.07143725445502 ], [ -95.411905931750638, 40.071771886633073 ], [ -95.411571893559, 40.072125359222106 ], [ -95.410386696028354, 40.073379192540138 ], [ -95.410195988888489, 40.07358093826786 ], [ -95.409206053330806, 40.074918099654454 ], [ -95.409188249153047, 40.074953842159573 ], [ -95.408400511211795, 40.076535226576759 ], [ -95.407926903963642, 40.078247929616666 ], [ -95.407831210931604, 40.07945462670677 ], [ -95.407806044322584, 40.079771974898598 ], [ -95.408330313152646, 40.081440494848891 ], [ -95.408500060712271, 40.081980706592788 ], [ -95.408966912437236, 40.083279667234088 ], [ -95.409637147898849, 40.085396965438854 ], [ -95.409763681486098, 40.086040421117538 ], [ -95.410186256943149, 40.087190150607235 ], [ -95.41026414815822, 40.087446726493297 ], [ -95.410512353002702, 40.088396577352725 ], [ -95.410551858658621, 40.08854775617823 ], [ -95.410588529200965, 40.088688087681142 ], [ -95.410748674172652, 40.090117051215742 ], [ -95.410715261138009, 40.091789061773206 ], [ -95.41025469483975, 40.093872029131134 ], [ -95.409410712438003, 40.095582049734695 ], [ -95.408556341574283, 40.096787384066452 ], [ -95.407303655080582, 40.098151134969079 ], [ -95.407039025955982, 40.098386326268056 ], [ -95.406795827973241, 40.098602468402959 ], [ -95.406320477296347, 40.099024931348438 ], [ -95.40585946584244, 40.099434643112303 ], [ -95.405730574831551, 40.099525891151572 ], [ -95.404987542933796, 40.100051911375687 ], [ -95.40408766653853, 40.10059422282059 ], [ -95.402995904637407, 40.101252153008041 ], [ -95.401271610844532, 40.102262632979048 ], [ -95.400032666342383, 40.103061694443035 ], [ -95.399766415583528, 40.103233410738831 ], [ -95.399587290366938, 40.103348933841914 ], [ -95.398411399172431, 40.10418020353962 ], [ -95.398093758432708, 40.104404746857362 ], [ -95.397824656480424, 40.104619914309467 ], [ -95.396534959321599, 40.105651095738246 ], [ -95.395345506809207, 40.106885112750547 ], [ -95.394425846905364, 40.107987272795455 ], [ -95.394290625055234, 40.108149325390251 ], [ -95.394135953638056, 40.108430646197284 ], [ -95.393955383010621, 40.108759070735815 ], [ -95.393575979946519, 40.109449123659282 ], [ -95.393202493698922, 40.110237318056953 ], [ -95.392712836504927, 40.11209470387525 ], [ -95.392525735974274, 40.113191875494024 ], [ -95.392441245500649, 40.114404827203671 ], [ -95.392470389100538, 40.115715757028028 ], [ -95.392607775213165, 40.116903333009986 ], [ -95.392760993447268, 40.117539143472015 ], [ -95.392904565328408, 40.118134915814686 ], [ -95.393240038307439, 40.119297254716408 ], [ -95.393717028824724, 40.120498948858305 ], [ -95.394168015594815, 40.12146467100996 ], [ -95.39490964259663, 40.122660530554477 ], [ -95.395947815106013, 40.124039805014995 ], [ -95.396910722431002, 40.125110660275205 ], [ -95.398107891655826, 40.126147277790103 ], [ -95.399623817308168, 40.127188371692846 ], [ -95.400948198790232, 40.127909490941924 ], [ -95.402596687572327, 40.128614176301831 ], [ -95.403933433721079, 40.129153330226004 ], [ -95.405506315733504, 40.12962052891195 ], [ -95.406659984320072, 40.129902317535553 ], [ -95.408203045019292, 40.130130364756376 ], [ -95.409353211179649, 40.130147942503669 ], [ -95.409784556772934, 40.130145347628165 ], [ -95.410880769363644, 40.130138746459167 ], [ -95.411522085370336, 40.130134879125109 ], [ -95.413202286025822, 40.130110562166941 ], [ -95.414618562703652, 40.130118480638295 ], [ -95.416308382494961, 40.130168831208117 ], [ -95.417997109133566, 40.130385060110775 ], [ -95.419570009008098, 40.130678599861596 ], [ -95.421358673229264, 40.131154887164733 ], [ -95.422828436955569, 40.131685982356977 ], [ -95.423678444434273, 40.132039944241903 ], [ -95.424357786893182, 40.132322829952138 ], [ -95.425986913490945, 40.133214413316509 ], [ -95.426973387182272, 40.133884007900697 ], [ -95.427567741826977, 40.134315674141739 ], [ -95.428783857819212, 40.135360355461508 ], [ -95.429543597113721, 40.136125651055416 ], [ -95.430231549069418, 40.136894266689524 ], [ -95.430342779081457, 40.137018535966746 ], [ -95.430781619352388, 40.137587225150888 ], [ -95.431554180412334, 40.138710753242812 ], [ -95.432239197227048, 40.139921730441955 ], [ -95.43307797802936, 40.141530794874313 ], [ -95.433561835214817, 40.142772747373222 ], [ -95.433908097938669, 40.143873115151266 ], [ -95.433910227784921, 40.144497107513004 ], [ -95.433913996796932, 40.145601352380481 ], [ -95.433936601102644, 40.148383376019034 ], [ -95.434013471127287, 40.149949590902075 ], [ -95.434174680937645, 40.152118690349234 ], [ -95.434383565178251, 40.153864059099185 ], [ -95.434721982586851, 40.155328453569496 ], [ -95.435132662259164, 40.156525251562371 ], [ -95.43515038971357, 40.156576913351984 ], [ -95.435860980685007, 40.157910398117274 ], [ -95.436195615904154, 40.158421202117935 ], [ -95.43624479764101, 40.158496274066181 ], [ -95.436722407989549, 40.159082940991141 ], [ -95.436880551071923, 40.159277191593489 ], [ -95.437281256619357, 40.159769380864873 ], [ -95.437974212904464, 40.160412949486677 ], [ -95.438649587568548, 40.160931301451932 ], [ -95.439222774912878, 40.161371213625422 ], [ -95.440186193397238, 40.161966261306709 ], [ -95.441461057029741, 40.162683152369652 ], [ -95.442320750116878, 40.163109139513161 ], [ -95.443755279409658, 40.163801231399539 ], [ -95.445600125614362, 40.164452528160346 ], [ -95.446572270549908, 40.164704875037529 ], [ -95.447617534856903, 40.164936591419483 ], [ -95.448070710889596, 40.165037048595906 ], [ -95.450003836589943, 40.165424210087323 ], [ -95.452044089132244, 40.165878631725292 ], [ -95.452777463191168, 40.166045777783857 ], [ -95.452860351390115, 40.166064668371305 ], [ -95.455263432556691, 40.166709325706961 ], [ -95.455962894478816, 40.166945975995084 ], [ -95.458189922588929, 40.167738783511503 ], [ -95.461102130905644, 40.169143034392519 ], [ -95.461772951652932, 40.16955148741468 ], [ -95.463774802868841, 40.170868016133518 ], [ -95.464414241617561, 40.171358650549976 ], [ -95.464765487303467, 40.171628152764519 ], [ -95.466275188823872, 40.172842749083337 ], [ -95.468440356512673, 40.174615892299435 ], [ -95.470140063981262, 40.176061822433866 ], [ -95.470937042183081, 40.176796505441558 ], [ -95.471150703645506, 40.176982610818435 ], [ -95.472145405626364, 40.177849007181017 ], [ -95.472890999351307, 40.178582202197241 ], [ -95.473839370284807, 40.179516784828728 ], [ -95.474729864587232, 40.180394302207091 ], [ -95.476291347109836, 40.182062482276294 ], [ -95.477560309532265, 40.183572983194985 ], [ -95.477655845838839, 40.183686700412984 ], [ -95.478138801124715, 40.184297061719704 ], [ -95.479353823383065, 40.186031479670589 ], [ -95.479936105947758, 40.187067776793889 ], [ -95.480556208470759, 40.18818352275904 ], [ -95.481434646440619, 40.189935563049879 ], [ -95.481985109361034, 40.191442805982398 ], [ -95.482206759710166, 40.192142195981589 ], [ -95.482432735474333, 40.192960167725644 ], [ -95.482713028894452, 40.194417824755654 ], [ -95.482786310281597, 40.195294449158254 ], [ -95.482792805741596, 40.195472442583807 ], [ -95.482829874240295, 40.196488190782404 ], [ -95.482806935241186, 40.197556758172134 ], [ -95.482660404297818, 40.198809955938273 ], [ -95.482619906064613, 40.198991370086965 ], [ -95.482571669323121, 40.199207445768515 ], [ -95.482101385621448, 40.200855265086965 ], [ -95.481758726384243, 40.201895862935579 ], [ -95.481553008529843, 40.202520577407348 ], [ -95.481280359045144, 40.203254302245618 ], [ -95.480763415700466, 40.204350298858373 ], [ -95.480484923589344, 40.204940726993044 ], [ -95.47957105127125, 40.20649519532445 ], [ -95.478710347848903, 40.207526341589698 ], [ -95.478629196452729, 40.207606888246339 ], [ -95.478079930337998, 40.208152059461703 ], [ -95.47750458680882, 40.208723100124374 ], [ -95.476487328938759, 40.2097101092956 ], [ -95.475332500279521, 40.210889936965799 ], [ -95.47422351329601, 40.212195356757057 ], [ -95.473229133746571, 40.213529971062016 ], [ -95.472945723305372, 40.213971173206261 ], [ -95.471824367841833, 40.215791094786759 ], [ -95.471594828848097, 40.216294434934618 ], [ -95.470663181804412, 40.218505877040393 ], [ -95.470341952127157, 40.219612470563405 ], [ -95.470177327812323, 40.220277123220086 ], [ -95.470152829658588, 40.220376029616908 ], [ -95.469892080548135, 40.221596369383306 ], [ -95.469706748457114, 40.223163219854428 ], [ -95.469640606046227, 40.224469402183082 ], [ -95.469651056042821, 40.226201845720453 ], [ -95.469757554092851, 40.228125741749444 ], [ -95.46993038965708, 40.229364192188982 ], [ -95.470158437011747, 40.230736609809966 ], [ -95.470531974336652, 40.232227578267562 ], [ -95.470821629102147, 40.233091675914871 ], [ -95.471478408614686, 40.234751343011922 ], [ -95.471497017430508, 40.234798366394216 ], [ -95.472234760155658, 40.236313841899133 ], [ -95.472553215386142, 40.236963049275943 ], [ -95.473455138938661, 40.238470716741134 ], [ -95.474359669606045, 40.23976471073027 ], [ -95.475427653484289, 40.241007730341266 ], [ -95.475953913997884, 40.241558197387498 ], [ -95.477181642296202, 40.242647451763673 ], [ -95.478161031661188, 40.243441372097443 ], [ -95.478797700598449, 40.243902428158485 ], [ -95.480163109761008, 40.244798828056901 ], [ -95.481929622608831, 40.245821098087248 ], [ -95.483202120763394, 40.246434626195892 ], [ -95.484311286976961, 40.246925064354684 ], [ -95.485040313374952, 40.247237414975565 ], [ -95.487004295132706, 40.247959005977563 ], [ -95.487850327309374, 40.24820980307193 ], [ -95.48931123798765, 40.248605594204086 ], [ -95.490164715052813, 40.248777103921519 ], [ -95.490383916834347, 40.248811902288011 ], [ -95.491042413817908, 40.248916436016401 ], [ -95.492845727374871, 40.249175256664536 ], [ -95.493744364762506, 40.249298292479622 ], [ -95.49397110076103, 40.249319865373408 ], [ -95.494625628896941, 40.249382137410784 ], [ -95.496079800791236, 40.249470312609326 ], [ -95.496877978517958, 40.249477176590283 ], [ -95.49858446374212, 40.249478573967075 ], [ -95.500491224265261, 40.249369347392047 ], [ -95.502884479187671, 40.249133073886121 ], [ -95.503271351917604, 40.24907925943905 ], [ -95.504840393077927, 40.248860991675286 ], [ -95.505714906493381, 40.248729816430135 ], [ -95.506934746597139, 40.248601313656891 ], [ -95.507822838199928, 40.248507239215783 ], [ -95.510823234418226, 40.248290336909271 ], [ -95.512962551147965, 40.248243441903647 ], [ -95.514970775342178, 40.248225308134408 ], [ -95.517019905182579, 40.248293827376934 ], [ -95.518504132020311, 40.248429054183148 ], [ -95.519916360902073, 40.248615680627765 ], [ -95.521586510776771, 40.248949279562538 ], [ -95.522138743158195, 40.249084413858142 ], [ -95.523309936011046, 40.24937100035266 ], [ -95.523731338823481, 40.249502149621655 ], [ -95.524853101249022, 40.249873181975019 ], [ -95.526214583260113, 40.250417587925057 ], [ -95.527634100446846, 40.251177604459855 ], [ -95.529140213300991, 40.252025019716157 ], [ -95.529418641452963, 40.252173116066004 ], [ -95.530534108816454, 40.252766420971305 ], [ -95.531987969334907, 40.253551149125798 ], [ -95.533432348378113, 40.254304170082548 ], [ -95.53491743054046, 40.255030761880107 ], [ -95.535798644148258, 40.255426094997866 ], [ -95.537401495962683, 40.255958694849248 ], [ -95.538427575180137, 40.25621686499025 ], [ -95.540379618361001, 40.256729000160078 ], [ -95.541179707266053, 40.256940453577577 ], [ -95.542407570470644, 40.257264949143561 ], [ -95.544751448093891, 40.25800442608093 ], [ -95.546347056299908, 40.258562577431782 ], [ -95.546930076845882, 40.25877939226158 ], [ -95.548500066098043, 40.259435984719609 ], [ -95.548639928688033, 40.25949447521549 ], [ -95.55004761329819, 40.260154525757642 ], [ -95.550056284680835, 40.260158591690399 ], [ -95.550245346328978, 40.260283170046428 ], [ -95.551124214674502, 40.260862273286158 ], [ -95.552006138576616, 40.261493499456293 ], [ -95.552498299926881, 40.261908730636442 ], [ -95.553236670510643, 40.262531672730447 ], [ -95.553989028117584, 40.263261432933398 ], [ -95.554320263554771, 40.263649629907789 ], [ -95.554940414909296, 40.264468877695386 ], [ -95.555232176300493, 40.264854299394734 ], [ -95.556018431887679, 40.26648277047282 ], [ -95.556422138460348, 40.267909175725976 ], [ -95.556464598940238, 40.268188036701986 ], [ -95.556599299863606, 40.269072660673999 ], [ -95.556560145313313, 40.270687474936736 ], [ -95.556468475308122, 40.271129668554806 ], [ -95.556230209707806, 40.272104581113183 ], [ -95.556135804982063, 40.272378735930971 ], [ -95.55577200101466, 40.273435213474315 ], [ -95.555519073044906, 40.274021313996343 ], [ -95.555052362772244, 40.274905583237775 ], [ -95.554342795987154, 40.27598021310056 ], [ -95.553473144087846, 40.277230612667537 ], [ -95.552742146462705, 40.278401394991015 ], [ -95.552361926657554, 40.27911220772971 ], [ -95.552345040948808, 40.279143773850009 ], [ -95.551844294376906, 40.280232915423213 ], [ -95.551377073834217, 40.281639620368637 ], [ -95.551342701188659, 40.281743105587481 ], [ -95.5512517718049, 40.282188056501205 ], [ -95.551230079277531, 40.282294203889208 ], [ -95.551070860189526, 40.28382235394421 ], [ -95.551049474458409, 40.284362592415235 ], [ -95.551023848402451, 40.285009929003223 ], [ -95.551069715886797, 40.285697873940094 ], [ -95.551173440269807, 40.286461092134111 ], [ -95.5513135763007, 40.287172473502835 ], [ -95.551399403356058, 40.287431950482123 ], [ -95.55177443055571, 40.288565735546193 ], [ -95.55212162539307, 40.289214971166338 ], [ -95.552590383707795, 40.290091498431792 ], [ -95.553118421163589, 40.290832588380979 ], [ -95.553790221134719, 40.291627914051169 ], [ -95.55436369503623, 40.29224678992049 ], [ -95.554732483126315, 40.292585411719152 ], [ -95.555031353484637, 40.292859833415434 ], [ -95.555693432117721, 40.2934677365322 ], [ -95.555959930383992, 40.293674160168663 ], [ -95.556998625943748, 40.294478692652866 ], [ -95.558501594789618, 40.295427845768735 ], [ -95.559389251802727, 40.295975950281907 ], [ -95.559825638387437, 40.296200856123761 ], [ -95.560786100355401, 40.296695849769719 ], [ -95.561261938011711, 40.296934100615154 ], [ -95.562871486462967, 40.297678617265696 ], [ -95.564664609360662, 40.298458081059579 ], [ -95.565631865137988, 40.298754189680359 ], [ -95.567613285020769, 40.299276638731214 ], [ -95.569158030548948, 40.299571575670029 ], [ -95.570163098202443, 40.299599891752905 ], [ -95.572002121293011, 40.299508342902371 ], [ -95.573358340457546, 40.299486608419578 ], [ -95.575043984013433, 40.299423750371183 ], [ -95.575719337295808, 40.29938503185523 ], [ -95.576970535527209, 40.299313288740699 ], [ -95.578560487539562, 40.299345379296852 ], [ -95.578787880625157, 40.299368605821591 ], [ -95.580731366825617, 40.299567099230863 ], [ -95.582016841467848, 40.299715687480031 ], [ -95.583171967458668, 40.299917828299264 ], [ -95.584768599364139, 40.300414011043074 ], [ -95.586066327908071, 40.300883089905739 ], [ -95.586704656558268, 40.301130521798086 ], [ -95.588229973107886, 40.301780214368911 ], [ -95.589491065736851, 40.302444245863597 ], [ -95.590633498390773, 40.303178461865301 ], [ -95.591033529251334, 40.303540959006185 ], [ -95.592660322591016, 40.305090262281581 ], [ -95.592739688993419, 40.30516584601105 ], [ -95.593871131262901, 40.306187312722606 ], [ -95.594386932646728, 40.306690720757061 ], [ -95.594821047809816, 40.30707776750949 ], [ -95.596241785807024, 40.308160257293686 ], [ -95.597849632204131, 40.309230687987416 ], [ -95.598891463336969, 40.309924260835828 ], [ -95.60146833643131, 40.311225514806004 ], [ -95.602141838538316, 40.31152272252578 ], [ -95.604570637392627, 40.312413566084629 ], [ -95.605418948399318, 40.312664604618924 ], [ -95.607046063605381, 40.31315359799239 ], [ -95.607796907339051, 40.313379237650778 ], [ -95.608698744364034, 40.313586833078574 ], [ -95.610571463596003, 40.313952830227471 ], [ -95.610944758334455, 40.314025780901531 ], [ -95.611509665030042, 40.314080558976869 ], [ -95.612458085478679, 40.314115780728933 ], [ -95.61419506958562, 40.314180268386039 ], [ -95.615319679742456, 40.314154832486288 ], [ -95.616697762324449, 40.314076126457365 ], [ -95.616779015660555, 40.314071484998131 ], [ -95.617041980986684, 40.314042333869054 ], [ -95.617195153015047, 40.314008725478061 ], [ -95.617916171596121, 40.313952546400294 ], [ -95.61972396648062, 40.313616116004759 ], [ -95.620391626046512, 40.313474349847247 ], [ -95.621266479989046, 40.313268785821997 ], [ -95.622282371278104, 40.313000922582454 ], [ -95.623828367833383, 40.312459308975498 ], [ -95.625243342272057, 40.311954418461355 ], [ -95.626243596112673, 40.311568683105918 ], [ -95.628026512812028, 40.310878112657171 ], [ -95.629210228009256, 40.310386874587877 ], [ -95.631449565755275, 40.309517024927999 ], [ -95.631832605956021, 40.309382815977521 ], [ -95.63258669258542, 40.30911859479157 ], [ -95.63348528222221, 40.308803732413423 ], [ -95.635390956566283, 40.308152464108559 ], [ -95.63590521533618, 40.307986907599862 ], [ -95.635966368663873, 40.307967220350079 ], [ -95.636188859543267, 40.307895592570077 ], [ -95.636491623348249, 40.307798120906391 ], [ -95.638759395295466, 40.307096328024109 ], [ -95.64087606804452, 40.306482364971757 ], [ -95.641466768013871, 40.30635067957806 ], [ -95.643493059467346, 40.30596667487454 ], [ -95.644559095921124, 40.305857872241788 ], [ -95.646175822163016, 40.305788695191652 ], [ -95.646255471245453, 40.305785286745802 ], [ -95.646363317825731, 40.305792718573571 ], [ -95.646429560598193, 40.30579728246876 ], [ -95.64772692871918, 40.305886673233744 ], [ -95.648213631121564, 40.305917736897321 ], [ -95.649692678859068, 40.306213095200491 ], [ -95.650597169391531, 40.306487839614462 ], [ -95.650904510561134, 40.306610423126294 ], [ -95.651998278846747, 40.307046665714836 ], [ -95.653113112199961, 40.307620485783382 ], [ -95.653782039029124, 40.30807789804409 ], [ -95.655011327445067, 40.309037415930021 ], [ -95.655275465899976, 40.30930150119756 ], [ -95.655659279928358, 40.309760235718372 ], [ -95.656294226072987, 40.310519106681284 ], [ -95.656631800262659, 40.310967230700996 ], [ -95.657236405533681, 40.312033941382808 ], [ -95.657581827664387, 40.312963088853088 ], [ -95.657759673360232, 40.313558398315685 ], [ -95.657866094273729, 40.314864496571147 ], [ -95.657841186940061, 40.315354717906935 ], [ -95.657777241194808, 40.315832499898448 ], [ -95.657696113336286, 40.316438658470453 ], [ -95.657534489650516, 40.3171008668726 ], [ -95.657039783449392, 40.318555859746603 ], [ -95.656897443908619, 40.31882326353464 ], [ -95.65648474208011, 40.319598567594973 ], [ -95.656320895780851, 40.319923136917318 ], [ -95.655631611840079, 40.320851410656751 ], [ -95.654937142915102, 40.321593491092983 ], [ -95.65460889979218, 40.321909141655127 ], [ -95.654532607454342, 40.321982506704416 ], [ -95.65407185065304, 40.32237553205551 ], [ -95.653831537675401, 40.322580516880045 ], [ -95.652240227796639, 40.323655431708922 ], [ -95.651482084384384, 40.32408121897771 ], [ -95.651408297671551, 40.324122658832472 ], [ -95.650955110983929, 40.324377171327917 ], [ -95.648549025254539, 40.325504486812271 ], [ -95.647711478412248, 40.325819150813295 ], [ -95.646083585902971, 40.326244767010465 ], [ -95.645394469053315, 40.326404056414169 ], [ -95.644381264469857, 40.326611375336505 ], [ -95.643861512405891, 40.326717721530159 ], [ -95.643018659522426, 40.32689739783347 ], [ -95.641003757010736, 40.327306465549412 ], [ -95.639079799982426, 40.327740865863909 ], [ -95.637051222182691, 40.328223463114838 ], [ -95.635347532115944, 40.328745028289205 ], [ -95.635226482027562, 40.328782084817561 ], [ -95.634330817166088, 40.329067308747668 ], [ -95.632567848150487, 40.329731666695743 ], [ -95.631602663610622, 40.330172415655056 ], [ -95.630591520137926, 40.33063413842234 ], [ -95.629993294806269, 40.330937779683239 ], [ -95.628879629874675, 40.331552108687454 ], [ -95.628169310110025, 40.331943929012908 ], [ -95.626788332687255, 40.332895846755797 ], [ -95.625654413830802, 40.333842137560787 ], [ -95.625106115005835, 40.334371600178372 ], [ -95.624428527491176, 40.335181415802083 ], [ -95.623676434665342, 40.336409047894598 ], [ -95.623138968452793, 40.337644414692164 ], [ -95.622950434198358, 40.338310717913892 ], [ -95.622924359757306, 40.338445753552911 ], [ -95.622682640332371, 40.339697587306809 ], [ -95.622605275723174, 40.341105355263728 ], [ -95.622630667606316, 40.342611672609699 ], [ -95.622801841383378, 40.343837261021967 ], [ -95.623069681884502, 40.345003910214153 ], [ -95.623388913469626, 40.34621983356498 ], [ -95.623658597299325, 40.347008140059302 ], [ -95.624005120227409, 40.347864056329371 ], [ -95.624492754827713, 40.348956357257279 ], [ -95.625135785657179, 40.350227970524486 ], [ -95.625745568708794, 40.351279660588638 ], [ -95.626503674840961, 40.352327977591735 ], [ -95.627109434025812, 40.353111521544236 ], [ -95.627176810067922, 40.353198670072224 ], [ -95.627198257668709, 40.353226412716644 ], [ -95.628106669811828, 40.35432174054057 ], [ -95.62843224067494, 40.354635891455217 ], [ -95.629359043526492, 40.355566862186059 ], [ -95.629900806860746, 40.355926528977186 ], [ -95.630075552870281, 40.356064583374405 ], [ -95.630955802555249, 40.356759994871304 ], [ -95.631491551026372, 40.357176535778883 ], [ -95.63270534510535, 40.358063113512486 ], [ -95.633971551840546, 40.359024143735908 ], [ -95.63493811420831, 40.359701962682529 ], [ -95.636468905019385, 40.360890216127949 ], [ -95.637366764086906, 40.361708290643669 ], [ -95.63808914599349, 40.362467313260517 ], [ -95.638552297714128, 40.3629233077896 ], [ -95.639267482353688, 40.363793340890503 ], [ -95.639859752164924, 40.364513826454477 ], [ -95.640269427338396, 40.36507821844917 ], [ -95.641161245845566, 40.366583639658643 ], [ -95.641851272959002, 40.368200852146131 ], [ -95.64207711322041, 40.368914452844756 ], [ -95.642287096723138, 40.369855393456952 ], [ -95.642385143768834, 40.370464731861752 ], [ -95.642486426519227, 40.372000823710636 ], [ -95.642445381309912, 40.373060993330064 ], [ -95.642326453272204, 40.373605937888605 ], [ -95.642177771806956, 40.374655957438478 ], [ -95.641966860522388, 40.376224405767786 ], [ -95.641860506530705, 40.377935476682389 ], [ -95.641843919886369, 40.378566349617252 ], [ -95.641942993918434, 40.380045746105878 ], [ -95.642046608065584, 40.381008033232675 ], [ -95.642149489402172, 40.381951421696904 ], [ -95.642280545043889, 40.382581429042446 ], [ -95.642383151688207, 40.383074664134512 ], [ -95.642625180368071, 40.3839896504238 ], [ -95.642999123667707, 40.385324048057569 ], [ -95.643318067181085, 40.386306629471214 ], [ -95.643810015557861, 40.387493314003805 ], [ -95.644380360978488, 40.388785384047587 ], [ -95.645094567980621, 40.39016873366063 ], [ -95.645916116901205, 40.391763986089465 ], [ -95.646456830276463, 40.392508195787691 ], [ -95.647349868087645, 40.393610017153549 ], [ -95.647671677937339, 40.394031378512523 ], [ -95.648528815767563, 40.395058351352603 ], [ -95.649523077100525, 40.396214579220043 ], [ -95.650336827433492, 40.397185790031557 ], [ -95.65113238172745, 40.39811327849764 ], [ -95.651877503243085, 40.399016697269268 ], [ -95.653089985052304, 40.400464223287386 ], [ -95.654188142006944, 40.402046741466251 ], [ -95.655354594991707, 40.403718382870437 ], [ -95.656342718740007, 40.405245640817306 ], [ -95.657347265358069, 40.406640649556024 ], [ -95.658378926978884, 40.408175163547241 ], [ -95.659288189648677, 40.409613505615923 ], [ -95.660088047763054, 40.41117657560148 ], [ -95.660440364623483, 40.412004600164316 ], [ -95.660789813879148, 40.412825861763423 ], [ -95.660962579850008, 40.413374326812196 ], [ -95.661300698096241, 40.414834078615847 ], [ -95.661447850291992, 40.416489391639253 ], [ -95.661389527845913, 40.417199759281118 ], [ -95.66113629498885, 40.4183579084673 ], [ -95.660996343181779, 40.418997955588111 ], [ -95.660493326418035, 40.420477133051826 ], [ -95.660267048695047, 40.42103473263537 ], [ -95.659464136175743, 40.422298133908555 ], [ -95.659022765413525, 40.422877177599155 ], [ -95.658249853474345, 40.424082224291709 ], [ -95.65813051664567, 40.424340585361932 ], [ -95.657292714905509, 40.426091231514469 ], [ -95.656461610450762, 40.428014849549008 ], [ -95.656256845630708, 40.42857194564661 ], [ -95.655916018515626, 40.42951142717159 ], [ -95.655608354744828, 40.430746972973346 ], [ -95.655462394354743, 40.431426359279953 ], [ -95.655329810522446, 40.432995922369592 ], [ -95.655335548987424, 40.433688318058557 ], [ -95.655550669112657, 40.435998142241296 ], [ -95.655560052376927, 40.436098889717876 ], [ -95.655748456416944, 40.436770588688702 ], [ -95.656367590072776, 40.438784554127544 ], [ -95.65657174333235, 40.439307530116011 ], [ -95.657522074235303, 40.44122952473726 ], [ -95.657860218397943, 40.441864781830191 ], [ -95.658629820556456, 40.443036248199839 ], [ -95.659396124643834, 40.444123384129107 ], [ -95.659795447353503, 40.44466657817496 ], [ -95.660955564138789, 40.446204894088446 ], [ -95.662242133068261, 40.447833891655577 ], [ -95.662707848919382, 40.44841675796544 ], [ -95.664256213485828, 40.450161914127662 ], [ -95.664544440457334, 40.450464077190837 ], [ -95.665348916919271, 40.451307411049363 ], [ -95.666396301618661, 40.452396286841925 ], [ -95.667836392255609, 40.453855339686484 ], [ -95.668057431839287, 40.454062447528663 ], [ -95.669339244442654, 40.455263433324966 ], [ -95.669984265371951, 40.455734926440677 ], [ -95.670852634494111, 40.456390878362015 ], [ -95.671684777121968, 40.45694879210896 ], [ -95.672271680678861, 40.457314470802551 ], [ -95.674245617845088, 40.458292665617741 ], [ -95.676785667996995, 40.459477205571389 ], [ -95.677874858741902, 40.459979627534977 ], [ -95.678953313252833, 40.460482287132827 ], [ -95.680240992862011, 40.461087282965494 ], [ -95.681161430769791, 40.46152913745923 ], [ -95.683377727890274, 40.462556188622123 ], [ -95.685706791587506, 40.463813004109994 ], [ -95.686404677551096, 40.464250235269496 ], [ -95.687858335814781, 40.465259746232142 ], [ -95.688093225840902, 40.465422863459352 ], [ -95.689260553816212, 40.466370037295228 ], [ -95.68946627237132, 40.466536936604847 ], [ -95.690176972503309, 40.467132013909641 ], [ -95.690798215287529, 40.467732520601658 ], [ -95.69132521498527, 40.468183724596173 ], [ -95.692341200767217, 40.469345983658883 ], [ -95.693274656265984, 40.470503947079941 ], [ -95.693898587469803, 40.471425416511678 ], [ -95.694595284282258, 40.472534391379639 ], [ -95.695005035967029, 40.473336124228844 ], [ -95.695506057229352, 40.474444946772856 ], [ -95.696275377174047, 40.47669734940952 ], [ -95.696504482026384, 40.477857044476238 ], [ -95.696522406016044, 40.478304716215213 ], [ -95.696577261321735, 40.479348991210344 ], [ -95.696398209245075, 40.481394504588195 ], [ -95.69608973660695, 40.482815703570992 ], [ -95.695458688814696, 40.484300300175363 ], [ -95.695313920776456, 40.48464087054284 ], [ -95.695027703091014, 40.485314713806005 ], [ -95.694587327345033, 40.486683938116379 ], [ -95.694417254527906, 40.487325748839062 ], [ -95.694147457121488, 40.48873606942368 ], [ -95.694007518575333, 40.489804818294083 ], [ -95.69392270848472, 40.491598636154436 ], [ -95.693963357038442, 40.492768525985895 ], [ -95.694118984184939, 40.494392179009985 ], [ -95.694231194163706, 40.495067222716877 ], [ -95.694696054179971, 40.496898550454389 ], [ -95.695136240218829, 40.498113078227533 ], [ -95.69541843565986, 40.498770220391975 ], [ -95.695640049713475, 40.499286278957172 ], [ -95.696514302293195, 40.500908897060071 ], [ -95.696723860174146, 40.501252524244457 ], [ -95.697327229266321, 40.501995213060368 ], [ -95.698488756631193, 40.503103795757617 ], [ -95.699552794246301, 40.504094072624746 ], [ -95.699769853814473, 40.504298294198215 ], [ -95.695592024836031, 40.506908965596978 ], [ -95.692559106056095, 40.507772376767207 ], [ -95.688001744712778, 40.509535917882488 ], [ -95.683097836041355, 40.510911005257327 ], [ -95.680420315156411, 40.511604932262678 ], [ -95.678482417816397, 40.512108052756545 ], [ -95.672057659588503, 40.513923275011422 ], [ -95.670210996266235, 40.514443386191552 ], [ -95.668211060805575, 40.51514797850281 ], [ -95.661755845630054, 40.51744441411644 ], [ -95.659204930703325, 40.519834669149027 ], [ -95.655759123789679, 40.52361298492108 ], [ -95.655190726232803, 40.527238048486623 ], [ -95.654076692310099, 40.530914761398385 ], [ -95.653456574433122, 40.534555937288161 ], [ -95.652372133816826, 40.538179330282183 ], [ -95.652692181927407, 40.53947293257378 ], [ -95.653279187069401, 40.54184703942618 ], [ -95.655590140993723, 40.545257270985928 ], [ -95.655715878928731, 40.54664602777499 ], [ -95.658247980966664, 40.548221930551264 ], [ -95.658808925528618, 40.548569986815139 ], [ -95.661670288778041, 40.550332564916957 ], [ -95.664967708254935, 40.55684092098916 ], [ -95.66530568736114, 40.557508674707876 ], [ -95.668288514885177, 40.559889788373049 ], [ -95.671697033938713, 40.56261226009628 ], [ -95.678561061536712, 40.562560709581525 ], [ -95.687013675048462, 40.56060392600034 ], [ -95.694201300654697, 40.556923533698338 ], [ -95.694760189232596, 40.553106116275671 ], [ -95.695324209041274, 40.549237789476877 ], [ -95.696464516040479, 40.545339055998596 ], [ -95.697127100666705, 40.542492943702399 ], [ -95.697389649628207, 40.541366515617057 ], [ -95.697038290681789, 40.537167900051081 ], [ -95.695269924517902, 40.533027758571208 ], [ -95.697529432139675, 40.528473946328354 ], [ -95.700372699722408, 40.526793746440461 ], [ -95.70932778807483, 40.523170165263942 ], [ -95.709660094790721, 40.523642679191823 ], [ -95.710974772775302, 40.524837140228371 ], [ -95.711791999925296, 40.525539609370249 ], [ -95.713544721212543, 40.526703304805082 ], [ -95.714210336080825, 40.527036716652439 ], [ -95.714496775268344, 40.527169398581144 ], [ -95.716094325411959, 40.527802255880452 ], [ -95.716347575535508, 40.5279025783598 ], [ -95.71825036865728, 40.528305894759725 ], [ -95.719235609643547, 40.528451970147749 ], [ -95.719798616992534, 40.528436990218644 ], [ -95.720951205800517, 40.528406315727153 ], [ -95.722897292797114, 40.528265573515249 ], [ -95.724507846077785, 40.528053058627791 ], [ -95.725872590363963, 40.527727366879361 ], [ -95.726094537017886, 40.527628881708722 ], [ -95.726962865283795, 40.527243567842561 ], [ -95.728937291975228, 40.526345818027877 ], [ -95.730990130979166, 40.525450891019013 ], [ -95.732630540655848, 40.524859697905285 ], [ -95.734885501781818, 40.524273298515084 ], [ -95.735986190255389, 40.524048069840795 ], [ -95.737166201118384, 40.523852954458029 ], [ -95.738080771312468, 40.523741100580907 ], [ -95.74028885308995, 40.523643791699975 ], [ -95.742399521243627, 40.523687295598315 ], [ -95.744813294092268, 40.523855978517886 ], [ -95.745019043303245, 40.523876648417442 ], [ -95.747034459486912, 40.524079103012504 ], [ -95.749452228366195, 40.524344969266075 ], [ -95.751101056492274, 40.524585400927172 ], [ -95.753105830561125, 40.524922213836909 ], [ -95.754111670912195, 40.525134227969808 ], [ -95.755668657368616, 40.52549041491465 ], [ -95.757667240550361, 40.526072037837345 ], [ -95.758561113991476, 40.526347872890859 ], [ -95.760579612387389, 40.527095041770927 ], [ -95.762474091945251, 40.52801122021134 ], [ -95.763940625517563, 40.528832720731934 ], [ -95.764341089263695, 40.529094098468008 ], [ -95.765099758847953, 40.529584121118226 ], [ -95.766023122459913, 40.530296231248506 ], [ -95.767493456932641, 40.531605852624232 ], [ -95.768520471528063, 40.533163313093688 ], [ -95.769162786679601, 40.53456391681965 ], [ -95.769446157540159, 40.535876977489295 ], [ -95.769526356323269, 40.536551849926155 ], [ -95.769516858764547, 40.537695929232115 ], [ -95.769513727663281, 40.538073047785915 ], [ -95.769406924071063, 40.538699963334672 ], [ -95.768986529299525, 40.540302091690172 ], [ -95.768604294880419, 40.540883165893938 ], [ -95.768133100434355, 40.541689874709448 ], [ -95.767205976311118, 40.542839658555877 ], [ -95.766816407091113, 40.54328227659213 ], [ -95.765326359348194, 40.545240945900893 ], [ -95.764545993589408, 40.546457118879253 ], [ -95.764036865209505, 40.547299683145901 ], [ -95.763501026429822, 40.548527477692737 ], [ -95.763222730128987, 40.549845254307279 ], [ -95.763196236257357, 40.551113298345626 ], [ -95.763251677178388, 40.551663863353397 ], [ -95.763350979638545, 40.552275839567343 ], [ -95.76345351645594, 40.552907738924709 ], [ -95.763588546217505, 40.553402729341052 ], [ -95.764055744308607, 40.554763844542293 ], [ -95.764522786021885, 40.555764056769654 ], [ -95.76496980607331, 40.556714835152583 ], [ -95.765337253995583, 40.557442790164707 ], [ -95.765965570454824, 40.558537811944511 ], [ -95.766806042661742, 40.559732637111182 ], [ -95.767328370986149, 40.560441841652377 ], [ -95.768625492123434, 40.562102687838809 ], [ -95.769591711687809, 40.563324454345263 ], [ -95.77059318944346, 40.564646497972824 ], [ -95.771387635510095, 40.565833649533339 ], [ -95.772056183918551, 40.567026353143689 ], [ -95.7723928349114, 40.567680031158027 ], [ -95.773164122586067, 40.569296021356756 ], [ -95.773515967179691, 40.570039271889584 ], [ -95.774150604992869, 40.571835886269845 ], [ -95.774282962694954, 40.572540702626796 ], [ -95.774323873615117, 40.573623486206557 ], [ -95.774355091678331, 40.574524339663043 ], [ -95.774228960278506, 40.575357739913514 ], [ -95.773985028117963, 40.57627790331523 ], [ -95.773691749976237, 40.577346053140396 ], [ -95.773396877006846, 40.577982471121572 ], [ -95.773174636207656, 40.578433587138512 ], [ -95.772066237890144, 40.580283264117497 ], [ -95.771108215525516, 40.581370183298141 ], [ -95.769961905508367, 40.58254020062013 ], [ -95.768926550408565, 40.583461576674736 ], [ -95.767496125150018, 40.584539786093494 ], [ -95.766434003249714, 40.585270483839487 ], [ -95.76280970423413, 40.585226981708743 ], [ -95.754577556138855, 40.585187766691796 ], [ -95.743797497906925, 40.58499379264412 ], [ -95.735431923874344, 40.584892632537873 ], [ -95.716295948014064, 40.584706012142263 ], [ -95.697020494125354, 40.584448865662864 ], [ -95.677904613716322, 40.584166324572166 ], [ -95.658715402871223, 40.584038464405182 ], [ -95.639673591927831, 40.583801514282278 ], [ -95.620531711393568, 40.583544836516289 ], [ -95.601417464359756, 40.583344682577582 ], [ -95.583431078705885, 40.583117964348524 ], [ -95.56438713658136, 40.582863874011501 ], [ -95.553806315146517, 40.582655301293237 ], [ -95.54533036439274, 40.582564903895268 ], [ -95.52653224556029, 40.58225852704188 ], [ -95.507367527500605, 40.582014650843462 ], [ -95.488171070007212, 40.581738699194631 ], [ -95.469245480680613, 40.581522952494652 ], [ -95.450191406253168, 40.581306166925373 ], [ -95.431092619243373, 40.581080407682109 ], [ -95.412006081070601, 40.580898184232439 ], [ -95.392911579652619, 40.580692629254699 ], [ -95.373950610632207, 40.580446145064649 ], [ -95.363313720589289, 40.580323113534206 ], [ -95.354437281256352, 40.580232339412227 ], [ -95.335387568028352, 40.580021650167836 ], [ -95.316066607089041, 40.5798209008166 ], [ -95.297195089098537, 40.579579586293079 ], [ -95.278082721612492, 40.579399786765904 ], [ -95.259007826022611, 40.579222070260599 ], [ -95.240394303585219, 40.579032485773858 ], [ -95.221391496306595, 40.578770820389295 ], [ -95.202349868207207, 40.578471733264095 ], [ -95.183200251980878, 40.57821113598802 ], [ -95.172674231966326, 40.57806594335316 ], [ -95.164013848851653, 40.577989704415543 ], [ -95.144948366466892, 40.577717735749005 ], [ -95.125932751951254, 40.577507773038981 ], [ -95.106852297298943, 40.577223794761352 ], [ -95.087719210518515, 40.577022482771902 ], [ -95.068714111175865, 40.576761295110167 ], [ -95.049733685873505, 40.576498605352661 ], [ -95.030627145050829, 40.57624325073882 ], [ -95.010151569323185, 40.575990555172403 ], [ -94.991171004963405, 40.575760364122985 ], [ -94.98192607273576, 40.575753124181283 ], [ -94.972119914045834, 40.575616329336064 ], [ -94.953033351667941, 40.575538131879782 ], [ -94.934130778479698, 40.57532029392209 ], [ -94.914856381754475, 40.575039145173996 ], [ -94.896613573005268, 40.574812756493309 ], [ -94.887114634152184, 40.574669383321158 ], [ -94.877627326959413, 40.574550441735141 ], [ -94.868085356286258, 40.574451764365357 ], [ -94.858582421598342, 40.574352912595138 ], [ -94.839481576893192, 40.573916564565465 ], [ -94.820454631428333, 40.573693810070182 ], [ -94.8014301147861, 40.573517664297896 ], [ -94.791266410256583, 40.573429923273565 ], [ -94.783400743615815, 40.573255456433223 ], [ -94.764284914216688, 40.572939591553272 ], [ -94.745393244186459, 40.572707134296522 ], [ -94.726483808564737, 40.572454131732741 ], [ -94.707300593134249, 40.572204742222198 ], [ -94.688372161634206, 40.571945414705617 ], [ -94.67002679527161, 40.571695652367353 ], [ -94.650975221492502, 40.571451408533477 ], [ -94.631982615413961, 40.571335288682342 ], [ -94.612851286385919, 40.571244003759411 ], [ -94.600586328282262, 40.57109088184972 ], [ -94.593909114434069, 40.57104470204083 ], [ -94.575059149127483, 40.570980363607497 ], [ -94.555676131020547, 40.57086736015151 ], [ -94.536729341048996, 40.570845028441816 ], [ -94.517619568578411, 40.570875340166133 ], [ -94.49863753573544, 40.570902492094895 ], [ -94.479705880325582, 40.570979868486127 ], [ -94.471172951474315, 40.570994628580351 ], [ -94.460605640403116, 40.571012034465227 ], [ -94.441396633713794, 40.571133782233716 ], [ -94.422377576103912, 40.571243917839723 ], [ -94.403216237923147, 40.57127290762908 ], [ -94.388854273366832, 40.571404520386629 ], [ -94.384187235097983, 40.571365114848881 ], [ -94.365122343361804, 40.571387010958077 ], [ -94.346146073368615, 40.571497063359601 ], [ -94.327555972426239, 40.57154983114728 ], [ -94.30839679730245, 40.571652581594613 ], [ -94.289330851856803, 40.571625169970311 ], [ -94.270341317414676, 40.571678348213347 ], [ -94.25142940460141, 40.571830502520065 ], [ -94.232191550125606, 40.571877314024768 ], [ -94.22001411175215, 40.571984038207127 ], [ -94.213255844608298, 40.572046410501834 ], [ -94.194235373309752, 40.572269694780594 ], [ -94.175285669342671, 40.572460147400811 ], [ -94.156152585964151, 40.572499019085569 ], [ -94.137188564422601, 40.572659743763424 ], [ -94.118163516476287, 40.572841664805225 ], [ -94.099121544394905, 40.572931555916234 ], [ -94.08906188850159, 40.572956876988364 ], [ -94.087299945241682, 40.572980036607888 ], [ -94.079443765141775, 40.573082974358087 ], [ -94.060418821467437, 40.573327281633958 ], [ -94.041298500147846, 40.573550918241047 ], [ -94.0223454377563, 40.57394128323363 ], [ -94.0155635582353, 40.574018817073323 ], [ -94.003143839806398, 40.574159774110576 ], [ -93.984193302350036, 40.574466756750326 ], [ -93.96511649592766, 40.574789757617289 ], [ -93.946036621705602, 40.575090433514802 ], [ -93.927030038514985, 40.575433774328701 ], [ -93.907934273784562, 40.575747543556751 ], [ -93.889054884065615, 40.576100351540781 ], [ -93.869595178120477, 40.576343137332515 ], [ -93.85058394418455, 40.576649631251861 ], [ -93.840144861008554, 40.576772884871964 ], [ -93.8312316169079, 40.576864154647943 ], [ -93.812254635931382, 40.577167298869583 ], [ -93.793219751140754, 40.577248812677603 ], [ -93.774152089083785, 40.577388723751085 ], [ -93.756849467059808, 40.577509448825239 ], [ -93.737675769303095, 40.577492048499096 ], [ -93.718786151568452, 40.577536381841682 ], [ -93.699842292062172, 40.577767875314137 ], [ -93.681012844361092, 40.578029062466953 ], [ -93.662249210657649, 40.578288224603931 ], [ -93.649991327906179, 40.57844823271833 ], [ -93.641881129850404, 40.578489021685584 ], [ -93.623356096462231, 40.578899316904867 ], [ -93.614005109661235, 40.579138763295269 ], [ -93.610519226919294, 40.579184265727349 ], [ -93.604004384389626, 40.579344696815184 ], [ -93.584974598061066, 40.579750353684901 ], [ -93.565724703222969, 40.580081035564504 ], [ -93.55702618554831, 40.580193314538924 ], [ -93.546425680211001, 40.580329258919491 ], [ -93.527953743084396, 40.580410811853497 ], [ -93.516774790076866, 40.580480761630426 ], [ -93.508414437162315, 40.580336601104186 ], [ -93.489117662469098, 40.580250762128657 ], [ -93.470264762671007, 40.580184954096794 ], [ -93.459630972125765, 40.57995854894547 ], [ -93.451007976886018, 40.5799122752748 ], [ -93.43158052072549, 40.579970403735253 ], [ -93.412175817542732, 40.580116245229981 ], [ -93.393300902974516, 40.580154963118538 ], [ -93.374378856933063, 40.580324281775923 ], [ -93.355300955549708, 40.580384954143348 ], [ -93.336254089235553, 40.580530155242307 ], [ -93.317432388372836, 40.580670773033539 ], [ -93.298456554154171, 40.580730486681389 ], [ -93.279627601979101, 40.580747489562981 ], [ -93.269150213014356, 40.580869621711805 ], [ -93.260443156130663, 40.58076987303474 ], [ -93.241605881887338, 40.580911381019192 ], [ -93.22253590793153, 40.58116716509705 ], [ -93.203687921194913, 40.5815121861527 ], [ -93.184581441472943, 40.581851211181437 ], [ -93.165573393308875, 40.582206050131859 ], [ -93.146359013529931, 40.582607581858063 ], [ -93.127659701227415, 40.583064970459588 ], [ -93.108775615256306, 40.583638222781978 ], [ -93.097144057354157, 40.583912888179711 ], [ -93.089316900294861, 40.584185249453022 ], [ -93.078904213632001, 40.584451478161384 ], [ -93.071271730859706, 40.58461646609355 ], [ -93.052291832137172, 40.585264766263471 ], [ -93.033470002158708, 40.585779453536823 ], [ -93.014260964882652, 40.586343274941292 ], [ -92.995157162742117, 40.586680525738934 ], [ -92.975851877629992, 40.586991932283183 ], [ -92.956644409000162, 40.587273481997592 ], [ -92.93734552512737, 40.587560318900593 ], [ -92.918214534051813, 40.587710458672461 ], [ -92.899393032290803, 40.587859000890418 ], [ -92.888401990133843, 40.58793578708751 ], [ -92.880336236237554, 40.588031500061419 ], [ -92.861331977439519, 40.58824826638925 ], [ -92.843571405427269, 40.58834762026374 ], [ -92.82451417696096, 40.588437416018536 ], [ -92.805730866087927, 40.588557302103823 ], [ -92.786159974283834, 40.588597704891306 ], [ -92.767001086592202, 40.588731363617256 ], [ -92.748171406701786, 40.588985506822219 ], [ -92.730124789141982, 40.589207906764443 ], [ -92.71454022994989, 40.589467958401194 ], [ -92.711043424547483, 40.589526018853405 ], [ -92.697844821500254, 40.589764147665569 ], [ -92.691879018103492, 40.589812959461803 ], [ -92.67340913963703, 40.590086595260502 ], [ -92.654539236350288, 40.59048060413523 ], [ -92.637863466546875, 40.590808263316596 ], [ -92.635762986705174, 40.590849364567418 ], [ -92.616514694650206, 40.591306737205471 ], [ -92.597364031432036, 40.59167713568602 ], [ -92.578413686067819, 40.592165615715174 ], [ -92.559306988513399, 40.592838784447785 ], [ -92.540164969884728, 40.593330398071728 ], [ -92.520600212528393, 40.593865802200469 ], [ -92.500657172882967, 40.594495162222522 ], [ -92.481257753086737, 40.595024023790558 ], [ -92.462389623039314, 40.595304443735152 ], [ -92.443778119349929, 40.595241924723851 ], [ -92.431018731749631, 40.595522472324014 ], [ -92.425115838254357, 40.595632267923996 ], [ -92.411879015167955, 40.595877162137157 ], [ -92.405857797486988, 40.59598804644255 ], [ -92.392738982250833, 40.59622859702818 ], [ -92.388930232870294, 40.596297267402605 ], [ -92.369956330161529, 40.596719958132887 ], [ -92.350715353258607, 40.597259131678797 ], [ -92.331579508526289, 40.597743243941018 ], [ -92.316616576288368, 40.59815287381312 ], [ -92.312289479907776, 40.598166089264886 ], [ -92.293241805866245, 40.598560168075231 ], [ -92.274549224968951, 40.598885770848682 ], [ -92.2554952335135, 40.599147464428327 ], [ -92.236505791984101, 40.599415543973812 ], [ -92.217578251714343, 40.599676451662788 ], [ -92.208100156917268, 40.599892333525389 ], [ -92.198626297554611, 40.60005523499072 ], [ -92.179592023000325, 40.600318655168927 ], [ -92.148910343666728, 40.600831178178566 ], [ -92.129915655985059, 40.601261899405635 ], [ -92.125394414297617, 40.601398389258222 ], [ -92.111050461133431, 40.601658960893594 ], [ -92.091723580330523, 40.602094358733837 ], [ -92.072881429370682, 40.602503382580679 ], [ -92.05374910918917, 40.603096137164329 ], [ -92.037439614171163, 40.603605651866559 ], [ -92.018179709478645, 40.604092356751167 ], [ -91.998652332610405, 40.604564529782962 ], [ -91.98000203456462, 40.604955626272499 ], [ -91.961617414062701, 40.605256009510498 ], [ -91.942956140215728, 40.605830655251943 ], [ -91.934536742762319, 40.606077090091347 ], [ -91.93443748436539, 40.606076054522212 ], [ -91.927208095275816, 40.606320269186213 ], [ -91.915244525118339, 40.606716415844858 ], [ -91.908621121593526, 40.606918966587223 ], [ -91.896144891318812, 40.607299486145834 ], [ -91.889929673157397, 40.60749414470672 ], [ -91.876966999922757, 40.607898885891466 ], [ -91.870802674714199, 40.608151799264242 ], [ -91.851714551859359, 40.609050605188578 ], [ -91.832355374479519, 40.609857974772304 ], [ -91.813329227154313, 40.610544651005007 ], [ -91.79427041929074, 40.611219689097915 ], [ -91.77571894437574, 40.611887529478111 ], [ -91.756108466507555, 40.612514518951286 ], [ -91.736990233045177, 40.613373060940134 ], [ -91.730963335934717, 40.613569527898825 ], [ -91.729110473922589, 40.613632596449662 ] ] ] } }
]
}
